subject,PCA1,PCA2,PCA3,cluster_kmeans,cluster_dbscan
s002,1.0362992956157677,5.475485262038618,1.7832685264538064,38,-1
s002,0.907221030036627,2.570901871044754,0.9571099573326208,35,-1
s002,-0.44696463361002975,3.53112751046724,0.41789189821320294,7,-1
s002,0.773562982849954,3.4959423046941525,1.7864745146015468,35,-1
s002,0.8599688697746638,1.4953519647920237,0.7078469044584919,35,-1
s002,-0.6059832774020002,2.2855500801496276,1.1349981363947428,35,-1
s002,-0.8275974746435725,0.709545165515039,0.8530469677178221,35,0
s002,-0.10450265788908465,1.0279402526496262,0.7266182083444674,35,-1
s002,-0.5746980254100275,2.1644314658173345,0.4217075003761064,35,-1
s002,0.8368284706555165,1.7741412880602614,-0.1148428468755128,35,-1
s002,-1.703472289021427,1.425440573670966,0.5195357946937899,35,-1
s002,0.2559322450228941,2.2631944619418745,-1.5533824594984322,47,-1
s002,-0.3793866901232104,0.29230660660655144,-0.008163772504807033,35,-1
s002,-1.2956955055847708,0.5686635439848773,0.922919791970706,35,1
s002,-0.6983024489588363,0.6533912718872271,0.7856917540728033,35,-1
s002,-0.4777145859733009,1.0633046041714251,0.4787785355423632,35,-1
s002,0.3017021219438018,1.988278020565474,-0.8697350806941001,31,-1
s002,0.7596252719313488,2.342437879232534,-0.4757002549881351,50,-1
s002,0.22149634497008822,1.6220375529174644,-1.4628479937374947,47,-1
s002,-0.7249866540955383,0.4296497823820262,0.44497313585921433,35,-1
s002,-0.4759013814737043,1.5133261106232567,0.6607911342267995,35,-1
s002,-1.6594142202167115,1.4224815015593042,0.16409229719797241,35,-1
s002,-0.5502549483108674,0.4238767943990887,1.0332691706034773,35,-1
s002,-0.7824406689720774,1.3740227295027172,1.0234477116473728,35,-1
s002,-1.0180383871556644,0.516197071802759,0.4464323529773766,35,1
s002,0.624896522891122,1.536802358684362,-0.5115038964373662,35,-1
s002,-1.2929166225149784,0.9488867025131099,0.6066926074932524,35,1
s002,-0.19895718601402165,0.584405762317714,0.8157235495070071,35,-1
s002,-0.24293185845485987,1.4819991533284194,0.7596138710353252,35,-1
s002,-0.7592254592140035,0.6822575256743652,1.0619513144034873,35,-1
s002,-1.4999209638935582,0.4958979686372987,0.2737680502545336,35,1
s002,-0.4545442046755056,0.9812534034917991,0.4939791864020495,35,2
s002,-1.4594889367190245,0.6964057852694235,0.6604227869942756,35,1
s002,-1.1552143206134504,0.7618092147231413,1.2480416727631205,35,1
s002,-1.9109090748848994,1.5688441122841212,0.11554633255693535,27,-1
s002,1.1254434822809267,2.0916890834410333,-0.47165505579088973,35,-1
s002,-0.5683494301278634,2.056197366494245,0.5683306935109536,35,-1
s002,-1.272168777400563,0.9584843780378742,0.6116529533864372,35,2
s002,-0.27946662988829013,2.4518772442840953,0.972668770735938,35,-1
s002,-0.7203579311871032,0.7667275424631551,0.5407600568775673,35,-1
s002,-1.5572946252865305,1.0283123452120233,0.6842494676999497,35,1
s002,-0.5227909798048949,2.0870365740248116,2.202067237073519,35,-1
s002,-0.9106765040296749,3.52788020750124,2.749771949963923,35,-1
s002,-1.3373757656027516,0.16179159460620296,0.7543104006186823,35,0
s002,-0.6904957054903065,0.11769053332324049,1.1091910019820657,35,-1
s002,-1.180012522077395,0.5040935413816081,0.645808644627297,35,0
s002,-1.7986393719272002,-0.7400202535116349,0.7515419656965571,9,1
s002,-1.4003708085493063,-0.29842936513562396,1.2585291688958147,35,1
s002,-1.3627341045929109,0.10164830338127602,0.3706974386212128,35,1
s002,0.30019649706598006,1.4160210290669097,-1.6837696015749102,16,-1
s002,-0.8710968422485927,0.4918772951110912,1.03883701575776,35,-1
s002,-0.17650210393862967,-0.2335192966529455,-0.3826323693079826,35,-1
s002,-0.5286110112377486,0.29033069084016,0.34431358100007076,35,1
s002,-0.201091888739177,0.5152931552544138,1.8173795283834064,52,-1
s002,-1.2403676761911293,0.5228859437965694,0.527287253354365,35,1
s002,-1.2982318799212573,0.20022349797502217,0.6274509353674538,35,1
s002,-1.2530205809389356,0.9910975204077528,0.15485700529227184,35,1
s002,-0.25263947173805845,1.3458863693508178,0.06798329037575566,35,-1
s002,-0.7428182835977638,0.6977768819823987,0.6958783707842422,35,1
s002,-1.2300992110370381,0.21383181430442888,0.7239807664476235,35,-1
s002,-1.2216246999071387,-0.3830235915345692,0.4542145157707067,35,1
s002,-2.0270079050210823,-0.12751297115026078,0.27838307445306054,9,1
s002,-1.5643091797458333,0.2120340836538404,1.2441049312332821,35,1
s002,-1.8249812449228084,-0.07757161298350988,0.506725303764356,35,1
s002,-2.0115387400351397,-0.19068312681714356,0.39325477861214814,9,1
s002,-0.5928796771949834,1.1974663590344863,-0.004644695371933003,42,-1
s002,-1.7402057341427455,0.06827787016255624,0.843391190355575,35,1
s002,-2.246355603271269,0.2419547255975986,0.5848997917307202,35,1
s002,-1.9123944840832936,0.34228693834571905,0.4987516927663146,35,1
s002,-2.026159927138636,-0.01188524131293239,0.41180120774796,12,1
s002,-1.6047256245145203,0.26374152260288475,0.8757572903936843,35,1
s002,-1.430488644846496,-0.05361926878346977,0.3289269903465513,9,1
s002,-2.0961021066903927,0.4265799910461048,0.4505026401062924,9,1
s002,-2.0285164609472703,0.3050339372474021,0.8235149555671398,35,1
s002,-1.429954273722464,0.5500557228477371,0.4769671035472817,35,1
s002,-1.7212326317964208,-0.2473871160557634,0.15562610342762526,9,1
s002,-2.0629613832928335,-0.17962885463861208,0.12584659782245686,9,1
s002,-1.9705248802018496,-0.26709019306616477,0.54986315935104,9,1
s002,-1.4794635764922368,0.46990408400767625,1.0074131297024576,35,1
s002,-1.48663223352753,-0.22240670596547502,-0.12226122270282294,9,1
s002,-1.408733568709204,0.4016331996673216,-0.029394245437198367,9,1
s002,-1.567275714746624,0.20673455525749876,0.05911015543363973,12,1
s002,-1.7867968049429008,0.40649947904775297,0.48418050175917743,9,1
s002,-0.17865012597814103,0.7798393030681927,1.818001210081801,35,-1
s002,-1.3431693708130137,-0.3810572848880247,0.8709470361046382,35,1
s002,-1.1220241966450395,-0.36297909211412044,0.4470274575077982,0,-1
s002,-1.3850862941863475,-1.815824068339469,0.08296078392390878,55,1
s002,-1.5228003254766742,-0.634299992948436,0.1767501996112577,9,1
s002,-1.8129207910720844,-0.512548451759695,0.23101242958428184,9,1
s002,-1.4564477514348397,-1.2620381392793871,0.3189519076572508,9,1
s002,-0.7688625254823196,0.7864053994054883,0.6490872374463169,44,-1
s002,-1.3139341818686092,0.13110386998250634,-0.07113799301177101,9,-1
s002,-1.4139456414936684,1.4124684122444846,-0.5817699013832357,9,-1
s002,-2.0136341591161004,-0.3819367710751595,0.47953175307226487,12,1
s002,-1.8215147829230105,0.2536112952237865,-0.040201152349778696,9,1
s002,-1.389931515806219,-0.25010533689090847,0.404525556282127,9,1
s002,-1.6735772307479586,0.7313147417467027,0.34604293716849965,9,-1
s002,-1.6933206629959807,0.7320723235100841,0.009976431997263923,1,1
s002,-1.4465239968076675,-0.0275730439986529,0.4622917783138335,35,1
s002,-1.6874757484027092,1.0734079718856668,0.9743998705969533,35,-1
s002,-2.2016735791069206,1.335704833114649,0.40801436680058634,1,1
s002,-2.0284327334900945,0.9048649843626942,-0.3036263631070784,1,1
s002,-2.227821125228822,-0.014360369184515937,0.3241465656375829,12,1
s002,-2.3006336556999774,0.35048224402315675,-0.43762159748700213,9,-1
s002,-1.93086250838817,-0.261609025804672,0.01880943131733388,9,1
s002,-1.950518507201035,-0.2146069556508835,0.006776317654979594,9,1
s002,-2.2351265939607265,-0.054864646992359184,0.3289484443241506,9,1
s002,-2.42429595962265,0.728453374879838,0.5450572846052075,35,-1
s002,-2.4774182219396597,0.3761396328214577,-0.13402331950916568,9,1
s002,-2.442778042382995,-0.07758214387355974,-0.14928897606201358,1,-1
s002,-1.8362850210580612,-0.5672119847912992,-0.17959889793305087,9,1
s002,-2.7355319484254883,0.9863750929761682,-0.0002060782880078098,9,1
s002,-2.6461434572015676,0.5228789738477749,-0.3260088003978389,9,1
s002,-2.651240842325938,0.43305841097640135,-0.3010624693896261,9,1
s002,-1.8829974745809535,0.5883074878065274,-0.096028735628327,1,-1
s002,-2.632897864526534,1.0031044051397526,-0.2573576533154244,1,-1
s002,-1.3700226936433726,-2.132923746389608,-0.034455286482228446,55,1
s002,-1.5936543749490921,-0.862478390795083,-0.14298044939515595,9,1
s002,-2.1569500306725966,0.14059417444255842,-0.9215419518894226,9,-1
s002,-1.4435251508688294,-0.7536139320726594,-0.6084887133406538,1,-1
s002,-1.7897986017304268,-0.9757522780400537,-0.5297580388129615,9,1
s002,-1.4955299297121747,0.4978902323832961,0.2847953790910181,35,1
s002,-2.12233645919097,-0.2311304115840066,0.029499232717920168,9,1
s002,-1.7672102961954834,-0.6068403922217737,-0.05535353839543191,9,1
s002,-2.0143126753716443,-0.02462325751374536,-0.22856801327336015,9,1
s002,-2.1166549565382526,-0.6259029541728974,-0.34605895120990116,9,1
s002,-2.098210586051837,-1.081837399225328,-0.4818470063029965,12,1
s002,-1.852142539444879,-0.8465645033764634,0.1499027128701207,9,1
s002,-1.6687585769783102,0.31129375759361516,-1.6184616134997594,9,-1
s002,-1.7426490070517735,-1.1518653106602401,-0.42867004073554277,9,1
s002,-2.0264739145955626,-1.2275228669618679,-0.40770709199221844,9,1
s002,-2.360113389445638,-0.4268010304288139,-0.19431055140505857,1,1
s002,-2.11812194829962,-1.076753429542936,-0.0684868432261822,9,1
s002,-1.9323059248985939,-0.9164272075154917,0.5918959481136082,9,1
s002,-2.1379708833315285,-0.8552589272476274,-0.10744405832441259,9,1
s002,-2.40543137957897,-0.8015838591100904,-0.0564465109267939,9,1
s002,-1.4502063110776875,0.6240083986112318,0.345983419087982,1,-1
s002,-2.1453998222549298,-0.7777739913351657,-0.3946500278180002,9,1
s002,-1.7954915396371827,1.0811999761438773,-1.5154980330417167,50,-1
s002,-1.6412205327836087,0.539828624188237,-0.9986160970153112,9,-1
s002,-1.7032446379766717,-1.1533120146195681,-0.03998937379959806,9,1
s002,-1.5687007386701,-0.375434325360364,0.24265730692572593,9,-1
s002,-2.1871337024843194,-0.8336112773786412,-0.11201672044681667,9,1
s002,-1.7591132369243203,-1.288121286011187,0.00680443554133335,9,1
s002,-1.802022930961828,0.9161854968719615,-1.1016026204484513,47,-1
s002,-2.0443188442417477,-0.1525440072755679,-0.3237066321907105,9,1
s002,-1.798706079630626,-0.643110414412669,0.4194472380418094,12,1
s002,-1.1649576484419604,1.7102739660182922,1.1554389941424281,45,-1
s002,-2.4295493174914866,0.06638348947464566,0.1124967469513384,9,1
s002,-2.5418248436526576,0.5138212405180445,-0.3364947456975911,1,1
s002,-2.714932089637722,-0.26671494715694016,-0.017285159003208633,9,1
s002,-2.56912158307796,-0.1264216921595621,0.035306320730387836,12,1
s002,-2.6048366358732324,3.4595806707832413,0.35539760756104466,41,-1
s002,-3.2479129947469207,3.4401499819740993,0.13390838041953962,41,-1
s002,-3.4416257029655806,3.351134410801419,-0.0752167053057999,27,-1
s002,-4.611896596128169,5.828210066721783,-0.23889413912985194,4,-1
s002,-3.7094915121989693,4.215831819521682,-0.13804103817958063,4,-1
s002,-3.6243459643377385,2.8880894612577,0.31140668412996464,27,-1
s002,-3.9008079235852815,4.3096321328452385,0.08033876098624033,4,-1
s002,-3.6044209939131386,1.6461435078326385,0.25970426460287643,27,-1
s002,-4.033319025139665,3.5892318285811693,0.31896875481906073,41,-1
s002,-3.250131945796478,4.444483901137282,-0.6526411957588337,27,-1
s002,-4.339657526634139,5.034722563933463,0.3285247321430046,4,-1
s002,-4.590374099308864,4.726590592422427,-0.061211216538461996,4,-1
s002,-3.129364045989158,1.5972281765945144,-0.11740949865010682,27,-1
s002,-4.215930467178987,4.201927223245229,0.8931763480970977,4,-1
s002,-4.2849125615861015,4.534687421160454,-0.6996619752627848,4,-1
s002,-2.346601696913355,4.43066585032662,-0.21107776534219064,4,-1
s003,-1.3950073884142258,3.3955643580686514,0.09656760989797966,41,-1
s003,-1.378150649308002,3.386366339453774,0.5078664015400476,41,-1
s003,-3.0060970016352213,4.441682986795067,0.6559888615966083,4,-1
s003,-0.9989149359722692,4.839228040535072,2.6246668822446093,45,-1
s003,-1.3748740835897928,2.9659082783237554,0.7590395201359895,41,-1
s003,-3.3901773944199154,2.469404403848651,0.49124247506543356,41,-1
s003,-2.5567988996671334,1.6067825803535691,0.41282409882537047,41,-1
s003,-1.431081832436028,2.443673560869071,2.12146606890666,45,-1
s003,-2.496363219181945,3.0346678732319314,0.6089763262806791,41,-1
s003,-2.7200243991962982,2.818872971474687,0.38253263910265367,41,-1
s003,-3.2492569867658436,3.6249014637940715,0.22081827406071663,41,-1
s003,-3.763329317509196,3.2268758364428316,-0.10520231282604658,41,-1
s003,-3.768082306224585,2.7834828578596342,0.542281466354313,41,-1
s003,-3.369461392767798,3.4934724085724054,1.188954608248833,41,-1
s003,-1.6697361227419893,3.529658980502507,-0.009303381517350225,41,-1
s003,-2.6523761329719626,3.062447592064134,1.4373083210079103,41,-1
s003,-3.4730977435451456,3.6011129160835997,-0.7521967515408664,49,-1
s003,-3.2422282679266354,2.7444524145097353,-0.39011624693061897,27,-1
s003,-2.489286074034763,3.7831366699829596,-0.5970025993791508,49,-1
s003,-3.5897857541094247,4.135772804305656,0.7682430911234885,41,-1
s003,-3.659746827683834,3.861224873927902,-0.04963049466316795,41,-1
s003,-3.629056635027016,3.0741170691603443,0.3436326342154985,41,-1
s003,-3.495139395036453,2.981611058041236,-0.4825091022049681,41,-1
s003,-3.7648828424673573,2.5409527267443974,-0.1274975169427548,41,-1
s003,-4.19168020664771,3.4289466848167405,-0.3570273066678981,41,-1
s003,-3.9875499873007607,3.038504147771306,-0.17196369243120307,41,-1
s003,-3.2725243928982444,3.1529903934879586,0.058552449198158066,41,-1
s003,-3.653651200392001,3.8062211821069907,0.352587150898488,41,3
s003,-2.017319878210121,2.3509752335123144,0.2411323749224938,41,-1
s003,-2.6540476935732733,2.5183741286145342,-0.11607816434774673,41,-1
s003,-1.7381602363818607,2.1945784555321852,1.7493962306178596,41,-1
s003,-1.5815459995501022,3.6904565081620104,1.9613727852398026,41,-1
s003,-2.6663634989417937,3.5259693373172243,1.2005215485811433,41,-1
s003,-2.5824325908483172,1.2934229549916767,0.4304468637698675,41,-1
s003,-2.863666406914787,1.3165617387596424,0.3556075392650746,49,-1
s003,-3.219747485840489,1.4189808679098246,0.3843142272667179,41,-1
s003,-2.612331490134857,0.6836591075055746,0.1467941787295746,9,1
s003,-2.771582217036502,0.1533257738770606,-0.12711688249395553,9,-1
s003,-2.8878940351533533,0.6653174330184084,0.04398331818351675,1,-1
s003,-2.838724243257553,0.3861159036454674,-0.1220496968459773,9,-1
s003,-3.0151524570672468,1.8260513843666157,0.3364957183977483,41,-1
s003,-2.894927794702958,2.62673019880252,-0.8661224092485897,49,-1
s003,-3.6241097535755986,1.7229715607319944,-0.24574819573003656,41,-1
s003,-3.3368435600374697,1.999294515936602,-0.11530117014229424,41,-1
s003,-4.036387605382926,2.066984483511447,-0.6252295005150392,27,-1
s003,-3.709874378711132,3.494296784817263,-1.0728499784976535,41,-1
s003,-3.6023461359084505,2.7550902257680754,0.3448296600755235,41,-1
s003,-3.621752264129178,3.513491742721501,-0.7738440773006353,41,-1
s004,-0.11610685968483875,0.8695537830522739,0.7880658378289906,35,-1
s004,0.6439398752515263,1.7119302221149262,2.4339543974111626,35,-1
s004,1.50512257575598,0.9267438797202167,-1.2388191436484695,47,-1
s004,-0.7471465543525756,1.4149491387010291,1.5727802150992893,35,-1
s004,-1.1531016735610002,1.151722213212564,1.0558692224490123,35,-1
s004,-1.0104107805859597,0.44342822672805576,1.9477155184510115,35,-1
s004,-1.7587106212955896,0.48560177356838646,0.390700230601134,35,4
s004,-1.2652461108512778,0.38176666414793126,0.5614110838754214,35,0
s004,-1.4009857175708664,1.802963129274618,1.7567635541082889,35,-1
s004,-1.7665784733518988,1.4402294385113488,1.0421459794816677,35,-1
s004,-0.9900989254823196,1.6655478086526458,1.105651964278828,35,-1
s004,-1.749679250061908,0.659611571053836,1.4325708955315308,35,-1
s004,-1.6193589761163303,1.4174823116247912,0.7571485757154981,35,-1
s004,-2.0079101936246553,1.2857134168984337,1.4246761996205446,35,2
s004,-2.322891006085272,0.5389482481266668,0.30863579990559314,27,-1
s004,-2.8954296210353836,0.871860088397275,0.8668962915686185,9,-1
s004,-2.1041370102719577,1.518272851905598,-0.8085123291670286,1,-1
s004,-0.3517717398817161,-0.0003126500777923203,1.3432090781677557,35,11
s004,-1.2866825362082854,-0.20884257797525527,1.0083587580775355,35,-1
s004,-1.1857985362915586,-0.7090383246601946,1.0974117130290106,35,5
s004,-0.8108616511730667,0.2548315737824405,-0.45522006216430855,50,-1
s004,-1.4330448637958701,0.15864582768834803,-0.37093457944878344,9,-1
s004,-0.7064326049198336,0.5876363010812196,-0.03525394871900952,42,-1
s004,-1.6881860296933722,0.7538066733382772,0.4446406905039894,35,-1
s004,-1.9824343215034106,0.4403898289328845,1.2780471353994565,9,-1
s004,-2.1219095889707935,0.6121001546149809,0.3384398320103141,9,-1
s004,-1.4269223180211157,0.7571196181258976,0.11584363841360878,9,-1
s004,-2.131551641506266,0.08354186311650759,-0.10728564938961055,9,-1
s004,-2.7706839514514114,0.8111633077379923,0.18229486263338876,1,1
s004,-2.7193839412966714,1.0870984664123022,-0.6311138799188948,1,-1
s004,-1.390973596126687,0.2175531949899301,0.4707668622668268,35,-1
s004,-1.425253159394351,-0.5978612929370093,0.5723987144141829,35,5
s004,-2.051298551047355,-0.16914244319419777,0.23251838167611877,9,4
s004,-1.7803628132718519,-0.7444120728156819,-0.6419180592561082,9,-1
s004,-2.148425022199493,-0.723129797150601,0.09516479557331997,9,4
s004,-2.179516883018072,-0.4280135822856934,-0.0017608952225977332,9,4
s004,-2.4418247050482997,-0.08509364194885889,0.3690829296551395,9,4
s004,-2.6558285149129146,0.4460398162933836,-0.49160707683366106,9,-1
s004,-3.4641279493828527,0.4834772587432794,-0.3220744085438891,1,1
s004,-1.9853138829692365,-0.8747788413901834,0.30246962278346584,9,5
s004,-2.533138860246026,-0.011454460662052544,-0.4130563619752836,1,-1
s004,-2.691875643272302,0.19687268357649118,-0.2885686559773425,1,1
s004,-2.3343809354856155,-0.48956501727505564,0.26318914243674885,9,-1
s004,-0.3080063757723213,1.135538540617444,0.5012533790298701,50,-1
s004,-2.6538609683719576,1.451722111579969,-0.7029831499473135,49,-1
s004,-3.2721590313765216,1.0724289270327325,-0.29745136992429705,1,1
s004,-3.38255873474113,1.490103648230754,-0.31137899310309414,1,-1
s004,-2.624620645612628,-0.007483629128201315,-0.11891895720715065,9,-1
s004,-2.672334583046439,0.6123165806317198,-0.3154790126681475,9,-1
s004,-2.774256639409199,1.3496490940099308,-0.47236716952128005,9,-1
s004,-2.9971307538590857,1.354133363936476,-0.3281548362312871,41,-1
s005,6.005242557007298,6.910201730899329,-4.046705827298715,15,-1
s005,3.6009215947220192,5.2256589161578395,0.04434162811500557,56,-1
s005,5.392851002098707,5.275817625409746,-2.503708656049217,47,-1
s005,1.1299437511650288,4.926204100059313,-0.005868098956435432,10,-1
s005,0.9332288757133674,3.1800341904347458,0.8091878102820464,10,-1
s005,2.2979495890264654,5.274322591334411,-1.442148186765248,47,-1
s005,1.1016784356497482,4.157723299421244,-0.176587969054376,10,-1
s005,3.3320630514660388,6.10604121545141,1.0935875878350887,38,-1
s005,0.5225057487279716,2.963593622128112,-0.04884894351836468,10,-1
s005,0.5820302957474123,3.533367816109326,-0.7247142049411404,10,-1
s005,-0.4588761866651616,3.3968462032921374,1.0611342500853909,49,-1
s005,1.2853398233780629,5.3481179199917905,0.6190077474778726,38,-1
s005,-0.5024230724984502,2.8055706213442275,0.6637261373064919,49,-1
s005,-0.38191915311604485,1.8999812840172134,0.6250061782038382,49,-1
s005,-0.23570915751346586,2.0469904306522686,0.9709022536938685,49,-1
s005,-0.38717081064424913,2.6409893652296064,0.17115977479522715,10,-1
s005,-0.07189167121941835,2.716479233059615,1.0595174737375666,10,-1
s005,-0.35071727752298015,3.138549986591883,1.5251078987120399,35,-1
s005,-0.5651221857351463,2.159516292216977,-0.47854555543681754,49,-1
s005,-1.036774745977139,2.0939340031265377,-0.2328350169086898,49,-1
s005,-0.8673336580902533,2.1111796315503297,0.09864647053740448,49,-1
s005,-0.23694102574325274,2.489984908482708,-0.6552047619549197,10,-1
s005,-0.34955773449725247,2.712794308498335,0.5904984335837792,10,-1
s005,-1.0870834218445964,3.1364014242448413,0.3700982016830039,49,-1
s005,-1.0467885078601482,2.477680853764754,-0.06034607877855454,49,1
s005,-1.2349616594819062,3.4788508392763786,-0.028115851741899525,49,-1
s005,-0.9520655748121634,2.5813407700436652,0.25785448060893124,49,-1
s005,-0.6582398767217007,3.7596621014728804,0.04633247654187897,49,-1
s005,-1.2092454712124863,3.152741526406184,0.14967704828915793,49,-1
s005,-0.6108548655844389,2.8322037746141477,0.8361121307772718,49,-1
s005,-1.9279866127954977,3.1504255790264812,-0.20466537389177403,49,1
s005,-1.3367732681018516,2.7627980249861164,-0.43208068763312485,49,-1
s005,-1.1594715824910824,3.3231878635933523,-0.5861881893525592,49,-1
s005,-1.44029354305632,2.8137866295749157,-0.20859551707014287,49,1
s005,-1.8248573431541164,3.1117137021174015,-0.2561909064514949,49,1
s005,-1.3949682067332356,2.740760746789638,-0.15764588310311412,49,1
s005,-1.4625316472455647,3.083989981688182,0.07865936772391624,49,-1
s005,-1.7288670308465492,3.195825868772784,-0.35349329473398877,49,1
s005,-0.629239570229655,2.187038059262788,0.0770674882955832,49,1
s005,-0.9102874367257866,2.1294549876541464,-0.12425467868997189,49,-1
s005,-1.2553253530144415,2.462138962187912,0.27509439015045417,49,-1
s005,-1.4710536817844704,2.4786627669415933,-0.5066579714228687,49,-1
s005,-1.3628942338323768,2.2731133249228113,-0.5297424918227113,49,-1
s005,-1.4713326685132273,2.8207185624748163,-0.7202054919644088,49,-1
s005,-0.9092143981401287,2.5398199990294876,-0.7076793588778412,49,-1
s005,-1.2663901157358854,3.1821565721769574,-0.4452633764970628,49,-1
s005,-0.2203283414712008,3.848414068005801,-0.885883278393156,42,-1
s005,-2.230157707296646,4.108840831478338,0.008429861652913637,49,-1
s005,-1.7133441158839064,3.37131909121983,-0.14344557955269935,49,1
s005,1.6935278410560153,3.9476122181638655,-0.23571404611728133,47,-1
s005,-0.3742708779627185,2.842668956406662,0.8607040843177823,35,-1
s005,-0.8424687172303632,3.0094513700996526,0.19126854264720133,49,-1
s005,-0.4594950958027861,2.9519796134556233,-0.27689450063763493,49,-1
s005,-0.2637550443620341,1.8437653107476268,0.33541709869812725,49,-1
s005,-0.6892369462962865,2.7792429277328607,-0.4045120412814226,49,-1
s005,-0.4248044842731419,3.072600385275599,0.40352444337674703,49,-1
s005,-1.2754726670183625,2.889335476250733,-0.26131658227209265,49,1
s005,-1.2263544576285021,2.9579480183442866,-0.5642591951211556,49,1
s005,-1.4262841590691626,3.9302160557399053,-0.5950986971905248,49,-1
s005,-0.8997520774962389,1.9807486489553519,-0.38847693778533604,49,-1
s005,-1.4312780382307213,3.172547605088879,-0.31473785915672065,49,1
s005,-1.3717743008969392,2.134284441874704,-0.2184332480276245,49,1
s005,-0.5707016911521475,1.1727575230853415,-0.7464613169151734,49,1
s005,0.712620722065081,3.174548361370082,-1.2636442506250232,7,-1
s005,-0.63425597421147,1.6496931236883243,-0.818184244610095,49,-1
s005,-0.20420366199745854,2.4751894398764276,-0.7025889484265069,10,-1
s005,1.3325957648386941,2.9460457761469545,-0.7003815696674116,32,-1
s005,-1.4132173099350998,2.048594574594451,-0.38121537783799764,49,1
s005,-1.6314279253518464,2.251501587408842,-0.30176164965743185,49,1
s005,-1.1025199695815393,2.3358909503726513,-0.27442798277993036,49,1
s005,-1.2237590634138105,2.5223036172475832,-0.21240607476147527,49,-1
s005,-1.899390102660614,3.997849955452143,0.2658163320833091,41,-1
s005,-1.2957837871386666,2.2310239350378875,-0.6048530489412919,49,1
s005,-1.3831416821354752,2.5201437081125393,-0.08266719680153749,49,1
s005,-1.7604983029077261,2.680266610243731,-0.44708527007249765,49,1
s005,-1.562911648255216,2.266518243566752,-0.3618669929699996,49,1
s005,0.4465959829091688,3.663329900812665,-1.7358679325252957,10,-1
s005,-1.74277958441026,2.5071269609114353,-0.5124732481976018,49,1
s005,-1.8171364717175356,2.838577875800514,-0.38394492331265523,49,1
s005,-1.522572572345836,2.430175605049901,0.31069601148162784,49,1
s005,-1.2761983614527281,2.0536910092324794,-0.49426360702001076,49,1
s005,-0.6316692243108561,2.2707714630647664,-0.37118919301742925,49,-1
s005,-0.3449199385169774,2.887662609701104,-0.9521522153600245,10,-1
s005,-0.44683963857143116,2.165011752190994,-0.4461337939643314,49,-1
s005,-0.779644220067993,2.5156369678028465,-0.2485874402686197,49,1
s005,-1.2692905136927835,2.6662133166707327,-0.13149618089771076,49,1
s005,-1.1535888424253256,4.087448011989597,-1.198408937580771,49,-1
s005,-0.8750332576860541,2.878718939760496,-0.8358429261117984,49,-1
s005,1.1786194574769384,4.970104008116292,-4.456122942743888,30,-1
s005,-1.7180153258779094,3.560645516094241,-0.4125979511711437,49,1
s005,0.026280747037205506,2.062871808378539,0.827124691818455,37,-1
s005,-2.327268264721689,3.437610514493124,-0.3868889999513837,49,1
s005,-1.9739996004045133,3.609795867747067,-0.21764252080398433,49,1
s005,-2.1447556865105035,3.132126654190182,-0.557025809118433,49,1
s005,-1.7065100683917538,3.847704270812102,0.9320141079275865,41,-1
s005,-1.7251234227172099,2.820892774156111,0.06248875681351746,49,-1
s005,-0.490115893170104,4.7086006312296576,1.3236348635407647,49,-1
s005,-1.5569096720263074,2.8393833354051186,-0.24672596194703142,49,1
s005,-1.6081052995486125,3.1640245136986938,-0.24670973636946555,49,1
s005,-0.6330670543738216,3.2487230499148496,-0.5073541243025768,49,-1
s005,-0.21999536721970556,2.718068876100693,0.4555859599879982,10,-1
s005,-0.9536730584822772,3.2906327605023122,-1.1937158586333436,49,-1
s005,-1.0327441268042588,1.8348438147959356,-0.2700270401088787,49,1
s005,-1.0348432907464045,1.1677914942383931,-0.3853546750325067,49,1
s005,-0.3487163133750112,1.86126898767398,-0.8124758887622129,49,-1
s005,-1.2435434933422564,1.9125855936331422,0.34565677257870286,35,-1
s005,-0.8699663446431816,1.4890437073873812,-0.23923899620370245,49,-1
s005,-0.4310477138343106,3.040858107989783,1.2135811450745644,49,-1
s005,-1.0916995085175623,2.103373636449802,-0.5345784441776426,49,1
s005,-1.2943403551515167,1.38453056361729,-0.42513177983665473,49,1
s005,-1.4905480215481914,1.4648859647520214,-0.4312937914253497,49,1
s005,-0.052187651116668156,1.658745874141211,1.054555411310915,14,-1
s005,0.09743609059989324,1.5970210578894848,0.9152772298572551,35,-1
s005,0.5287231789768159,0.7756909351928518,-0.46658687935656507,10,-1
s005,-0.03532023064696297,0.4185187993773669,-0.40345587296137425,6,-1
s005,2.5696616371565253,0.9883454160093411,-2.7900774474698915,47,-1
s005,-0.2980094283855381,0.3356540446351424,-0.44857420013173244,6,-1
s005,-0.6129301654805998,1.517653742641651,-0.23739215335420435,49,1
s005,-0.03956512423882031,0.9290424406936152,-0.3738262667345459,6,-1
s005,-0.19463866941537308,1.0893628766358256,-0.5106828519330895,49,-1
s005,-1.0893617319502418,1.8218170185742097,-0.37898299808006436,49,-1
s005,-0.4707110360360795,1.9335304261783843,-1.0227867546249552,49,-1
s005,-1.503174821111326,2.7428897160431736,-0.7277032622116615,49,1
s005,-0.9860512214068733,1.9076514703666234,-0.4288813730296388,49,1
s005,-1.4628501302766974,2.506186939464868,-0.5443102919728242,49,1
s005,-1.6806486432284953,2.8449327737599144,-0.5998351346609152,49,1
s005,-1.385890551781856,2.66812025222581,0.13478481039500154,49,1
s005,-1.367161149825237,2.5785509116932483,-0.556667390354046,49,-1
s005,-1.8370799080331512,2.034001606968397,-0.4265813964209902,49,1
s005,-1.942264384514709,2.7347293273435165,-0.6206590452211812,49,1
s005,-1.363637315711705,2.2549842347098834,-0.30052265359046043,49,1
s005,0.25853106916104457,2.1116637694740685,-0.16266762096255813,49,-1
s005,-1.2136565412970972,1.8402000295603185,-0.6616993785544385,49,1
s005,-1.4551564793634906,1.7910478633070621,-0.6189976289136006,49,1
s005,-0.46437358266981854,1.8150600208435255,-0.664851125037164,49,-1
s005,-0.9700428473245678,1.2619884009973081,-0.4517293984791847,49,1
s005,-0.9574884157320872,1.817030339892667,-0.4388074273137519,49,1
s005,1.4940771032977238,1.68149437435805,2.3390400502556346,37,-1
s005,-1.3477582205935092,1.7845362297558305,-0.37043794851021294,49,1
s005,-1.5020292803510336,2.031689179938036,-0.2718995014330416,49,1
s005,-1.0164978366999105,2.359026666674577,-0.46800684928860836,49,1
s005,-1.28648559693938,2.6823504571497905,-0.5333341735608875,49,1
s005,-1.0229523030380894,1.9737112847366807,-0.9575239039485024,49,1
s005,-0.9868948689975917,2.1901322341002905,-0.9089225444969814,49,-1
s005,-1.4563276525377296,2.3892816850575205,-0.6051075274460251,49,1
s005,-1.357090443213834,2.3679916908509067,-0.8101530300547776,49,1
s005,-1.4575919723334263,2.26264354412696,-0.7587984037095842,49,1
s005,-1.8092613328692002,2.8154198340547487,-0.7347206794900734,49,1
s005,-1.0368236492068308,3.4568300385652053,-0.22870064777677546,49,-1
s005,0.30128013235106493,2.467180038818399,0.7567274253290761,35,-1
s005,0.6362394144841513,0.881408319511334,0.25433816351896854,44,-1
s005,-0.15255305712151324,1.7835709075043296,-0.7131170133086167,10,-1
s005,-0.41277006400671556,1.5460210901781155,-0.3503114360079489,10,1
s005,-1.508824973471855,1.886325281380017,-0.3600410883307646,49,1
s005,-1.2293835302541765,1.4767815836477565,-0.5246948101865025,49,1
s005,-0.9568201189203307,1.7223463710255924,-0.2519788052478125,49,-1
s005,-0.9886702163227495,1.845216812068989,0.36040811086333185,49,-1
s005,-1.2762571167987382,1.701084268308175,-0.3703422435023553,49,1
s005,-1.1314210895354713,2.0363153191325365,-0.21474887519235933,49,-1
s005,-1.7380778482936816,2.3388719674515075,-0.2804532530310918,49,-1
s005,-1.3895860524226498,1.7553579622559294,-0.3051107128492369,49,1
s005,-1.4916845892878368,2.4671874974205554,-0.024496776332467687,49,-1
s005,-2.0864341661805983,2.118618312379096,-0.10467782860655105,49,-1
s005,-1.8976508186040457,2.3919600282601587,-0.5872177590465969,49,1
s005,-1.5239879460704333,2.3563668839479988,-0.4711565372756393,49,1
s005,0.36531106174648,3.972263150054646,-2.6992130918077972,49,-1
s005,-0.34708613567737234,1.2508342037402465,1.178350397379602,35,-1
s005,-0.6492299130835567,0.4068581631307557,-0.47376822623566883,9,1
s005,-0.9041925899626179,1.5258090178388228,-0.46297533960712334,6,-1
s005,0.20248842306192633,1.0526501522657417,0.2408598423993509,49,-1
s005,-1.5451530236816478,1.6211183292960614,-0.5335288905296909,49,1
s005,-1.646631514555763,2.0047688902400735,-0.42528082739729856,49,1
s005,-1.5008806416464457,1.3217598555101617,-0.4343791060700137,49,1
s005,-1.8070559561671993,1.9226119399891692,-0.42738092695538815,49,1
s005,-1.683838025736649,2.037920936717435,-0.4780275800749819,49,1
s005,-1.2413754622948925,1.3233871371742982,-0.5785221348485738,49,1
s005,-1.5988572958670149,0.9901911715699714,-0.3543327050483707,1,1
s005,-1.240725720020766,1.4209496936755261,-0.662464038564024,49,1
s005,-2.4583935143249573,2.8180768562910883,-0.24342872430691428,49,1
s005,-2.02359615151367,2.1761179481166004,-0.21277980779206204,49,1
s005,-1.5872819982970727,1.3959678194449086,-0.1389465663660206,49,1
s005,-2.331464168201969,2.573127173379702,-0.5106468951623406,49,1
s005,-0.6975091455037827,2.6025846621578976,-2.034550635860055,10,-1
s005,-2.0533570941841344,1.660090060455183,-0.42353608034285045,49,1
s005,-2.5080419099394002,2.2382681977129373,-0.1580274244391445,49,1
s005,-2.5663632609625413,2.6912380157415794,-0.17568853469512005,49,1
s005,-2.477142313837913,2.8503043981426766,-0.37793856375789037,49,1
s005,-0.5304091449148434,0.713826125032419,-0.8839489006126334,49,-1
s005,-1.1707724503686654,2.3135799044871037,-0.23683826317507112,49,-1
s005,-1.6276358683581271,1.6430026152964414,-0.2281971878352143,49,1
s005,-1.7667638728720079,1.7571837055998127,-0.2830118551717718,49,1
s005,-1.263664857870492,1.6838340407279286,-0.598662817855709,49,1
s005,0.7272969231228698,3.5024207050224296,0.6348541358146718,49,-1
s005,-1.7394664488116884,1.642169186385363,-0.07625272559118391,49,1
s005,-2.304992139329939,1.984097201718106,-0.2826983204810784,49,1
s005,-2.276496351030567,1.928014917146803,-0.4609658297571387,49,1
s005,-1.9665684852030056,2.2159482072260843,-0.47710678718655364,49,1
s005,-1.4345175630482287,2.3533068631283838,-0.6304107618491797,49,-1
s005,-0.3664931968726373,0.5311864236091456,-0.32260906538112516,6,-1
s005,-1.167586928883146,0.8998005788626243,-0.31882015658371315,49,1
s005,-0.15711940630881457,1.7150788532569807,-0.0982808667203463,49,-1
s005,-1.8204523717421697,1.7809215964295881,-0.21340534197416927,49,1
s005,-1.591359424421141,1.1704506825932888,-0.36854208786723364,49,1
s005,-0.9110625351944173,-0.05237316208865649,-0.25744872809263913,6,1
s005,-0.7757315390911472,0.8234287194892477,-0.3415219444004899,6,-1
s005,-1.3124327882144895,0.8700530848832653,-0.20741966405218815,49,1
s005,-1.1493559869968377,0.2149361974373134,-0.13152954171972062,1,1
s005,-1.390814949690632,1.525827105767742,-0.026922953433792744,49,1
s005,-1.2719586379784442,1.0491591573977304,0.0794730671227181,1,1
s005,-1.9749646960637202,2.048481504229082,-0.16556887728689318,49,1
s005,-1.2493146557874775,1.1330853109158148,-0.32376940841672247,49,1
s005,-1.2370765877404806,0.94245611557183,-0.5255316774534512,49,1
s005,-1.5833758778490084,1.0894305571739662,-0.19331657048181647,1,1
s005,-0.12456933097611325,1.391332293169539,1.0405542493878694,37,-1
s005,-1.1572241481679062,0.6832464612029281,-0.20436226477824726,1,1
s005,0.0710146356500626,2.0756696652351856,0.7373465649181534,37,-1
s005,-1.0614565897211694,1.370307927677508,-0.5320459231850673,49,-1
s005,-0.7654645322641893,2.38084227537535,0.378159295911316,49,-1
s005,-1.1864540875366116,0.7845094330901009,0.006009934477612169,9,1
s005,0.17696899280592004,1.4047278890991537,0.4105442297979392,37,-1
s005,-1.520805991211139,1.0908461535197365,-0.20509760973015098,1,1
s005,-1.047056873273755,0.8346075742643222,-0.0885715381885641,1,1
s005,-1.1808697273513742,0.9494069287021754,-0.3317017866831259,49,1
s005,-1.539964373687202,1.2624513357185285,-0.3639813867089895,49,1
s005,-2.2616886918220933,1.8816088853308883,-0.24912602710019863,49,1
s005,-2.418979452012124,2.5012397253610468,-0.48954537470400916,49,1
s005,-2.390780278445243,2.0978711000405097,-0.2681184779145078,49,1
s005,-1.6772513649253555,0.9552542537794959,-0.32808362018497306,49,1
s005,-1.9312315462618985,1.8261390924889598,-0.3549200168998453,49,1
s005,-1.3830682749395653,0.6147437859482968,-0.314975778371686,1,1
s005,-2.1472677882562086,1.7218255824594428,0.13816221594141634,49,1
s005,-1.9727884122212613,0.8419473248685112,-0.20766546270531722,49,1
s005,0.5186882274710901,0.9590543498950633,3.608776570579401,45,-1
s005,-1.0145659958834647,1.0055755857523492,0.20187444698571336,49,1
s005,-1.1075019776337351,1.613220630827809,-0.3377861850057318,49,-1
s005,-1.8985308138767991,2.047229078649391,-0.1659188738032714,49,1
s005,-1.8499251404302997,2.4611530946248346,-0.2693609361605176,49,1
s005,-0.4056095345092964,1.8675474824326814,0.057664094877434624,37,-1
s005,-1.2444581817523896,1.2361777341667095,-0.45147725240104614,49,1
s005,-1.6678612752310187,1.8698796794196066,-0.33477843392375606,49,1
s005,-1.6757616695822408,1.9026262028406329,-0.5120625145086481,49,-1
s005,-2.1135440910413603,1.7022597604368839,-0.2958719120941249,49,1
s005,-2.8144666579607778,2.658354898504432,-0.29656795615452425,49,1
s005,-2.024891659488736,1.870598524187546,-0.19617140940270233,49,1
s005,-1.3320464911258054,2.0425845890995156,0.4095190811755134,49,-1
s005,-1.7288600427885734,1.1358232058183453,-0.15065351297351365,49,1
s005,-1.2764857783232537,1.2444288464596176,0.9616590818998711,35,-1
s005,-2.4686973557438043,3.2452015067951456,-0.14893820913689548,49,-1
s005,-1.9514510592903342,2.8893154806816836,-0.2775178116017189,49,-1
s005,-1.2786750317812503,1.7070430824700322,-0.6397845854658801,49,-1
s005,-1.5529007080869335,2.951823108214457,-0.3813070378714019,49,-1
s005,-0.6999007324649009,3.4889236116542204,-0.6236153201895538,47,-1
s005,-1.8740449699156525,2.4476124120118588,-0.26454784043112384,49,1
s005,-1.653767066189381,2.1412567334430808,-0.4216615803111986,49,1
s005,-2.3392509951741105,3.1424649734818813,-0.32094003351756645,49,1
s005,-1.8960545958124897,2.521004212062118,-0.45413803078293097,49,1
s005,-1.9685162868048087,2.356900676945864,-0.46173510085298836,49,1
s005,-1.119838574485491,1.3166877392156595,-0.7083343375449758,49,-1
s005,-2.071033205391134,2.5791513599215685,-0.5055199861703933,49,1
s005,-2.297743910853542,2.5861266005277574,-0.3782593741328599,49,1
s005,-2.4520434064017422,2.9134446062540675,-0.4969457708660513,49,1
s005,-1.4252956367885807,1.4431800788397644,-0.5354969374861808,49,1
s005,-1.0055987138568272,2.9008934427385933,1.724262947745839,35,-1
s005,-1.6829012129675653,1.8650795224953791,-0.2238418216200225,49,1
s005,-2.029182255136681,2.3935943024723283,-0.30103469406564876,49,1
s005,-2.483681155715218,2.3417074971807845,-0.4682015417148415,49,1
s005,-2.3610413160709505,3.1659152975101295,-0.003265725808296249,49,1
s005,-1.812985213830618,2.448112239929783,0.522829918643236,49,1
s005,-0.8241973167141077,2.274894090485631,0.2169088017024363,49,-1
s005,-0.06753995970732177,1.9968450197079148,1.1208314273462006,37,-1
s005,-0.5042234993271137,2.717777111438405,-0.33756844834979666,49,-1
s005,-1.473930575088196,2.180864698342805,-0.1436119297192692,49,-1
s005,-1.9607002424105573,1.6952585101987714,-0.20710080365760236,49,1
s005,-2.1772006409932745,2.3069105196113515,-0.3836256813369347,49,-1
s005,0.7328495327308476,2.582828801798855,-1.5676970337782403,32,-1
s005,-2.469562692662028,2.751727125352222,-0.6464922477398322,49,-1
s005,-2.2366828135049697,2.322844529513017,-0.27272090351985473,49,1
s005,-2.507698049861626,3.0368068371825445,-0.4573835595827463,49,1
s005,-2.4757678253871314,2.660457211705586,-0.23227935157628724,49,1
s005,-2.485596780456088,2.7651857760558727,-0.420037992996795,49,1
s005,-2.747309792221057,2.892066327423743,-0.4376219776842834,49,1
s005,-2.8060193385684267,3.3093308866977744,-0.13849465299942038,49,-1
s005,-2.1248185628872713,2.622607015154727,0.09137780516611232,49,1
s005,-1.73367060966511,2.491454620577651,0.1466157774051726,49,1
s005,-2.4354247739251855,2.531371124524837,-0.1912377083498772,49,1
s005,-2.8564501980793873,3.1735969386494975,-0.16023716493072165,41,-1
s005,-2.4850680198003157,2.524812690307214,-0.4810864744635413,49,1
s005,-1.2696264898979115,1.4142281665040284,-0.23102023179098588,49,1
s005,-1.1436210362042205,0.9941678004862643,-0.1763698903147522,49,1
s005,0.3016717476160588,0.9455704213436709,-0.5117325063860829,40,-1
s005,-1.3322318126667276,1.314349194983479,-0.274895503199835,49,1
s005,-1.3512835475039642,1.1614351914332475,-0.5712761246488222,49,1
s005,-1.5876577944179309,1.384923030213871,-0.43239589553183566,49,1
s005,-1.370640792895981,2.573172094314512,-0.33490073554612515,49,-1
s005,-1.2980880866628204,1.775930366525026,-0.1709226539452034,49,1
s005,-3.4040515602879045,3.6602501373194998,-0.34368259798126766,49,-1
s005,-1.6676212066541831,2.737552067016848,1.0070023953772587,49,-1
s005,-2.1841975538234517,1.6128534990905556,-0.05728515680025079,49,1
s005,-1.7649469355091225,1.5168922471484425,-0.043915782607014675,49,1
s005,-1.8807818872499908,1.2072827901966554,-0.2740190858814228,49,1
s005,-1.7422802987362798,1.7622929934021827,-0.3114574195059081,49,1
s005,-1.9165167686027254,1.2180967620532843,-0.17320105722134582,49,1
s005,-1.568556142129798,0.5055515238863199,-0.4097676643189761,1,1
s005,-1.6061394868801593,0.7157258432897131,-0.560227968312259,49,1
s005,-2.166409055545516,1.2673903750253552,-0.25784071558500604,49,1
s005,-1.7616305890481536,1.5253592104159672,-0.7142990796234631,49,-1
s005,-2.4563732118488133,1.596457691878042,-0.3910119511311735,49,1
s005,-2.4143286513561435,1.6954268048675287,-0.4005674815300865,49,1
s005,-2.3148827902889413,1.7874241699364284,-0.41842434475860096,49,1
s005,-2.7880942471780044,2.27492335628604,-0.4328028927587495,49,1
s005,-2.0693149069102836,2.2139705443312985,0.23610219214574996,49,-1
s005,-1.9193318693664656,1.7373288919399514,-0.012105039855101278,49,1
s005,-1.7944354045176873,1.3274963341672539,-0.08961969741896017,49,1
s005,-2.141378972631256,1.502202972652663,-0.12985287761907627,49,1
s005,-2.4683799344084094,2.249705959697603,-0.21520504675488702,49,1
s005,-2.3355670721855324,1.8153063803780447,-0.5039423854603555,49,1
s005,-2.8224504644582407,2.0459777146774645,-0.34084473662981896,49,1
s005,-1.636833564765655,1.6545733034233816,0.7154494667549696,35,-1
s005,-2.7103816290490004,2.016886681448021,-0.3652881348894742,49,1
s005,-1.468710980108836,2.621079153357973,-0.2287180363450247,49,-1
s005,-2.1933461703651647,2.1729214115490816,-0.4746460998562,49,1
s005,-2.6718037298450765,3.0862642252646175,-0.5244174915691715,49,1
s005,-2.857046215844401,2.9642366898675836,-0.41435821566287206,49,1
s005,-2.1280950288373863,2.0833019496691194,-0.48386179582154315,49,1
s005,-2.8757002039256054,2.722754737794057,-0.4200056527511265,49,1
s005,-1.0497435230378895,3.7450632710054377,-0.9693011263307555,49,-1
s005,-2.8361237538894186,3.7889887043519686,-0.5124414895983592,49,-1
s005,-3.073275575441048,3.6321432460788476,-0.5096816701988985,49,1
s005,-3.1571757511959904,4.02329001698792,-0.6726842510551564,49,1
s005,-3.006788072511327,3.211172442383083,-0.5163855379122737,49,1
s005,-3.197812532158856,3.1928168260253615,-0.5514816059606712,49,1
s005,-0.6808723804060631,1.113091180655838,-1.0130068340494185,49,-1
s005,-2.082986483850148,1.8209356794815217,-0.10068183759610733,49,1
s005,-1.8232315576195806,1.5335757815374307,-0.3153134814988334,49,1
s005,-1.7273780490211486,2.413209595102823,-0.324163388747551,49,-1
s005,-2.4154846982112326,2.452084466664989,-0.40356810000465215,49,-1
s005,-1.2624343761301642,1.3731417712165639,0.3680543245773193,49,-1
s005,-1.1849627098836366,2.0471424569030168,1.3839513137882935,35,-1
s005,-2.5355129142383164,2.3597588066417567,-0.49028262093303443,49,1
s005,-2.061898557128569,2.500664484797454,-0.572956647139434,49,-1
s005,-2.4275158665134287,2.455881632546771,-0.3558933371619158,49,1
s005,-2.325851205854475,2.299039894527452,-0.17597350939112488,49,1
s005,-2.3460927951199606,1.938197441415079,-0.4096377346145194,49,1
s005,-2.386775029984373,2.1920356511916235,-0.43844283132221207,49,1
s005,-2.3597748958368077,1.8444091730187848,-0.5934439158675855,49,1
s005,-1.3364736187563877,1.4546523523671224,-1.3068168764411585,49,-1
s005,-2.8079298409174775,2.5863278110500225,-0.38498240646144927,49,1
s005,-2.8208812626981685,2.389258407476258,-0.495570957967187,49,1
s005,-2.8249882759926632,2.410786136010878,-0.5255956393859819,49,1
s005,-2.4943610559230156,2.6716557044993405,-0.5991855748078871,49,1
s005,-2.7000902551295187,2.6906461061479217,-0.4991058945321014,49,1
s005,-2.1984706675537242,2.1224437136707164,-0.3720708485962395,49,1
s005,-2.121786241182621,1.8901904487533419,-0.39610307636203224,49,1
s005,-2.291490315872183,2.4902684839679363,-0.5858493463942837,49,1
s005,-2.8252684165357063,3.048659433712305,-0.5659444131568829,49,1
s005,-2.4003726143141217,2.2047602959881347,-0.5911267560291655,49,1
s005,-2.4708236345694163,2.594393160003701,-0.5833626515424677,49,1
s005,-2.118566345869575,1.7814909141913267,-0.6425716384748618,49,1
s005,0.08699459216595033,3.324433571465931,-3.7414159582525217,30,-1
s005,-2.413128096138092,2.4839546379782314,-0.97494052002643,49,1
s005,-2.5412314679688364,3.176628791350328,-0.28313158985516573,49,1
s005,-2.5515197639305445,2.3937360086032746,-0.643370866474666,49,1
s005,-3.0493852268148918,3.426812163947472,-0.7139684806859083,49,1
s005,-2.622035446609658,2.6391351118880357,-0.6698198991630137,49,1
s005,-2.447379053531633,2.5480837250453514,-0.8103704673021768,49,1
s005,-1.257138788576391,2.555474851951608,-0.8070896514898472,49,-1
s005,-2.1922768191542774,2.00066487928417,-0.6687503108605459,49,1
s005,-2.27988401535368,2.39395855968725,-0.7758823860004599,49,1
s005,-2.678889510671684,2.540942997107942,-0.5725923112278185,49,1
s005,-2.673408975528633,2.619911100754636,-0.701037309592941,49,1
s005,-3.000207366503825,2.817244586145984,-0.6357120341965428,49,1
s005,-2.9976247062371266,3.309638546631699,-0.6284142487784711,49,1
s005,-2.8400110068750406,2.991255478069761,-0.6091757078535719,49,1
s005,-1.0398192611168942,4.153409022518937,-2.6827492853464325,47,-1
s007,1.207656826186856,1.1035204147295208,-1.4270305548223192,42,-1
s007,1.3659418141681916,0.41515738373678146,-1.5332592683601045,50,-1
s007,0.31152337364116917,1.017010983426697,-0.4331067688445562,42,-1
s007,0.6338128795168656,0.12122368602278893,1.5960679210896134,37,-1
s007,-1.1673958311142199,-0.6249758039845386,-0.5252659416573383,53,-1
s007,-1.3112841905396717,0.34917291394580935,-0.7333829510903398,12,-1
s007,-0.6361228235348992,0.42446494090959425,-0.5301040123491045,0,-1
s007,-1.1721215359619261,0.42995758032635845,1.6932117998566718,35,-1
s007,-0.9095102480099883,-0.1421306722264733,1.7373212321142784,9,-1
s007,-1.661048029565261,-0.6703817395573152,0.19659172592022142,9,1
s007,-1.0898958390130022,-1.6157206666186497,-0.0021625000534404135,53,1
s007,-2.249108200919536,0.10150356804525518,0.607623411282104,9,-1
s007,-1.1398037194076007,-0.7483359540155302,0.09057493189845282,9,1
s007,-1.0712759638831726,-0.5408469581048487,-0.15689174655453617,9,-1
s007,-1.1783716016958534,-0.6015058180608948,1.7619797743803884,35,-1
s007,-0.6506790130931426,-0.4164590895739067,0.28189248516676707,9,-1
s007,-1.5321565559473767,-0.8473009785641467,0.08473777421789291,12,-1
s007,-1.7528064069001343,0.1290813495383058,-0.20566265076891582,9,-1
s007,-0.6789659190237712,-0.9641334830187199,0.012264828944027618,44,-1
s007,-1.6630142432539152,-0.33239894553909727,0.6791117197292462,9,-1
s007,-0.6881478085639853,-1.1793830490409314,0.08125006485230067,9,-1
s007,0.3626999770378217,-0.842278874960778,-0.2414604915852057,50,-1
s007,-1.9151029503889505,-0.12702074272710384,0.7555292201777861,9,1
s007,-1.1789023206475338,-1.0024930239553964,0.6239918480946124,9,1
s007,-1.6487624530097882,-0.49717041396028944,1.0451823114898302,9,1
s007,-1.3659616681358135,-1.091668459803271,0.1438383997796249,9,-1
s007,-1.8523473879074932,0.5077211786877018,0.47162531236076727,9,-1
s007,0.1917827567265245,0.6569231584633795,-1.5744083992139222,50,-1
s007,-1.5989093828206051,-0.3887328351682698,0.7309848026576283,9,-1
s007,-2.0294722021303673,-0.11816418378230491,0.5910884599415283,0,-1
s007,-1.9292303060545797,-0.15071714780859552,0.1379394244009413,12,-1
s007,-1.2708256346979552,0.14990544569475867,-0.9578991191602624,9,-1
s007,-1.7726357141386349,-0.31537858554812476,0.747885355647634,12,1
s007,-0.22388082222321615,0.3032809176202572,0.4733526983313456,44,-1
s007,-1.4255891221215953,0.35648905587224927,-0.33953444628874985,9,-1
s007,-2.132292338595989,0.13730635504061975,0.18710771359840211,9,-1
s007,-0.9747180328614478,-0.4641389467624275,0.633678779513492,9,-1
s007,-1.3895245642319356,-0.8065203792301093,0.3037437880396643,9,1
s007,-1.391040898108623,-0.014565261124962507,-0.23605742467660287,9,-1
s007,-2.115707984664409,-0.9861744158882504,0.4528734522413787,9,1
s007,-2.206643284761657,-1.102284277686126,0.17518794974039706,9,1
s007,-1.611409264893022,-1.4576402667440291,0.5403131629735809,53,1
s007,-1.759227981659483,-1.5714992251462283,0.24109673811187354,53,1
s007,-0.9384486724156612,-0.4681462985421189,2.019761809683352,0,-1
s007,-2.587291823472917,-0.031982340390259247,0.5259589249536197,9,1
s007,-2.935034319008373,-0.3962892890309113,0.44020884030258917,9,1
s007,-1.75358591028089,-0.45833322871557364,-0.041369545515610597,9,-1
s007,-2.5083971179078346,-0.8868337292535245,0.17841987968572925,53,1
s007,-2.880769271636485,0.150254560281963,-0.04235215911232814,9,1
s007,-3.1670031696859975,0.19793892140074731,0.11424874023869773,9,1
s007,-2.8239736794393124,-0.2339295835644328,0.2663454010062952,9,-1
s007,-3.12468049109514,0.03393721526733862,0.17108971934978398,9,-1
s007,-2.1924612441467377,-0.743573476863223,0.06293418913417763,9,-1
s007,-2.8537397177396233,-0.4620915301805653,-0.21178530066212875,9,1
s007,0.23530182424639995,-0.7270599994737911,-0.22186398043156372,40,-1
s007,-3.2033585305964434,-0.5917624059775441,0.38026111479645186,27,-1
s007,-2.3574380871172096,-1.9268014487592469,0.005921645981142567,53,-1
s007,-2.543984050251837,-1.4038442764888295,0.07169576209837272,9,1
s007,-2.309787039738264,-2.222298167459224,-0.1766234223250224,53,1
s007,-2.7576312705797696,-1.1378060761334614,-0.07863277342798397,53,-1
s008,-0.7906848201412708,1.06644316387107,0.10134115471252066,35,-1
s008,-1.9285150524680112,0.6703631243166354,0.14721760717068239,12,-1
s008,-1.6176167417030978,1.0701595107330222,0.9037125073777903,41,-1
s008,-1.6918769949545323,1.4376044134267056,0.0728057770132965,27,-1
s008,-2.3502568792839154,0.8477165971573439,0.28629445713570273,12,-1
s008,-1.7883277040167005,-0.154987775628356,-0.22312689170796812,9,-1
s008,-2.3867900978160836,0.8467138372392156,0.7594905855377901,12,-1
s008,-1.954060648215794,1.110243206298554,0.009461594232776786,12,-1
s008,-2.9730649752126577,1.460699869858972,0.024929652791428582,1,-1
s008,-1.1949044026416626,1.210730494237378,-1.5647299954235891,47,-1
s008,-2.217683162201796,0.17645381042720104,-0.32166171749961175,12,-1
s008,-1.4113193363432375,1.5438161338100198,-1.100248433243975,49,-1
s008,-2.5979891990668986,1.6986336837652636,-0.2943428692275019,49,-1
s008,-2.6826153850747763,2.849623669650232,-0.2956969221815697,49,-1
s008,-2.474917309196285,1.019369870392361,0.20906799529286124,49,-1
s008,-1.1087513573163594,1.7598925050973477,0.47870475583169503,35,-1
s008,-3.062133010281054,0.882441108766643,0.3606065764089657,1,-1
s008,0.13678687603077547,-0.4033809663512805,-0.0681914328195359,6,-1
s008,-0.8397026924369159,-1.1452862466632445,-0.3462977462946009,6,-1
s008,-1.625385006252548,0.5118716610354898,-0.46610269363080153,0,-1
s008,-2.0095589262862585,-0.6106019233497639,-0.4231113091772185,12,1
s008,-2.7470009667818047,0.10732212167608667,-0.2051361508721337,12,1
s008,-1.317270394874537,-0.26098095493625684,-1.4681655338360848,12,-1
s008,-2.923254236077512,0.053817274153649626,-0.21765248891919625,12,1
s008,-2.205231608033434,-0.5793476761578975,-0.508771502079508,1,1
s008,-3.024961214740108,0.5693064109879017,-0.16639179545429506,1,1
s008,-2.3951240316248277,0.3049591549928247,-0.18476570079412621,12,-1
s008,-2.9073109439566442,0.15754375298835566,-0.28885325074879575,12,1
s008,-2.466970121052318,-0.31495010066142926,-0.12082555012090877,12,1
s008,-3.170428417650713,0.09578673412474181,0.1538235593943952,9,1
s008,-1.8981451112444645,-0.6235474505894851,0.02383660542399017,12,-1
s008,-2.6284246113427288,0.8597772957836117,0.44501660931645387,1,-1
s008,-3.2884786429089705,0.30973481961958826,0.30721439197710715,12,1
s008,-3.7373610138315163,2.0766118530839655,0.07782651015361051,27,-1
s008,-3.2115918631514555,0.6144288818303608,0.27756081561912066,9,-1
s008,-2.842795614529438,-0.6268329685376895,0.23119335296314095,9,1
s008,-2.835347647508832,-0.834721714532062,0.29770065222066167,9,1
s008,-1.7840831724909663,-0.3440304939473827,-0.8252111879283265,12,-1
s008,-3.16145289774646,0.5937115080230216,0.527149155293375,12,-1
s008,-2.6395727150859942,-0.9793621830677953,0.0832907932073376,9,1
s008,-1.6195783940111794,-0.7958934524873743,-0.37419957334382,44,-1
s008,-2.509236121880108,-0.02806170610917268,-0.6201812369546301,12,-1
s008,-3.417223140702262,-0.4646015652880264,-0.05146684898444141,1,-1
s010,-0.7422414567870989,-1.350209180867335,0.7711166473849701,53,-1
s010,0.6294438730386538,-1.6099971292789679,0.8072659454055405,0,-1
s010,0.27004201498592895,-1.114050556085318,-0.8207139167238778,53,-1
s010,-0.9935662720740588,-0.7257480598565884,0.7479321130609123,35,-1
s010,-1.3195541793737653,-2.789749826625311,0.004848723610713223,53,1
s010,-0.7103083877739766,-1.4241546343123381,-0.8578598303741716,53,1
s010,-0.7553877489209532,-1.0757033948091363,-1.1165260080399928,53,-1
s010,-1.2893591550973997,-1.7759948184069978,0.25524231032751116,53,1
s010,-1.7903521453897429,-0.88778153538247,0.2322339347283324,9,1
s010,-1.6765018780919956,-0.7389279734384943,-0.0017009176072791854,12,1
s010,-1.166305275175825,-0.4062528367174361,0.2458344318808158,35,-1
s010,-0.8266437942696242,-0.47864239553822213,1.5881435418679397,14,-1
s010,-0.8980255231227794,-1.6846007731575015,-0.0788430773071177,55,-1
s010,-1.7968639557737835,-2.2534063163708273,0.32278625134174926,53,1
s010,-1.3783209398981664,-1.1551058472104028,0.9601844367886605,53,-1
s010,-1.1910260585061656,-2.310594043326916,0.4923478844391046,53,1
s010,-1.7505674744010382,-1.7919077809145896,-0.04850857909207919,53,1
s010,-1.3980633100439546,-2.6040682932723516,-0.19861775991194913,53,1
s010,-0.5891795971642146,-0.9016039090572334,1.0316245545867815,14,-1
s010,-1.0266885347166197,-1.7771540014026548,1.0001984102619883,53,-1
s010,0.10311258772686135,-1.8052931630922835,1.8994039260349844,53,-1
s010,-1.925473123242468,-1.908691470746083,0.05125717607567786,53,1
s010,-1.4083724636193886,-2.0141436762961575,-0.1644266553643511,53,1
s010,0.6658048560806664,-0.7936498838817215,-2.4403328357006377,16,-1
s010,-1.2652070265662163,-1.5983391658470854,-0.2988572270759149,53,1
s010,-1.9302766504324316,-1.8160637895559018,-0.05828531408890516,53,1
s010,-1.113715007502212,-2.193011714780037,-0.33155471091307337,53,1
s010,-1.0251402943177585,-0.8716199460276163,-0.39654483105118304,9,-1
s010,-1.3226982251228074,-1.6015538510240632,0.47804212703507176,53,1
s010,-1.3311929215769982,-1.9997837531372307,0.4821990176794175,53,1
s010,-0.9272429408430392,-2.5904089241798323,0.35729488372719553,53,1
s010,-1.5583424126239604,-2.2194553794735676,0.29039276046532103,53,1
s010,-1.6374419319227806,-1.7374262066831359,0.4425248780395805,53,1
s010,-1.5618169643963526,-1.6765142467289353,0.9924033753222553,53,-1
s010,-0.6007265778556456,-0.5330969754810242,-2.1347789350070547,50,-1
s010,-1.9393918759114914,-2.044396894316457,0.07713082908358723,53,1
s010,-1.8268842294005918,-1.685773913013867,0.14245770529372223,53,1
s010,-1.9048205156386835,-1.4937658205514432,0.020022889608444422,53,1
s010,-1.0502186397216198,-2.011138999002686,-0.431762809183173,53,1
s010,-1.6814992897365328,-1.82208514789607,-0.3049381468225219,53,1
s010,-1.1113639089958214,-1.469284282685631,-0.7692372393386712,53,1
s010,-1.370212358382111,-2.605527836051795,-0.5329352054077418,53,1
s010,0.7091994403604347,-1.1747001758688977,-3.316261619459444,50,-1
s010,-1.3342323257515947,-0.8364612886751107,0.12228718581225576,12,1
s010,-1.6016576192008318,-1.9889152712743645,-0.02373915410729842,53,1
s010,-1.1292667505266032,-2.376728933915711,-0.5386474702260493,53,1
s010,-1.79457074969934,-1.8805864609729763,-0.26371006716708,53,1
s010,-1.7147190788589428,-2.066036596863673,-0.3280047202975541,53,1
s010,-1.4868125279142212,-1.6480528598957145,-0.7501133733762876,53,1
s010,-0.2092079083447638,-0.85345401305044,-0.014728442785978882,53,-1
s010,-0.7185207012329172,-2.4265859931740916,-0.09578130177505895,53,1
s010,-0.8282843140200618,-1.9057326205532978,1.3783221904195246,14,-1
s010,-0.626419824043135,-1.4131834898269,0.576996817974089,0,1
s010,-1.3416290120634675,-2.388852067605493,0.059143012233560464,53,1
s010,-1.5384494522010994,-1.8029232733374154,-0.18006785696403785,53,1
s010,-0.9709684947292718,-1.8030151478521628,-0.06440768428340157,53,1
s010,0.03321206630322534,-2.3996393498060598,-0.18298105658015704,53,-1
s010,-1.3714261497225775,-2.192615835664237,-0.05370852766331213,53,1
s010,-1.754328654025783,-1.9451357443251323,-0.134738774266103,53,1
s010,-1.2498582041735342,-2.2993927115240567,0.07382994622785569,53,1
s010,-1.4131038965381897,-2.6533061061981402,0.06057394159830332,53,1
s010,-1.504890139671708,-1.3692902115049312,-0.7063768349575587,53,1
s010,-1.6802473906362048,-2.188768741169993,-0.0028774258078356862,53,1
s010,-1.7108266833447503,-1.9254485218673527,-0.26557482505616686,53,1
s010,-1.6301367060757923,-2.2236188999005666,-0.2160072125984353,53,1
s010,-1.9017350481484379,-1.7906499955057682,-0.12322913843976936,53,1
s010,-1.536738916659876,-1.5260735206594553,0.3789958594947952,53,1
s010,-1.475114100167253,-1.589807144557562,0.39520672886821223,53,1
s010,-1.7176449318944693,-1.5800028590039927,-0.07840379403461784,53,1
s010,-1.4162098244953671,-2.3370012618027056,-0.5766914679362902,53,1
s010,-1.9184464528529699,-1.7538142709017848,-0.40522652790886304,53,1
s010,-1.8319574595889077,-1.9772606679992004,-0.3690745733378964,53,1
s010,1.206691600091728,-2.555571297725317,-1.392012691689286,40,-1
s010,-1.5042548518829009,-2.1191911563610133,-0.6114274495233709,53,1
s010,-1.4079952503564277,-2.149638754712806,-0.6052329385917551,53,1
s010,-1.0467052748961994,-2.71873686620992,-0.7430154639337517,53,1
s010,-1.3555923637749223,-2.578482367561424,-0.5356902278652702,53,1
s010,-0.842606193754778,-1.5423222804269754,-1.229361437118031,53,1
s010,-0.5229893233634761,-1.0432158608225068,2.59863266277055,14,-1
s010,-1.756140880086973,-1.6538571115963585,-0.3554251423757399,53,1
s010,-1.17310696912053,-2.285323262950429,-0.3293127228752137,53,1
s010,-2.237969145302293,-1.2627385579768005,-0.4820759834706338,53,1
s010,-0.36604449031000225,-0.6769593375111842,-2.705471516259933,50,-1
s010,-1.8764685298850832,-1.8701108267270041,-0.444711696705982,53,1
s010,-1.8436273753723145,-1.591239669881293,-0.29679289702410006,53,1
s010,-1.2562515188654066,-1.363980412900277,-0.7251496037433889,53,1
s010,-1.6161424897023557,-1.694521450034814,-0.3890454693251982,53,1
s010,-1.6961593063646632,-1.9143385713184475,-0.2176376990745827,53,1
s010,-1.6641910743396104,-1.668349940907481,-0.20350133298968892,53,1
s010,-1.4101655498553065,-2.3239676364434194,-0.4701981731027695,53,1
s010,-0.31932259451746237,-1.2152308464022625,-0.8480204246502925,53,1
s010,-1.63518019198808,-2.424168210113203,-0.35263516875475454,53,1
s010,-0.9769688424399441,-1.487704833928534,-0.4096691021032517,53,1
s010,-1.7491053076724392,-1.7438103262136102,-0.07855805569336,53,1
s010,-1.4324205927320515,-1.6115609942170261,0.1638447870130825,53,1
s010,-0.7413783450737811,-1.2706273696278676,-0.5823850834720958,53,-1
s010,-0.8819385976800337,-1.6955151418037118,-0.9902251111483327,53,1
s010,-0.8351665715312352,-3.357061424048779,0.6022812610441158,55,1
s010,-0.7347630956834517,-3.1489193547944967,0.05715090189632981,55,1
s010,-0.9825603485801133,-3.277564654433616,-0.19715787394402803,55,1
s010,-0.619625328381834,-3.172013221381113,0.977756136575431,55,1
s010,-1.058506948279907,-3.581448315350623,-0.10301505702142216,55,1
s010,-1.2261498361877905,-2.7803962398275277,-0.04649351987368695,53,1
s010,-0.35483780971122414,-1.9959232755799121,2.6820831019371845,14,-1
s010,-1.4506631462453627,-2.628426044056482,0.1499570045321618,53,1
s010,-1.9453792436815938,-2.2481411333257664,-0.1616453446953814,53,1
s010,-1.5552044152187567,-2.710470299334854,0.053524387113363964,53,1
s010,-1.4876772596676955,-2.9121507759901784,0.11641192924956911,53,1
s010,-1.2502627641594672,-2.4243540850942504,0.02487346520887108,53,1
s010,-1.203961480676943,-3.1116888940993985,0.2059796851425079,55,1
s010,-0.8369018691105894,-3.3258521090515063,-0.05894009055238699,55,1
s010,-1.6707564628041995,-2.5899774358754803,-0.08246889587730444,53,1
s010,-0.10079134645711772,-1.971181775112353,-1.4754247445377664,16,-1
s010,-1.2116283089432214,-3.6024358805147014,-0.49510762039056067,55,1
s010,-1.6181301417643437,-2.808048280575646,-0.46931329325165855,53,1
s010,-1.709007790134707,-2.613566605186236,-0.4699924147546685,53,1
s010,-1.4685138352504779,-2.9787282163227156,-0.3761259406231571,53,1
s010,-1.1869381991505068,-2.588447335022699,-0.15967179242997256,53,1
s010,-1.1345662940520178,-2.941505327451294,-0.4880573618273883,55,1
s010,-1.5971111409363496,-2.906168268138448,-0.29814674718239237,53,1
s010,-1.9969262288483758,-2.630545627297248,-0.27817057558952907,53,1
s010,-1.6990209524835365,-2.2738439043916743,-0.5620938474586034,53,1
s010,-1.9455904789608462,-2.6279330945138017,-0.23169523716172657,53,1
s010,-1.2243648432806151,-3.0776427316899913,-0.6395079597546621,53,1
s010,-1.4440155816570415,-2.7520026318324677,-0.4144389984684516,53,1
s010,-1.744066642497432,-2.423088428157046,0.4231387379409243,53,1
s010,-1.4151346394159054,-2.9206880266113724,-0.3187871352092703,53,1
s010,-1.744299707701779,-2.6574002151095586,-0.3339454245412378,53,1
s010,-1.8574825351872737,-2.490602703109567,-0.41556487245368795,53,1
s010,-1.9778688675008782,-2.743655822540863,-0.19799049733532442,53,1
s010,-1.9372557476747028,-2.237404138579559,-0.4963215128785001,53,1
s010,-1.3874580622719674,-2.5663101018140315,-0.7015905886197555,53,1
s010,-1.1043878580241577,-2.7573838678681324,-0.8522820634623195,53,1
s010,-1.3245207694331018,-2.95374137329365,-0.5625226766073066,53,1
s010,-1.2278336657060624,-2.966196347751846,-0.6862759976015663,53,1
s010,-1.519290664856422,-2.6958251747822772,-0.5749628314008808,53,1
s010,-0.9270653343109567,-3.211927033215023,-0.5644943947856523,55,1
s010,-0.23047699262695404,-1.4272607855592991,0.3716810131893493,2,-1
s010,0.2779636548610477,-1.0959214132600095,-1.7061806195287383,47,-1
s010,-1.876668099952058,-1.9822498536758213,-0.2567100634892683,53,1
s010,-1.9261922975555488,-1.8817945279114656,-0.0765920009184732,53,1
s010,-1.6222140018268867,-0.6369624663157194,1.581257740166189,14,-1
s010,-3.016234831389733,-0.6206537319205394,0.1490518590684526,53,-1
s010,-2.3609799121582755,-0.8759268675668193,0.6938312678267667,53,1
s010,-1.9439114342173553,-2.0450080864142484,0.0143140814197918,53,1
s010,-2.1503159721581584,-1.5453213579958083,0.3405319395699978,53,1
s010,-1.4305230287517292,-0.9649185776937511,0.6555826494008083,53,-1
s010,-1.8874790106866242,-0.6616016354120292,-0.8194792589164166,53,1
s010,-1.6777373277537495,-1.0382758347936691,-0.23117695606809754,53,1
s010,-1.742714808442002,-1.6927980052138452,-0.41257103275859675,53,1
s010,-1.9137308145119587,-1.5721913148652853,-0.3539576280981486,53,1
s010,-2.1403240016594425,-1.275999835290678,-0.21107980598243403,53,1
s010,-1.6016091366052292,-0.7612978571871699,0.7620618887902255,53,1
s010,-1.4000477755949914,-1.182216231481963,0.5564352912368504,53,1
s010,-1.8189671143859945,-1.9005801651452814,-0.34194917279905174,53,1
s010,-2.089137185776777,-1.5979269459220613,-0.45302522727953376,53,1
s010,-1.6848758136920696,-1.6813756648023777,-0.46680070479191493,53,1
s010,-1.190964699346557,-1.9719185182315175,-0.5546656178294436,53,1
s010,-2.190235280001209,-1.280004074139495,-0.347444189480164,53,1
s010,-1.3538650147407931,-0.7659586821368028,-0.6466652609661713,53,-1
s010,-2.4009085823180265,-1.7569912058012163,-0.21706495640187856,53,1
s010,-0.6036518535059447,-2.614464882643687,-1.3146333007500992,55,-1
s010,-1.0533994830349036,-1.3902674181116543,-0.7519982245600009,53,1
s010,-2.372485112291877,-1.9033941155099283,-0.27084771875775426,53,1
s010,-1.8841575697676165,-2.2608235642272025,-0.44239185352115834,53,1
s010,-2.252952802871771,-1.4099848103646786,-0.4082592968253707,53,1
s010,-2.1927966418775973,-1.6319151930229363,-0.2814912065347408,53,1
s010,-2.016538836208483,-1.5608512639568166,-0.5071786568617841,53,1
s010,-2.0034315907150195,-1.5313775471067321,-0.2869596776524108,53,1
s010,-2.3581605551642673,-1.529129803086681,-0.4592689231793117,53,1
s010,-1.8409179425055648,-1.6082443968114708,-0.4980852997472801,53,1
s010,-2.0550905417644865,-0.9944222940109463,0.7279430901698315,53,1
s010,-2.4044472912488932,-1.2885788973498513,0.18111437975047945,53,1
s010,-1.9123550761157635,-1.7373755437054426,-0.47803560849136967,53,1
s010,-2.1025281420274706,-1.7600087718146322,-0.26301648086518653,53,1
s010,-2.4029406107602944,-1.4309691210157987,-0.41556875520036757,53,1
s010,-2.132135889763558,-1.5260142215735515,-0.6096479266454196,53,1
s010,-2.0262698528993317,-1.58610562416585,-0.6979616122848331,53,1
s010,-1.9231815570544237,-2.4329050428008956,-0.2611542870147088,53,1
s010,-1.7031854997150773,-0.9124946759758502,-0.6141736840590739,53,1
s010,-2.0558240330244457,-1.6518880722000764,-0.5150147209998942,53,1
s010,-2.0475051815838654,-1.9860642301644464,-0.18797289043382293,53,1
s010,-1.891007565984167,-1.8795244456797577,-0.4822352519233927,53,1
s010,-1.9057072739646954,-2.330979230416364,-0.48634367464146505,53,1
s010,-0.7916794546765417,-0.25254342572279054,-2.2821104608271834,50,-1
s010,-1.880389440631929,-1.4883086022888348,-0.5943378363702283,53,1
s010,-0.9926155088505405,-2.179796821702677,1.1942019945892237,53,-1
s010,-1.8138735834722344,-2.793661363006317,0.11791622174662415,53,1
s010,-1.5417277956718283,-3.146836598985142,-0.2047523442964719,53,1
s010,-1.8449994247439205,-3.0403145389804145,-0.059347983212323686,53,1
s010,-1.9186051592719526,-2.410600234561796,-0.22632048509129746,53,1
s010,-1.5844216246328564,-2.6147505565149434,-0.1918800708690488,53,1
s010,-2.0201404605781645,-2.48352709213239,-0.18385868392429447,53,1
s010,-1.982298108996058,-2.7361768171636274,-0.15875701820097707,53,1
s010,-1.8755920627106657,-2.849720596786495,-0.04914122548906187,53,1
s010,-1.771740366157293,-2.550115503751703,-0.21171917219131905,53,1
s010,-1.7714152716800753,-2.680717309027703,-0.14725561028261044,53,1
s010,-2.2943103229861617,-2.437526124950752,-0.2591544914656545,53,1
s010,-2.0510233559530837,-2.6241377545199414,-0.024808990712409287,53,1
s010,-1.5275956939599782,-2.934368993024304,0.30900697288027695,55,1
s010,-1.4558373722559952,-1.8328474146754998,-0.1571553794277108,53,-1
s010,-2.231149163251844,-2.594350790179414,-0.28243652129268376,53,1
s010,-2.0244320684039425,-2.466516224987448,-0.14945007681995387,53,1
s010,-1.607940487829315,-2.749867576966295,-0.07746793107763018,55,1
s010,-2.049512534668378,-2.541286804623448,-0.4146194711231772,53,1
s010,-2.2954091775914134,-2.1867879437301365,-0.38701571546039587,53,1
s010,-2.0404691122087923,-2.4700354165968266,-0.36810423495808375,53,1
s010,-2.0385865273643597,-2.3055258836033743,-0.22261557383448333,53,1
s010,-2.066491205986631,-2.8081066527932377,-0.3343336129269783,53,1
s010,-2.3098061177834484,-2.3296816880023266,-0.5448939189435764,53,1
s010,-2.0549473183196687,-2.637730538128428,-0.42246774420412164,53,1
s010,-1.959916608286692,-2.915708527520027,-0.3906390671709404,53,1
s010,-1.9559068990310193,-2.5099938382758658,-0.6143943846998905,53,1
s010,-1.4799803976044736,-3.0956023885814217,-0.5884788804411907,53,1
s010,-2.014437789910059,-2.686675707902042,-0.3629530771374039,53,1
s010,-2.0861398250320358,-2.4966602469436583,-0.5307903251802625,53,1
s010,-1.8895133384080296,-2.50612785480048,-0.40295535481793165,53,1
s010,-1.1810925337943907,-2.6469485320146404,-1.0500968422382673,53,1
s010,-2.02376801944094,-2.3566345792472143,-0.4172776451028793,53,1
s010,-0.9104730172269548,-1.0568706313439296,-2.178791355607344,50,-1
s010,-2.3634239993241586,-2.3074467249277664,-0.3194633119909506,53,1
s010,-2.056421869346108,-2.331685668580107,-0.4386588967600549,53,1
s010,-2.464612843767771,-2.0945896932591084,-0.45375234563885647,53,1
s010,-2.3779453752142916,-2.0211909479603314,-0.3920640299335257,53,1
s010,-1.2194752199029557,-2.159725011449648,-1.142600677180642,53,-1
s010,-2.008994399258869,-1.9767669835614223,-0.2974443095839099,53,1
s010,-2.274082349647639,-1.714240330282052,-0.30628264145883505,53,1
s010,-2.6095903318138154,-1.5553836547218942,-0.35396442868140104,53,1
s010,-1.7748555932744554,-2.8562394448076165,0.13777711292082598,53,1
s010,-1.9107147873338326,-2.5718614776002418,-0.15425229379397046,53,1
s010,-2.0082952208670006,-2.4728121966783365,0.06384842203110236,53,1
s010,-2.2308157318473194,-2.301633932980535,-0.15296288038676994,53,1
s010,-1.8781910808274969,-2.279851207187156,-0.03653532313229763,53,1
s010,-2.310667326429875,-2.355276082529571,-0.30861581007063704,53,1
s010,-2.117226441712445,-2.8486598038820983,-0.26633767952196635,53,1
s010,-1.7701139608914007,-1.9890103610960166,-0.21938474976869837,53,1
s010,-2.4397961228955514,-1.7907916234930403,-0.26612588689450956,53,1
s010,-2.1664012182942685,-2.003355647035926,-0.09357623896676007,53,1
s010,-2.4455082406068143,-1.898804508506373,0.002389686932115846,53,1
s010,-2.285357219624091,-2.1541723170288196,-0.20415784078029725,53,1
s010,-1.6620621683069454,-2.0189689113958567,-0.42810473143136385,53,1
s010,-2.2307232995245583,-1.8831842621738584,-0.1346850855733348,53,1
s010,-2.0758461758963236,-2.442616502811919,-0.16082423759202766,53,1
s010,-2.438815095999727,-1.9749461793432217,-0.3274195249442385,53,1
s010,-2.065377447370888,-2.5540609463794155,-0.26044203751069855,53,1
s010,-1.9683436329925401,-2.188235718224531,-0.41971042026313854,53,1
s010,-1.976960536608665,-2.129569309887212,-0.49086691088073686,53,1
s010,-2.0294839173836703,-2.6967287143010092,-0.4035381082506588,53,1
s010,-1.0442219141490452,-1.6743416515633327,1.3652162318029708,35,-1
s010,-1.9285810985442686,-2.1436760549981173,-0.45291049891020796,53,1
s010,-2.3277621245979003,-1.6316686520276047,-0.49570568653135966,53,1
s010,-1.5064171284171788,-2.21786165239894,-1.1388516471266275,53,1
s010,-2.4490281204412967,-1.84953688975765,-0.33566552346764755,53,1
s010,-2.3041579633601366,-2.0908661466964213,-0.28346409056470945,53,1
s010,-2.281834234556363,-2.1879970810342506,-0.3243640496693624,53,1
s010,-1.5766296543412879,-1.7141265698795167,0.05441361856279912,53,1
s010,-2.261212222881908,-2.300691702096027,-0.38758788528235394,53,1
s010,-2.0457190860257692,-2.0788102209980233,-0.4902752521063036,53,1
s010,-2.0112879922423907,-2.304147598934863,-0.37599197353925334,53,1
s010,-2.2989695230269107,-2.1413667071943316,-0.2986348335706098,53,1
s010,-2.386384684769523,-1.7483012405956113,-0.3036056692127224,53,1
s010,-2.1101622529170636,-2.315575629963669,-0.5252344316348838,53,1
s010,-2.247494735710076,-1.8974359703338686,-0.4441823695380349,53,1
s010,-1.9956579794022329,-1.873345437855969,-0.7878859423138945,53,1
s010,-2.2680434351867036,-1.8506489799422574,-0.5084257831081858,53,1
s010,-2.360493547044503,-2.065370659285583,-0.30590077848205877,53,1
s010,-2.0542195229924625,-2.382982257962294,-0.39717416667441646,53,1
s010,-2.180642757788312,-2.1572790579025196,-0.5057847206462343,53,1
s010,-1.9897715828452442,-1.9199754511669571,-0.7160784546347255,53,1
s010,-0.493979892436658,-1.1927991633502169,-2.1655973792504892,50,-1
s010,-1.7292504425546529,-2.6773465095936877,-0.03482633142055842,53,1
s010,-2.307323275425904,-1.9685942664520795,-0.16509291415513966,53,1
s010,-2.0266433566373827,-2.5485899321921854,-0.3299724457276411,53,1
s010,-2.2203309911977867,-2.1517445293162156,-0.3083201346553373,53,1
s010,-2.0682277647474643,-2.5474959740553937,-0.47756745455188754,53,1
s010,-1.8122632439018134,-1.8740300751250558,-0.3523640746281983,53,1
s010,-1.682162634584958,-2.2246388894181024,-0.41793277112807375,53,1
s010,-2.0608991261644527,-1.9066236611318335,-0.34322813696786664,53,1
s010,-2.51062956785629,-1.6524051258384123,-0.28298009180467887,53,1
s010,-2.0962997917596944,-2.083255432250767,-0.37813096332277524,53,1
s010,-2.0342453982461386,-2.3856544007083924,-0.36062302326004514,53,1
s010,-2.5841268599580665,-1.5167841850319723,-0.32481075870954496,53,1
s010,-2.581118082892306,-1.3672095159208428,-0.4175314164689224,53,1
s010,-1.0603950810495366,0.09156159796399342,0.006566376029442241,16,-1
s010,-2.524666603990031,-1.7377002524393508,-0.37562292452541385,53,1
s010,-2.3856313582679634,-0.9421326534268809,-0.5798824094494107,53,1
s010,-1.5325451288956957,-1.6309020382828006,-0.5862529177289,53,1
s010,-2.394142822531356,-0.9832315589761167,-0.5849206649872004,53,1
s010,-2.3640153320515713,-1.2357434421957914,-0.2148144214991018,53,1
s010,-2.3906342163610925,-1.2126135196511205,-0.646906719277615,53,1
s010,-2.537325799726426,-1.1635856867923802,-0.467326257590521,12,1
s010,-2.250393212088009,-1.9071010516063511,-0.33196003944139224,53,1
s010,-2.7765377230104145,-0.969618629208028,-0.16295181872684245,12,1
s010,-2.4916663670654677,-1.3683984935294458,-0.43133614163492084,53,1
s010,-2.6908322783305154,-1.6624362904829812,-0.17508284983122374,53,1
s010,-2.7956412033484197,-1.1882619108363013,-0.3774707938905322,53,1
s010,-2.687897177753318,-1.5363695460416757,-0.23259605977802814,53,1
s010,-2.469984958947231,-1.5175437853353755,-0.23023452361252794,53,1
s010,-2.357835796281671,-1.659729717481942,-0.2827275170481942,53,1
s010,-1.8403913111076033,-1.8823043286421033,-0.3024054552543068,53,1
s010,-2.1340444979251556,-1.982037086941693,-0.4305840424671294,53,1
s010,-1.93811364350746,-1.4622198472694865,0.0006250851480615402,53,-1
s010,-2.4378650698667053,-1.0503392099192512,-0.004545428000610022,12,1
s010,-2.444718093441123,-1.455843889065491,-0.18394481057497242,53,1
s010,-2.406454695086968,-1.1589100835917634,-0.2476336687320097,53,1
s010,-2.5780007421406546,-1.0645783184036643,-0.3577029971542945,12,1
s010,-2.7547637004696415,-1.100184074523112,0.021274752147363376,53,1
s010,-1.7051410331894594,-1.5598190832503338,0.1218811135665283,12,-1
s010,-2.0880579041782505,-1.4325838354561358,0.04004927787178082,53,1
s010,-2.710275870549592,-0.9468536295030011,-0.3971919502537157,12,1
s010,-2.8722620805530448,-1.1789345082447669,-0.23368605722738087,12,1
s010,-2.5368257190858743,-1.377712692353241,-0.028918417144522743,53,1
s010,-2.819510971371228,-0.9997968229710701,-0.2854135884660802,12,1
s010,-2.256847852659225,-1.9349991147398655,-0.3948543592082104,53,1
s010,-2.7278324329128694,-1.2713448268697172,-0.30651806780806556,12,1
s010,-2.337349907636989,-1.5315900445484507,-0.3064048649555764,53,1
s010,-1.7444646515980389,-1.7269713105101274,-0.5491819221520279,53,1
s010,-2.505653067773913,-1.5737199472718382,-0.13895134809857404,53,1
s010,-2.4707803936137758,-1.9451338658163524,-0.38599853270149603,53,1
s010,-2.2209123590861166,-1.853513799194997,-0.19480423739140199,53,1
s010,-2.6559248790536167,-1.8282795516093753,-0.2973737811338398,53,1
s010,-2.5411087208378595,-1.6200929832079671,-0.3085019727153961,53,1
s010,-2.0849442832897735,-1.9381848319179646,-0.30582360775387735,53,1
s010,-2.4034181503680996,-1.535946981612718,-0.3490244743171962,53,1
s010,-2.6099612499165783,-1.3904701796165988,-0.3403622849638977,53,1
s010,-1.990134241709461,-2.1663677671322548,-0.4532403844922993,53,1
s010,-2.276378579144326,-1.2998093976215879,-0.3465510299540414,53,1
s010,-2.217129470717137,-1.8064713249360789,-0.17033201946084636,53,1
s010,-2.275072491178162,-1.565990679665958,-0.43892882804106964,53,1
s010,-2.4324452447223734,-1.409861444299146,-0.11497406051072813,53,1
s010,-2.4008340499423015,-1.8150843351353658,-0.2710729145148442,53,1
s010,-2.7056070290570142,-1.374368609565691,-0.3605003117781242,53,1
s010,-2.0250208429434227,-1.610040255583402,-0.6751559029120524,53,1
s010,-2.13710696495096,-1.8145097323501689,-0.4500603616627948,53,1
s010,-1.7987386603230615,-1.65525142342872,-0.08080941524008847,53,1
s010,-2.4373570653713927,-1.3742753691880518,-0.2521118861993868,53,1
s010,-2.6261674838050895,-1.2729225751767286,-0.43750450961342263,53,1
s010,-2.1563537951331324,-1.5950342404536046,-0.625727867808471,53,1
s010,-2.6970408658815734,-1.4142499416263217,-0.3161368953602431,53,1
s010,-2.281919946355185,-1.6809520870230839,-0.3454941150565314,53,1
s010,-2.345245380348183,-1.0122213976409404,-0.3394927058706697,53,1
s010,-2.607995430360385,-1.1544851571871744,-0.3232285438592782,53,1
s010,-2.535851490261874,-1.364198653288779,-0.3589940637686881,53,1
s010,-2.968150634490897,-1.0042286126068058,-0.22773871073432328,53,1
s010,-2.6861273705148427,-0.8645312458986099,-0.4011581111726844,53,1
s010,-1.8616906256071688,-1.3143344824315997,-0.5790960722493365,53,1
s010,-2.650689601589746,-0.6277648381413383,0.30461378847534637,12,-1
s010,-2.531017734603467,-0.9166068371639703,-0.301424190163562,12,1
s010,-2.911531102359093,-0.42474751148072937,-0.22737633447445113,12,1
s010,-2.2361957245035478,-0.9157712144209195,-0.38008325760073064,53,1
s010,-3.1142253571298286,-0.3553557967799321,-0.2803018438556335,12,1
s011,-0.9809702612290836,0.2748938001407923,0.09878721308384482,9,-1
s011,-2.1062861162887985,0.8310834852706452,0.40701162254631296,12,-1
s011,-2.556456623234114,2.553192847832054,1.1142298428713378,27,-1
s011,-1.7935312730747814,0.9694595145879032,0.5037389143249401,6,-1
s011,-3.3605112741475276,1.9624451539646688,-0.05354377585908471,49,-1
s011,-2.170260565892913,0.06236589734263296,1.056012360944909,1,-1
s011,-3.604085947787268,2.184552767793666,0.4361771950666687,49,-1
s011,-3.369885128513827,0.6558931260975458,-0.39054122702301725,49,-1
s011,-3.5077290895006517,0.7722854529397263,-0.21353726974270715,1,-1
s012,-3.432186416686087,6.855583611906487,0.72196753155435,4,-1
s012,-2.891519610961518,7.218527281313926,1.6704563733140418,4,-1
s012,-3.9873298054190633,6.10819482996772,-0.16268797157662201,4,-1
s012,-2.655105752339233,6.778263192926126,-0.7052691381096947,4,-1
s012,-3.11982461441892,5.408350581657662,0.31019934438183605,17,-1
s012,-4.532609232112717,5.752177464815491,0.3250684290455906,4,-1
s012,-4.021069960927101,4.880790177181562,0.2826964415695,4,-1
s012,-1.78649552081076,4.677218824303365,5.167047297217239,45,-1
s012,-4.5286900162182775,5.001852570049713,0.362101576689079,4,-1
s012,-2.084297260973528,1.9773628515836417,0.12030897229448868,41,-1
s012,-2.060251658836754,3.316573001144357,0.6919455172427729,27,-1
s012,-4.868727300438586,4.331947267178763,0.12645561184707474,4,-1
s013,0.24156005504672537,-1.5240975678025017,0.1615804997278894,11,-1
s013,-0.2185475112276792,-0.9666992875863526,-0.02477469019084351,2,-1
s013,-0.6043966338453494,-2.5698960497365095,0.9022608290252297,55,-1
s013,-0.648590220436432,-1.2818298464886246,-0.6040818968618102,53,-1
s013,-1.2423387509154178,-1.2637112507641262,-0.45385735809075195,53,-1
s013,-1.6573784844208514,-1.7104258485458794,0.05618595275302255,12,-1
s013,-1.683995807598683,-1.9915264804866264,0.1980776284385492,53,-1
s013,-0.05296563902165645,-2.260147780456536,0.755042174056705,55,-1
s013,-1.5878989424680419,-2.681182239416297,-0.10396841211453704,55,1
s013,-1.6844344888253173,-1.4603010817218618,0.22195727105462348,12,-1
s013,-2.2197382307197673,-1.9731411512415957,-0.18600635188192977,53,-1
s013,-1.1726787216917423,-0.3011939795670576,1.0892930174988085,0,-1
s013,-1.6293864276677554,-1.6626612259446856,0.15777235310300702,12,-1
s013,-0.8667138865559774,-2.423618491582093,0.9335032432777698,55,-1
s013,-0.3959289462294087,-1.958842224376601,-0.5911523293295302,53,-1
s013,-1.4753180502241625,-1.0743103578904094,0.2784763957676922,12,-1
s013,-1.1760715947684828,-1.147497540080586,-0.9262784933801921,6,-1
s013,-1.3189061984250345,-2.2009234369213257,-0.6031502150328456,55,-1
s013,-1.1144919359711518,-1.6552169521210398,0.5591065707520455,35,-1
s013,-2.0312248432670836,-1.195654496430084,-0.584746963916205,12,-1
s013,-2.4104729621234973,-1.509733036111769,-0.29301695946931783,12,1
s013,-1.978562151722671,-1.1727941948566414,-0.14777869007434766,44,-1
s013,-1.6945192200558266,-2.4052446840031103,-0.09833012758713768,53,1
s013,-2.0461242723405677,-2.501385931247902,-0.49309651137013294,55,1
s013,-1.8422372178571569,-2.798801497629727,-0.300026067883101,55,1
s013,-1.5140315433811111,-1.9260973850293615,-0.3258907973143131,44,-1
s013,-1.458693065073675,-2.855936467585125,-0.032800466601691995,55,1
s013,-1.7405566310007003,-2.9041754366210544,-0.4722935928956975,55,1
s015,0.5345190032661389,-0.1586959974407408,0.010718059574288737,40,-1
s015,0.3209420275489796,0.03419267111223969,0.18576108418861076,35,-1
s015,-0.671812412800405,-0.9708653914474669,-0.9399416479702972,53,-1
s015,-0.3833728993086584,-1.8634878926806817,-0.6287857940266338,55,-1
s015,-0.2827904762721996,-1.679617569981848,0.30273606184078444,55,-1
s015,1.028910780277711,0.4832962077450955,-2.09285051886363,47,-1
s015,0.8077669043361476,-0.3542624821486235,-2.402730978133596,16,-1
s015,0.09794123826472743,-0.16846059325606533,0.014013108077761047,50,-1
s015,-1.0612283692833668,-1.9191499732673747,-0.4727463535154495,55,1
s015,-0.8090922750576793,-1.1673246608247354,0.8340266857235515,35,-1
s015,-1.0108520551687543,-1.9735441350204788,0.12040124485735999,55,-1
s015,-1.7924338941912532,-1.7621565430837876,0.6021821741744932,9,-1
s015,-1.6435679653213109,-2.6670358016372315,0.0758473413363635,55,1
s015,-0.7836487902452611,-1.9810264994694406,-0.9576075232466122,53,-1
s015,-1.9293286574845234,-2.207539663288541,0.5394505213083658,53,1
s015,-0.46804479034795043,-2.2735549107242385,2.6142134326198048,14,-1
s015,-1.1027707415134185,0.4499180524912217,1.0830947450556099,9,-1
s015,-1.8327710383981304,-1.5084383202601859,0.8269770036901387,53,-1
s015,-0.945966474174733,-1.4088060203121986,2.160694570074059,0,-1
s015,-1.6380925916154851,-1.827460936835555,-0.2606192386673926,53,1
s015,-1.4955631215841592,-2.0020714315357377,0.10394434267905116,53,-1
s015,-1.7300651909746265,-2.1714081330824513,0.5069232496545656,53,-1
s015,-2.029354391582624,-1.907629009147861,0.23046371619774209,53,1
s015,-1.2140240754681875,-1.5378139961579262,-0.5688321373421099,53,-1
s015,-1.6340155828257517,-1.8148833709525416,-0.45415950036556635,53,1
s015,-0.6052456238715918,-1.681687099666312,1.3833570093438117,52,-1
s015,-0.011092729393283502,-2.2215948627613056,2.1041346363816498,52,-1
s015,-1.909539618883677,-1.720896753495229,0.2855290849758044,53,1
s015,-0.9008927040464746,-2.4227460256017563,0.665362896682221,55,-1
s015,0.2244357290219874,-0.7381704585944369,-0.09975855567266788,47,-1
s015,-1.3611819716945315,-1.8773105081539907,0.5493059285943984,53,-1
s015,-1.83113473559739,-1.878633664073446,0.22075534262792149,53,-1
s015,-1.7970502894622935,-2.069992684238524,0.030112683641080145,53,1
s015,-0.9473163064203194,-1.5932430621468812,-0.28019830335907386,44,-1
s015,0.0060690955527388435,-1.1771796728366344,0.8496554941812641,52,-1
s015,-1.6291750597720795,-1.6869534479177555,-0.1336782115119795,53,-1
s015,-1.6652763197891893,-2.4100465164657665,-0.198375209095619,55,1
s015,-1.5476521341250422,-3.036456744759516,-0.14731787550768988,55,1
s015,-1.6215960507458862,-2.799032118461718,-0.07052334507275385,55,1
s015,-1.4235447123924427,-1.6932802361359693,-0.08657222353338995,53,-1
s015,-0.5175786544932277,-0.9414056198061029,-0.35850982592964786,9,-1
s015,-1.8249608772472163,-2.7379345405760596,-0.044673762958333925,55,-1
s015,-1.0949097114415638,-2.4652518872888747,0.43366799307828424,55,-1
s015,-0.5505439464762962,-2.160294073846111,0.009925257171001919,53,-1
s015,-1.4757493944092392,-1.4422453292963713,0.20893450926210755,53,-1
s015,-2.4274974224331145,-1.2681301162086613,-0.23083895966207565,9,-1
s015,-0.29906089254720897,-1.3478277851174887,1.3845596782036882,52,-1
s015,-1.974920141668318,-2.6274402752275914,0.09351663030985255,53,-1
s015,-1.7157934559625514,-1.1173337409890338,0.8518477496337454,35,-1
s016,2.4178803859472913,5.612350804916451,-0.29029087711988094,7,-1
s016,3.3504230559940744,4.323056230739916,-1.0336349029546026,16,-1
s016,1.7520001363343565,3.9047816582954957,-0.11420265875689115,31,-1
s016,3.8611109922762363,4.55978940980034,-1.092378962218912,30,-1
s016,2.5916603751690754,4.148729905087811,0.1994414054918656,31,-1
s016,2.3205754934959106,5.163665593948001,-0.30072485169474356,7,-1
s016,0.8347468750804821,1.175429042559453,0.4223420154670764,31,-1
s016,0.41017080147287505,3.1132253337367244,-0.03278103139086222,7,-1
s016,3.8831665742495156,3.7908762494525816,-1.1304338658974185,31,-1
s016,1.8909032562516561,2.822439025084707,0.4703251874662765,31,-1
s016,1.1989611164583172,4.092303792515492,0.05357422066637547,7,-1
s016,1.7651067253618045,2.719754368277796,-1.422832518153177,31,-1
s016,1.0715922420641948,3.189143622600443,-0.6125757196153074,7,-1
s016,1.0314022313328144,3.3656699973495843,-0.46047813566503154,7,-1
s016,0.0406488192920706,2.925006561977138,0.2104834508729125,7,-1
s016,0.0026066541526595403,2.4616153295017567,-0.16930430255524684,7,-1
s016,1.4077959004741099,3.1788214848214964,-1.024035983043073,7,-1
s016,1.3931155572267668,3.8331379159588566,0.33426975988615676,7,-1
s016,0.9795455088713138,3.834356552127302,0.11296164935448187,7,-1
s016,1.5438417285383614,3.639147916925296,-0.7654337346239228,31,-1
s016,1.21930613049288,3.816475334299767,-0.8473314905115374,7,-1
s016,1.8654201308847607,3.2526861521558126,-0.2784310747909183,31,-1
s016,2.753533592175498,3.3144933483039782,-0.41238963644911947,31,-1
s016,2.253163765341957,2.729031459540202,-0.03203756543005924,31,-1
s016,1.6651220889391123,3.1274129546493774,-0.7001163410822067,31,-1
s016,2.5451489149560094,2.9895831366498773,-1.235577411269474,31,-1
s016,1.8312047228404493,4.737870615855975,-1.2508124022692289,7,-1
s016,2.129642810378201,3.4469252355373188,0.40718598572816544,31,-1
s016,1.5529049622810278,0.9019998567950315,-1.0566325987592224,31,-1
s016,2.188542308272975,1.954526934754213,-1.307451170411217,16,-1
s016,1.239887291393062,0.5643297532307594,-0.9551789417920101,31,-1
s016,2.2227149909977264,1.5488457096446302,-0.9306007577476001,31,-1
s016,4.31055111923908,3.563961912577429,-3.3795107629739607,16,-1
s016,1.7320598159945177,2.0604210494985526,-1.1520702643385003,31,-1
s016,3.1633388883528473,3.5917726948165796,-0.33162576860716186,31,-1
s016,2.4097580751644783,1.7519518802511247,-1.399699723426961,31,-1
s016,6.738355412685404,5.274565965594645,0.2279801571831606,38,-1
s016,2.4271328690149727,2.867994305889991,1.1989132893812164,37,-1
s016,3.218925119601669,3.3346669203614563,-1.3769336729800168,16,-1
s016,2.37208626306317,2.0528150815643045,0.4367648465862624,31,-1
s016,4.166900862857198,2.9071249913054977,-1.968536630133333,16,-1
s016,3.895946144625915,2.592748092737756,0.1088740451091347,31,-1
s016,2.9381840181053756,3.5592642931139293,-1.2612290037212786,31,-1
s016,3.704027343473013,2.6245585697944054,-2.330582128136323,16,-1
s016,5.012983328367225,4.162638519412196,-5.070969815546463,30,-1
s016,2.3740384417316798,2.708257170815484,-0.29931737412872866,31,-1
s016,3.442788204326929,3.4565516358400568,-0.1562540104615985,31,-1
s016,2.389960408887001,2.1394757971606886,-0.30600938763889163,31,-1
s016,2.766046598501382,2.0748776728277347,0.17378821855651427,31,-1
s016,3.1210822579882347,3.072948346878174,-1.467809714733229,16,-1
s016,1.6463445733844968,2.9542772408784668,0.47377293733051057,31,-1
s016,2.2916260019960495,2.109650592643006,0.046816379534979434,31,-1
s016,4.446430081949048,4.247734816457243,-1.3063674998577515,42,-1
s016,0.743393973298376,3.084035806633146,-0.3185316082566129,7,-1
s016,2.7178017937915513,5.1037912024327925,2.243979634358852,37,-1
s016,1.0611306038646453,3.0983099340673617,0.6387929069220984,7,-1
s016,1.0337236808373103,3.298426607125736,0.5285872396344672,7,-1
s016,1.2551851372199523,3.4398942428219983,-0.6242895121752645,7,-1
s016,0.15159202546867603,3.7592343298411843,-0.13631285002062704,7,-1
s016,-0.15608575563631977,3.888944568963355,0.16955512537798142,7,-1
s016,1.9928396762193719,4.601254858472094,-2.1152093881879455,30,-1
s016,2.461804138250401,4.745336780865562,-0.7323434309487413,7,-1
s016,1.4095159760297824,2.3396367793294295,-0.32714275721364244,31,-1
s016,1.7894115935074368,3.075198381639861,0.2051303963425083,7,-1
s016,0.35797783341286565,3.1331843087501206,0.08087540978346003,7,-1
s016,0.44765123736176043,2.854040299038314,-0.8025698914158004,7,-1
s016,0.6043264383998872,3.6584370635416272,0.8710309974289995,7,-1
s016,1.5905823621641701,2.7102124379666352,0.5420889933063529,31,-1
s016,0.147149453393556,2.747526917856711,-0.23658041432913832,7,-1
s016,0.3803896525536673,3.0919009136649875,-0.282351980225997,7,-1
s016,0.9587166336266506,3.277425152080013,-0.004602057460581542,7,-1
s016,0.6836140879390041,2.892697502443928,-0.1823454571662367,7,-1
s016,0.8618356268500504,3.257426541610766,-0.9581679631001402,7,-1
s016,0.5785194828031334,1.8091158584350149,0.12532797228068634,7,6
s016,1.0954281427696384,2.364675934475038,-1.1838616143935092,7,-1
s016,0.5766989848851399,2.456465924168773,0.16223208276055348,7,6
s016,-0.005470353140779469,3.013134221361499,-0.25769723946805767,7,-1
s016,0.4157975451216266,2.4486929008181497,-0.4401519179161127,7,-1
s016,1.068751171567174,2.909953410928027,-0.26047975100037274,31,-1
s016,0.02597477547327903,2.85247111690868,-0.044952470012994766,7,-1
s016,0.708979078085698,2.379154906778044,-0.11560365684257383,7,-1
s016,0.8277508047632095,2.229839819977317,-0.37734469688585787,7,6
s016,1.1170101497291458,2.977887661130695,-0.35987719234359355,7,-1
s016,0.24991716300738717,3.651632800145214,0.2805838343696006,7,-1
s016,0.26722268612407,2.940265763592916,-0.1205699441897842,7,-1
s016,2.4549352385454593,4.8437033288850735,-1.5899907536170732,7,-1
s016,0.4823927328475341,2.16498339807108,-0.34510725774990025,7,-1
s016,0.42239024145185705,2.807344089367436,0.8716098848406002,7,-1
s016,0.8264301700953153,3.666532252819336,-2.154135196776629,7,-1
s016,1.5275273775222458,3.626751851072174,0.10267961820296544,31,-1
s016,0.7001584258845873,3.8769276991878243,0.16831727412252634,7,-1
s016,0.19351083701201988,3.224260686749255,0.2818448857223714,7,-1
s016,0.7932812399965122,3.1814066256818188,0.5632068980770714,7,-1
s016,1.2471999902701238,4.058886277927239,-1.1002982271659667,7,-1
s016,0.12894656884112438,3.272508871586932,-0.36913760922045874,7,-1
s016,-0.6648376835587797,5.123499166862937,-0.36669924212997085,7,-1
s016,-0.027451643404734227,3.054309918804664,-0.24338090029317266,7,-1
s016,1.4971881115261254,2.2762441019885515,-0.32318627309366194,31,-1
s016,0.33716086552843594,2.732139542227925,0.10348123355238069,7,-1
s016,1.8135112318001498,3.1057734630023925,-0.2300885873874268,42,-1
s016,10.4246699438497,7.379769230518306,-6.5988354853649165,23,-1
s016,4.015930942109425,1.4149672576270234,0.0887809420628026,31,-1
s016,3.085758868038747,1.0188547772637158,-0.6946061455870571,31,-1
s016,6.505229378850245,3.6523533537903417,-0.9820707905337217,39,-1
s016,6.307815673664261,2.2876760048876825,-3.064469916662373,30,-1
s016,2.1503945025103715,1.2850174065522006,-0.32420783935491276,31,-1
s016,3.476178394362563,1.3772339038405654,1.507104822246848,52,-1
s016,3.2936247224678312,1.5483939976044379,-0.39874752451774625,31,-1
s016,2.7201893436080256,1.6289844171614016,-0.9273436662285204,31,-1
s016,3.554125259731174,2.7645906662117,-0.9357505374021259,16,-1
s016,2.7502443165816532,1.9312245659688123,-0.7831892514436529,16,-1
s016,4.397481831602001,3.305862378061765,0.5955167556270629,16,-1
s016,2.5837694159642264,2.8682483674790715,-0.2938769707869294,31,-1
s016,3.063031258033298,3.137678341944184,-0.6358726820590853,16,-1
s016,3.9762887776499083,2.1785004512572774,-0.8244386262435777,16,-1
s016,2.12766987033186,2.512352426291968,-0.5625504176145731,31,-1
s016,2.1965966288234418,1.359112023491887,-0.08509740044400713,31,7
s016,1.905370441590654,1.1663969124762454,0.3664904724467122,31,7
s016,2.0523858953044423,0.8962277017505784,0.09765513160356652,31,7
s016,2.9933592974667276,1.571171618366098,1.650450760710043,31,-1
s016,1.7037500180874352,0.8573281787937772,0.005152499134540587,31,7
s016,1.8648745530583315,1.4772962775404472,0.9022662432923092,31,-1
s016,2.8021956461788844,2.0818475270943475,-0.5650990708773838,31,-1
s016,4.200227144702267,2.1215397844871813,0.9823054187318537,31,-1
s016,3.9503895542908256,2.685739524442903,-0.5558957691916473,31,-1
s016,3.287196509329226,2.029855638284528,0.6550776438675933,31,-1
s016,2.260900987129194,1.5753141271108664,0.30747448401234395,31,-1
s016,4.362400728858167,3.378872653441065,-0.5791501625086573,31,-1
s016,3.519046766064982,2.1325660062085827,0.42493569253583435,31,-1
s016,2.794918182171403,2.3833408700356973,3.2262625021160916,31,-1
s016,3.671564349292423,3.9587729937530134,0.5594417126544835,31,-1
s016,2.4962989798357986,2.467057805667586,0.6692135311696225,31,-1
s016,3.487112694867663,1.91444424427691,-0.0358039878638327,31,-1
s016,2.5910788428041256,1.0968783239229625,0.79035312466862,31,-1
s016,2.5053973826532614,2.556602589327428,1.8550919047318362,31,-1
s016,2.2158194677602316,2.1288557043219374,0.1314671148663783,31,-1
s016,2.070085742651904,1.1441528860727068,0.6191771435448161,31,-1
s016,1.4657027487584846,0.5227997927877758,-0.4153957935325222,31,-1
s016,1.5561820094458132,1.2582029098220802,-0.32049766935128676,31,-1
s016,2.441877285689727,1.7960523435858267,1.6037127909117488,31,-1
s016,1.849404637543748,1.4779952601260384,1.8350084820776038,31,-1
s016,0.961252799846596,1.0841845685351146,-0.8579537104021137,31,-1
s016,2.808406452040104,2.1192249288611733,0.14734187659375367,31,-1
s016,0.826007902034173,2.05209292883379,0.21323134888964687,31,8
s016,2.131182075581328,2.7493048151064485,-0.1507452964099575,31,-1
s016,1.7809693822135386,1.6407413559481336,0.3596284265717424,31,-1
s016,1.2051579745119538,1.9496118469945294,0.257027146950834,31,8
s016,3.765751565930224,2.533861713771051,2.0545025975448548,31,-1
s016,2.575106815826114,3.5181690936107373,1.1718981044780548,31,-1
s016,2.520137089167189,2.992035477939721,0.617605525253891,31,-1
s016,1.6277358228086611,0.5419191554654933,0.21636480929413,31,-1
s016,2.1263602983459715,1.8910328680457165,1.6161382813498448,31,-1
s016,1.8925554461929366,1.4915605001251107,2.152325488440515,37,-1
s016,0.023635876475538792,2.260012326094047,0.41263595378635115,35,-1
s016,2.836055893319086,1.3554228360650928,0.6421398947811154,31,-1
s016,0.8828234135660282,0.7979623713191444,1.2767518728791485,31,-1
s016,1.3749253750169714,0.5082655342424011,0.9707039425806296,35,-1
s016,0.9050919472347136,0.6552331001036045,1.4133852038855093,31,-1
s016,1.4963355330480146,1.47578181959486,-1.0939898046793608,16,-1
s016,8.226077908852377,4.8698757089939,-3.054997406075837,29,-1
s016,2.2287753101916628,3.4165567416992415,0.695908569624334,31,-1
s016,1.515937867048563,2.673055539908103,0.4589667895245092,31,-1
s016,1.701906348738658,1.540934966043584,0.5287827251429149,31,-1
s016,1.7725572844775364,1.5939256886622468,1.0643538699695922,31,-1
s016,0.48263562576856467,1.6911044120371905,0.1896051417070563,31,-1
s016,3.3646350086818133,3.8808922999356907,4.474099660918128,31,-1
s016,4.564938081674953,2.3641898292449084,0.4928117547920181,31,-1
s016,1.9846189160882484,1.8194268484073828,1.1637785684586708,31,-1
s016,4.008048281864067,4.25674258076485,3.455313288461065,31,-1
s016,0.7560304665045094,2.1565213124702294,0.47029228402494183,31,-1
s016,3.625808861216974,3.0418423123473977,0.35042122723712216,31,-1
s016,1.557599728020957,1.974037832862721,0.4432630916957769,31,-1
s016,1.766595057886793,2.928137865204557,3.737248153469777,31,-1
s016,2.416785683417185,3.013667071747195,3.319459372030972,31,-1
s016,2.7548457041466654,4.102608980269969,2.2499673928880766,31,-1
s016,0.45074712910784753,1.866796830029383,0.688843303547541,31,-1
s016,0.7337895532374875,3.4215677386925516,1.086624915106144,7,-1
s016,2.081474698989764,2.311516721025371,1.2019479700112834,31,-1
s016,0.8785431315258625,1.6418045006583508,0.8550445029117358,31,-1
s016,1.877899776245656,1.3733269400257873,1.3202541588750527,31,-1
s016,1.853375825192858,3.2197509183517634,1.3453347072221538,31,-1
s016,2.4167975671252817,3.809660285227498,1.351377079572028,31,-1
s016,1.4248892976194711,3.795178067831249,-2.1507555598014205,16,-1
s016,1.4459173470959035,1.6410880624538846,-0.2691218235708958,31,-1
s016,0.9257170094270877,1.5211046407557227,0.8437344395074378,31,-1
s016,1.4647794616714622,3.4412742291848644,1.4994638628157475,38,-1
s016,1.2817162909893938,1.7635352764887253,0.19926368060212513,31,-1
s016,0.9519475216509592,1.7458070646573576,-0.05299604694541427,31,-1
s016,1.2482368966575117,3.4588504245810796,-1.1784825145652291,7,-1
s016,1.9274747747617644,4.253442225761111,3.487980640445249,45,-1
s016,0.8705108337687847,2.511800812073278,0.6017891132957242,31,-1
s016,1.104156347008799,2.342210754066498,2.083307170275467,37,-1
s016,1.0935203240067206,2.3040322702683342,0.9603333351102704,31,-1
s016,0.8869108757558155,3.0214009052728263,2.0510873776781087,37,-1
s016,0.03108482197618523,2.2510324932169237,0.8380579465420966,31,-1
s016,0.7450517710029074,2.0227729941626658,0.45598034885824307,31,-1
s016,4.181765895338411,3.6351466943063486,4.58294457649862,45,-1
s016,2.723568180647975,3.1445634019372832,3.0042182599612683,38,-1
s016,-0.11389027938717369,2.7516837500746236,1.0721271304887348,31,-1
s016,0.24448158090289188,2.3017599079870297,0.09376681454441531,7,-1
s016,1.2362197863092539,1.226433148706061,0.5102922271660832,31,-1
s016,2.2541065883977796,1.45415177867289,0.28610741168401865,31,-1
s016,3.5809587258254294,2.164665636543921,-1.3301273634885191,16,-1
s016,1.024719089342692,2.602473562931467,-0.5507249406469292,31,-1
s016,2.4385581272182137,3.285982387200869,-1.637439306633111,16,-1
s016,0.9626346030904586,1.80644997725719,0.17873524111330882,31,-1
s016,1.8210249526031983,2.8126487673301273,-0.537889506377603,31,-1
s016,0.4336520910025599,2.092721651313698,-0.9598788114481785,7,-1
s016,1.0414807003105608,1.509574218383065,0.39574089789920813,31,-1
s016,1.197057405873055,2.039440271457792,-0.04674866868663122,31,-1
s016,2.8492334113531905,4.117463756573538,-2.438160333030311,47,-1
s016,2.1359615229260025,3.8009879307697507,-0.35116673540700427,31,-1
s016,1.078594421033826,3.044802498448862,0.6148939518191616,31,-1
s016,2.121089495023836,2.9757065446326103,-0.45677684159463483,42,-1
s016,1.6439403591241,3.6501236075539225,0.7646928310839285,31,-1
s016,1.2881935730673104,2.293768850802849,0.6027763599991941,31,-1
s016,1.1485412076073285,1.7673432114207346,-0.7533204839338936,47,-1
s016,0.64498798321906,4.025291501384595,1.344749635731327,7,-1
s016,-0.32333031064947443,3.5551313542472482,0.8315220903507304,7,-1
s016,0.2639176247376864,2.252911322113332,0.8088369491720196,31,-1
s016,0.029447982538511795,2.367074406870874,0.37942104608905386,7,9
s016,0.5895389972356819,2.1720401280086814,0.6681710280830421,31,-1
s016,-0.1456165094010143,2.111638943485803,0.6118155249038553,7,9
s016,0.34834517459098874,1.806018770633571,0.14320447775563705,31,-1
s016,0.6298464097613986,3.22223945835079,2.2640410784345675,31,-1
s016,-0.24875690317000132,2.4756299182139747,0.4569487175184377,7,-1
s016,0.7255205552806732,4.247828180131553,2.1834550349959936,45,-1
s016,-0.020089636735308596,2.9733243815368926,0.3971216410873795,7,-1
s016,-0.42682334517838816,1.4418204714409668,0.24316303394106467,27,-1
s016,3.07486528283964,5.289464357092435,1.9188441210637424,38,-1
s016,-0.20073263662107946,2.977945601484913,-0.1707743768488231,7,10
s016,4.789239657091323,6.018497412484192,-6.201488552256096,30,-1
s016,0.2460655536126675,3.1530039607605134,0.17635046432637286,7,-1
s016,-0.7166293032526886,2.6203364563599463,0.638580566915968,7,-1
s016,1.6534991023526195,4.041779247741171,-1.9987164131801027,16,-1
s016,0.8683672794746101,3.8166238986329026,0.8789171770540173,7,-1
s016,-0.08348213004982623,2.7878025569421423,-0.25089107639227226,7,-1
s016,0.5757216467921463,2.4493613044969686,1.1319982983225885,31,-1
s016,-0.5008058357580825,3.4001302601993917,0.08608302218575621,7,-1
s016,-0.6999018127304935,2.4839185204529004,0.4096008392121878,7,-1
s016,-0.8507522093014376,3.293370860356741,-0.29478857104546097,7,-1
s016,0.7066226729761379,2.365497648071352,-0.7819322252403597,7,-1
s016,-0.46520714811029873,2.459493246589564,-0.21359353024761973,7,10
s016,0.8661115704939666,4.0522934980391945,0.8911270855461221,7,-1
s016,0.33565146121330014,3.225638197252885,-0.42046166813751096,7,-1
s016,0.7002242298692484,2.9512329197304847,0.30604221056300374,7,9
s016,1.290033273998518,3.1931819563739006,0.7546552395374004,31,-1
s016,-0.26517464601019947,2.394573511048662,-0.34214258456260116,7,10
s016,0.048328057228887514,2.5082815856147107,0.24647695442145062,7,-1
s016,0.2955225170431142,2.0930542002516654,0.35750930660110464,31,-1
s016,5.312743398580601,6.634020917514442,-1.0211796150427928,38,-1
s016,-0.9233644167456923,3.969361467216029,0.6544942584136804,7,-1
s016,0.7745435905233746,3.6809697961814605,2.3054375186729597,45,-1
s016,0.944291434499755,3.981819145374281,1.4149612789215915,7,-1
s016,2.625860672931651,4.27319242777184,-2.7571688099761107,7,-1
s016,0.700500714331169,3.898498229334962,0.8905884129770624,31,-1
s016,1.0371008883072454,3.961139321574283,0.5798598678721777,7,-1
s016,0.509040645329317,3.8733813682616933,-0.05190160341754345,7,-1
s016,0.565404251152153,3.9422431616322915,-1.5934835705850656,47,-1
s016,0.4001252240645372,3.404750111762045,-0.810138610593404,7,-1
s016,-0.7925173049957467,2.444103270608396,-0.4610348722996523,7,-1
s016,0.23069805127944681,3.3022139854498853,-0.6283338126534448,7,-1
s016,-0.6996925170911444,2.7202795163131044,0.5721905802611171,7,-1
s016,0.2934536628389284,3.406915598651206,0.9239626120725919,7,-1
s016,-0.6002679830820947,2.676396387690116,0.5937752056554586,7,-1
s016,-1.3114247044600897,2.832721306818483,0.3176870582238932,27,-1
s016,0.024605347367978037,3.626787357461667,0.1405509584862823,7,-1
s016,-0.7565350631564538,4.055459533787614,0.5910840066655009,7,-1
s016,1.5228289187926356,5.469005474176677,-3.4539796808874255,15,-1
s016,-1.5841523103060942,2.6833552057179477,0.34964808978884243,27,-1
s016,2.743491555227754,3.1944476712995225,-1.3727089867198718,47,-1
s016,0.7137871660486976,4.628400139889116,0.07619699149935501,7,-1
s016,3.2001929113844274,4.34921302304774,-0.06772067390597161,32,-1
s016,-1.0880681175643943,3.704371168988482,1.015147615023205,7,-1
s016,-0.28379097733024694,2.5692801606349254,0.23107365080994424,7,-1
s016,0.7954690474510111,2.999534602877915,0.6043191499369576,31,-1
s016,-0.9970064473748188,3.996760624253654,0.02531040822509075,7,-1
s016,-0.13942443999999218,3.0138135528402774,0.679807282353756,7,-1
s016,0.12386596594834236,3.940673465606235,0.6292538010137171,7,-1
s016,-0.7753730934744946,4.625397650509688,0.4728034761368234,7,-1
s016,-0.8037828679051386,3.310630938107432,1.0805582634958637,7,-1
s016,-1.110724460964139,3.739316840987519,0.17123832529143831,7,-1
s016,-1.2203403372871964,3.9832076256961093,0.19048307197837985,7,-1
s016,-0.03125316395741381,4.755439887847425,-1.4297000272087221,7,-1
s016,-0.8066999224732557,3.9515516100789574,-0.47047781315645926,7,-1
s016,-1.3237616480220895,4.119111892941557,-0.1734525471369182,7,-1
s016,-0.6919414806663373,3.7739105656506813,-0.23408347410056246,7,-1
s016,-0.9303514716171754,3.7863075151835877,-0.0011036369616212987,7,-1
s016,-0.6045664669337435,3.3161151495622083,-0.33338121106887325,7,-1
s016,-0.31177777074073787,4.350234523126061,0.015278241363596106,7,-1
s016,-1.1632465213955807,4.470153851736253,0.4161934188706211,7,-1
s016,-1.680322390634426,4.717245458146013,-1.0773956306077053,7,-1
s016,-1.8396788955539987,4.003947746506871,-0.06523415727307007,7,-1
s016,-0.4821464905111007,3.684299443769105,0.057366605993917345,7,-1
s016,-0.33440707360739785,4.080575502898182,1.0678748224868715,7,-1
s016,-1.2773956019525572,3.4003769435294644,0.27094854619963904,7,-1
s016,-1.0878912918280055,3.8773446902185142,-0.09490753423246018,7,-1
s016,-0.47511138764666144,4.035489541742143,-0.25215009060317845,7,-1
s016,-1.559272811432028,3.828129980556966,0.3369523723993417,7,-1
s016,-1.1255788986976005,3.8980650754200066,-0.4158280247859897,7,-1
s016,-0.323918537241595,2.532186948031294,1.849035223695266,7,-1
s016,-0.6117037388428668,0.47036751014487294,0.04534704018975261,9,1
s016,-0.27981326521605027,0.022862544502311025,0.07845538079271877,44,-1
s016,-0.3406855647334994,1.4425558382179828,0.03953417643254775,6,-1
s016,-0.2412140151716425,1.2746166686787974,-0.045216984556330095,27,-1
s016,-1.545672246220744,1.2699633964070267,0.38678563636196006,27,-1
s016,-0.3379008796981937,0.7747801700639899,0.3988576273492189,6,-1
s016,-0.37242129959621023,0.3488260712131377,1.7308652771229471,14,-1
s016,0.548788461343092,0.9534773600452138,-0.6716904490764467,31,-1
s016,-0.001991810061138138,-0.04877709218934242,0.968955364659554,35,11
s016,-0.13047507285690155,-0.39921048021995564,1.2617050747199876,35,11
s016,-0.49594811376695874,-0.16347246989366568,0.05370173453192424,6,-1
s016,0.2559905640404179,0.30962580222672514,-0.10175528744656161,6,-1
s016,-1.0528124913563723,0.7686298963927697,1.1085834372900207,35,1
s016,-1.6758323112971076,0.7854598411300602,0.20003921545182915,9,1
s016,-0.5529226050938796,0.8450171690661735,1.3569547824622885,35,-1
s016,0.676049756823508,1.514300840777789,0.783711907390028,38,-1
s016,1.075837351774303,1.466419580963672,1.9358522190293663,42,-1
s016,-0.5216872665714433,1.812524140673185,0.9083510791118978,0,-1
s016,0.25949605663165504,2.5349622256639344,-0.9647971063676501,7,-1
s016,-1.3272606460948255,0.9068299676655596,0.12268153458372293,9,1
s016,-1.2745510525391124,1.4695512053212885,1.2592097180025887,35,-1
s016,-1.7107458824936432,0.3317714274597095,0.26693873172163,9,1
s016,-1.6252366742056656,1.318640326996203,-0.004693308806269181,1,1
s016,-1.1396360116328892,1.1238370719942534,1.306839222869031,35,1
s016,-1.7268674137214324,0.7972016059338441,0.4483316764349481,9,1
s016,-1.7023310175894293,1.7556864050233638,-0.3370226157386062,27,-1
s016,-1.3763566426946723,1.2737271757139221,0.725742058133449,9,-1
s016,-1.6497460362102225,0.7043680965428689,0.2417677185207663,9,1
s016,-1.5319810614637606,0.3133041797553095,0.6781132135025232,9,1
s016,-1.8785648943747553,0.9187162056166939,0.3892219620634033,9,1
s016,-0.995189890639091,1.7050450233715813,0.038360582980845645,9,-1
s016,-1.168743708771533,1.346558151033995,1.7442638431173485,45,-1
s016,-1.9016642268317514,1.0100351903786606,0.5068851016692615,9,1
s016,-1.8124175542685963,0.7308375725996102,0.6380102605877207,9,-1
s016,-1.9393891130296155,0.9765182317968868,0.37592797244084786,9,1
s016,-0.44347270526219384,1.0590626590726768,0.2324349699282391,44,-1
s016,-1.9968083877763598,1.4779729883140305,0.6145466606700563,9,1
s016,-1.5359018565873375,0.1961477188404918,0.7053736078797674,9,1
s016,-0.22423237276103897,1.7484154226322566,0.9940282810189217,6,-1
s016,0.65721329398848,1.4927761306954987,1.1305643848712967,37,-1
s016,-1.0218155081585414,0.5714440401414497,0.4174873019464375,35,-1
s016,-1.3644644612779684,0.8122126140542959,0.558536238570361,35,1
s016,-1.7737106309780286,0.5437509507768097,0.4359142568120903,9,1
s016,0.1681063090862843,3.8650842993195433,-0.15909695017827327,7,-1
s016,0.03719382284203267,3.344232076273457,-0.9370320741315115,7,-1
s016,-1.0083476228163397,1.7147071409294126,1.1105418852047781,27,-1
s016,-0.221752433965291,1.899583413440215,-0.5938398788251137,50,-1
s016,-0.15688908607557744,3.133477329086488,-2.5261876948011,50,-1
s016,0.712409542662243,1.8122900457018947,0.078338412930393,31,8
s016,1.093051727959459,0.5731009480927403,-0.4782470771328274,31,-1
s016,1.9401130753123088,2.0795495734317915,1.0972538802101022,31,-1
s016,-0.9836762775086205,0.43140677792324134,1.3283957961279271,9,-1
s016,-2.2922013966409285,0.7612221557066654,0.2290538007463011,9,1
s016,-0.673835916230746,1.0292119980945265,-1.4131419322225138,50,-1
s016,-1.3052468597064415,1.6283710540164147,0.11386530162070821,6,-1
s016,-0.6558174141830184,0.987966423132589,0.5758172136449167,35,1
s016,-1.3686909282994841,0.6627715525387677,0.5197068772206411,9,1
s016,-1.1251463951896172,1.1812656818444116,0.6331530749101202,27,1
s016,-2.3368816691356944,1.1264638689401105,0.5699583914996862,27,-1
s016,-1.0559347821453238,0.7022027444452817,0.44203690123027306,9,1
s016,-0.8258920473480718,0.6580705543375165,1.2186290378323952,35,-1
s016,-1.4520649858973158,0.17958393040550205,0.038779168323334966,9,1
s016,-1.4161584188047769,1.0408311058099693,1.0683267247286408,27,-1
s016,-1.5521778226344136,0.2903617294131336,0.655365511005466,9,1
s016,-2.1865281586832723,2.556691413561111,1.4797314208848902,27,-1
s016,0.4285534798777418,0.9954904118387568,1.2140899137433798,35,-1
s016,-1.454701689208868,0.5704148047833547,0.4905296297307692,9,-1
s016,-1.0314899099627692,2.2221092964529623,1.1059994371501518,37,-1
s016,-0.8949996486831182,0.5245674347219315,0.36769173265868343,9,1
s016,-1.863562605469195,0.20057992969616611,0.9425968271745637,9,1
s016,-1.5703753503663165,2.0121259383402443,0.6495619190555768,49,-1
s016,-0.9786847796594657,0.39938796465951315,0.554050716994265,9,-1
s016,-2.0834563264911896,1.1908682244974653,0.39035174067760575,9,1
s016,-0.021483110152157966,2.387214002161471,1.624091644885282,38,-1
s016,0.33219712705843213,2.322402559615499,-1.0305764250987939,16,-1
s016,0.9546543497238013,2.9260044435779244,-1.411869675045283,16,-1
s016,-2.0536399125553095,1.9672902704671764,0.46039131117812104,27,-1
s016,-0.631378906831971,1.647669321032541,0.25476981943632415,35,-1
s016,-1.105831415836093,2.5756566794610207,0.40577581579885585,27,-1
s016,-1.4085207293293367,1.4231392021366036,0.13453824351679358,27,-1
s016,-1.0912725440188116,1.8390517972771636,0.003286561066678888,27,1
s016,-1.3161444939639022,2.618926635593646,1.244290537470189,35,-1
s016,-1.588933586885197,2.0689722651554994,-0.2952323188968048,49,1
s016,0.16693533362137736,1.759901655280812,1.0833620271211273,35,-1
s016,-0.21497012549665392,3.858621825461558,-0.9694532781101866,7,-1
s016,-1.341469918266519,3.338267448119764,0.4637507791036117,7,-1
s016,-1.425915319335321,2.388092907971252,1.2015831411351707,27,-1
s016,-0.38937012916359925,3.950909751381743,-0.2032052696819547,7,-1
s017,0.11406126143552908,-2.918712242764129,-0.5060588126382111,55,1
s017,1.757441261569298,-1.5710284423491383,1.6304561942295184,52,-1
s017,0.17915583138115737,-2.789666143228369,-0.22334262451699585,11,1
s017,-0.009552189082816737,-3.187233480800399,0.283840437107536,55,1
s017,0.5584791035161687,-3.2510669995765054,0.8508312873698094,11,1
s017,-0.20588551292385385,-3.6960338525933834,0.07578118967482753,55,1
s017,-0.18581198570327565,-3.8205463145874443,0.04725252562110374,55,1
s017,-0.3496729971463053,-3.575756885051453,0.06517759601220315,55,1
s017,0.15731661983572623,-3.395645908097256,-0.39593973568370644,55,1
s017,0.6235667531908696,-3.513358700436515,1.0168915626739834,11,1
s017,-0.08811965128508308,-3.8696005289937725,0.27198821387701533,55,1
s017,1.4897415978387825,-3.0517747218270097,0.6065956041281979,11,-1
s017,0.6485209711894324,-3.027934918024092,1.9085525122127982,52,12
s017,0.6831339087353964,-2.686345655392264,1.853232682719666,52,12
s017,-0.966342287814095,-3.0981991210259303,-0.04312530235200971,55,1
s017,-0.16348463964917762,-2.9932540100809715,1.0443695538210216,11,1
s017,0.32724555452794024,-3.65495130632181,-0.3131055254371883,11,-1
s017,-0.7342864552549647,-2.904524931897731,0.026054275225538697,55,1
s017,-0.358871414329411,-3.1441634780749457,0.2719585894492957,55,1
s017,-0.4582971309411842,-3.366163087228902,0.7168551784909916,11,1
s017,0.1478623425253296,-3.264085384962552,1.1489434030256165,11,1
s017,-0.5358587259078545,-3.233987796144459,0.2905300347627893,11,1
s017,-0.3340571503176878,-3.125503569461167,0.5454534008903439,11,1
s017,0.02318662333216654,-3.168677717711938,0.5337214055661352,55,1
s017,-0.4149722292093463,-3.175744171100156,0.24370999678871885,55,1
s017,-0.6219278302585897,-3.0451482814029345,-0.043077028767952774,55,1
s017,-0.04169376944030411,-2.7948659259101296,0.7200261695721074,55,1
s017,-0.41892250229169653,-3.331798643554983,0.03568299376853173,55,1
s017,-0.3970839612192532,-3.2434688723147875,0.36185686351110014,55,1
s017,-0.14816235757724258,-3.3065199030907473,0.7221408958959071,11,1
s017,0.0031243730870202466,-3.0570936822393318,0.5511837349483419,55,1
s017,-0.7823294798301978,-3.538824455376633,0.07216081684608465,55,1
s017,-0.5775515153481322,-3.3374852270043402,-0.13691487447239645,55,1
s017,-0.475320673213458,-3.8740679427464686,-0.12092533622340518,55,1
s017,0.9100034366306088,-2.70334362074422,-1.6743272845024446,2,1
s017,-0.5186470520963598,-3.6056220264894616,-0.04895170532088507,55,1
s017,0.09999783458472035,-3.4072535775607156,-0.37669849314483267,55,1
s017,-0.3856464247692585,-3.0886543594964997,0.3362343770853724,55,1
s017,-0.6991333928960444,-3.4607444276706447,-0.07469338039634175,55,1
s017,-0.3315384321976115,-3.7775406649348215,-0.16269430283537362,55,1
s017,-0.1911799352180177,-3.3647079514053964,-0.32001315707876754,55,1
s017,-0.39558388128542,-3.519843296803614,0.22843551386454872,55,1
s017,-0.511609889782109,-3.8744661058426977,-0.1061464710917686,55,1
s017,-0.5258300982782781,-3.039069885250377,0.0874550992962987,55,1
s017,-0.0036226070451818235,-3.5856878191408317,-0.6005913097634986,55,1
s017,0.9320631187196379,-2.5665122003993677,0.6714646293804359,11,1
s017,0.4952581251277662,-3.801126881794517,-0.5556353319170648,11,1
s017,0.21730868586185279,-3.607177085190749,0.34242421833821846,11,1
s017,0.29508913469728953,-4.016166569378494,0.372690817744974,11,1
s017,0.6202210414628054,-3.638394047332524,0.6294892498450815,55,1
s017,-0.013820591513813702,-3.881324194617309,0.11758627305759776,55,1
s017,-0.05272897107009629,-4.276440371518476,0.06065050807053638,55,1
s017,0.17378371102683096,-4.201033436477488,0.004213889570704243,55,1
s017,0.2762290304510026,-3.8271111114322043,0.5614675343507358,55,1
s017,0.38336091467594763,-3.6739651572528875,0.6397494347170327,55,1
s017,0.025422837667703067,-3.9716967946886643,0.08826651563755482,55,1
s017,-0.034394272814052454,-3.835105283251957,-0.47038140231602943,55,1
s017,-0.11540453558190374,-4.109723205929823,-0.013076274567520951,55,1
s017,0.1411362592066449,-3.821874035126101,0.2992457841417101,55,1
s017,-0.5151655341438631,-3.731902030006437,0.000220335064666283,55,1
s017,-0.7289159962364543,-3.720631875923149,-0.06396994264701461,55,1
s017,-0.14658131781832734,-3.304735318263535,-0.6108286189224454,55,1
s017,-0.06322165818169176,-3.963215721417324,-0.5486484290786998,55,1
s017,1.7438982400989642,-1.8344514119892086,2.8470791520838805,52,-1
s017,-0.7776559975680725,-3.2617874127863202,-0.4550019694236993,55,1
s017,-0.2379959856145059,-3.507345891022288,0.2687494554344717,55,1
s017,-0.3915431259365209,-2.6129770421388225,1.1025701834521855,11,1
s017,-0.9098749756899486,-2.9992177706364815,-0.08912615429229767,55,1
s017,-0.9292216704127201,-2.606385101665743,-0.4709057999467577,55,1
s017,-0.9702785492846134,-2.924871571583825,-0.19205726851447943,55,1
s017,-0.48086661241774303,-3.4954423652248003,-0.020915155986029388,55,1
s017,-0.23869783861774477,-3.6708891798204,-0.21285206029756523,55,1
s017,0.34513879095652844,-3.382473899166717,0.6085303878063708,11,1
s017,-0.20892070979500119,-3.9270973338585127,-0.1537274679605536,55,1
s017,-0.13037280118154992,-3.911252323545759,-0.06977143748514894,55,1
s017,0.24024836140163228,-4.124740213695007,-0.30543597319141663,55,1
s017,-0.2966889898024277,-3.7576294372526524,-0.037148113649210404,55,1
s017,-0.46135732351137404,-3.662715579710067,-0.030177061317370878,55,1
s017,-0.6932081680485498,-3.5681150391810696,-0.05873883640610916,55,1
s017,0.23730385692440317,-3.0352437810406334,-0.2410191749213318,55,1
s017,-0.36381135430283,-3.558274099334657,-0.2089494781638086,55,1
s017,-0.379183445151855,-3.5463672154013306,-0.15029626022328696,55,1
s017,-0.4101938049099216,-3.4000690487164786,-0.20280555561514213,55,1
s017,-0.8146403010276416,-3.0979154237836113,0.06963650119104141,55,1
s017,-0.07727218602941774,-3.6936783112780054,-0.44727147805409534,55,1
s017,0.6665568367654345,-3.3943086876900836,-0.7891958029835193,11,1
s017,-0.03685611128657662,-4.030270982929453,-0.3392463768963397,55,1
s017,-0.20370806260506802,-3.449233959780236,-0.14541486223594885,55,1
s017,-0.2016390748539145,-3.581241638133267,-0.31778640534154823,55,1
s017,0.06328429231120647,-3.1344242476121003,0.6403645101033322,11,1
s017,-0.1955607629578298,-3.403229103973708,0.17272137469527643,55,1
s017,-0.3766987491639906,-3.474406923907023,0.09182484822168999,55,1
s017,-0.10697273181040168,-3.3176687930138002,0.20457484187592212,11,1
s017,1.0265220234571018,-3.4815787739687725,0.35733024278169334,11,-1
s017,-0.49602194083209505,-3.200379426680079,-0.0467448912840746,55,1
s017,-0.6554341005870726,-3.487951587786982,-0.14396188010873626,55,1
s017,-0.3399009392800064,-3.5134457754948865,-0.2311310415827843,55,1
s017,-0.5549238141099047,-3.4435461322209036,-0.16496317849153727,55,1
s017,-0.6773897118935307,-3.1372742012514214,0.09045858138741354,55,1
s017,-0.808296348189578,-3.366159761985739,-0.16607713680210248,55,1
s017,-0.8339720237491107,-3.309786896905555,-0.18500758578782361,55,1
s017,-1.0149703693655723,-2.9098109910633276,-0.17532955043444576,55,1
s017,-0.5949796257311103,-3.218102340669217,0.013183482903179146,55,1
s017,-0.6043698768101037,-3.890251956293726,-0.10796984450829931,55,1
s017,-0.5674673179609108,-3.2748337778903767,-0.3740179935743109,55,1
s017,-0.5315624848693957,-3.4081841036863922,-0.5817954538683209,55,1
s017,-0.5819337216741923,-3.5193229926478264,-0.38672481478789156,55,1
s017,-0.5605025997089921,-4.005586041609249,0.20360936409370295,55,1
s017,0.009010273830394459,-3.6664705317051105,0.7108423528299129,55,-1
s017,-0.6940110120380313,-3.5145229272868024,-0.28712420492461327,55,1
s017,-0.7402076562216929,-3.3240790447930766,-0.2075821222059319,55,1
s017,-0.13145128539544457,-2.816234423409051,-0.9876365754535866,55,1
s017,-1.0544032378361665,-3.5265573338211733,-0.16453805424638962,55,1
s017,-0.4772658435040701,-3.883444259658642,-0.21198186300161162,55,1
s017,-0.6896106815717055,-3.7035337050281254,-0.3874497341074101,55,1
s017,0.6645978414544562,-3.6643189565730587,0.5877474100160279,55,1
s017,-0.49419279499080226,-3.8964723255868563,-0.051288427156361706,55,1
s017,-0.1554395891980962,-4.137675136796823,-0.32501226713069115,55,1
s017,-0.5983585157656944,-3.9601709227378707,-0.11315507474265023,55,1
s017,-0.6003639207696561,-3.6734820010406892,-0.12944255709045258,55,1
s017,-0.511467295647467,-3.7166877311644746,-0.2249861388876001,55,1
s017,-0.8176634404049524,-3.084261330739319,-0.20733744953704486,55,1
s017,-0.19998131265844632,-3.098434510637566,-0.4119735661482341,55,1
s017,-0.4807158893503565,-3.5823316962381035,-0.38769807546803053,55,1
s017,-0.3270026259279118,-3.964948092175437,-0.3898343372058661,55,1
s017,-0.5722376459123637,-3.8526051700064445,-0.2171200211538959,55,1
s017,-0.752329351438728,-3.5798852592445254,-0.2500393964203986,55,1
s017,-0.6314059442880383,-3.6343435511043127,-0.382761241522888,55,1
s017,-0.5916100572701573,-3.66644540306231,-0.30344145175646337,55,1
s017,-0.5346942565805991,-3.720167089640977,-0.20960645847694692,55,1
s017,-0.7632334806045618,-3.6570760050697997,-0.2459966512446869,55,1
s017,-0.8519373335317588,-3.624414290016994,-0.19746764463311423,55,1
s017,-0.5975901189071439,-4.115914235374094,-0.3604195840621505,55,1
s017,0.10449149668704065,-4.05190839254781,-0.5498556007891997,55,1
s017,-0.8643539932082005,-3.773153814532231,-0.12052934642923928,55,1
s017,-0.32571610640882165,-3.4050129789294883,-0.4035354158069336,55,-1
s017,-0.9059597258561171,-3.48319319211944,-0.3430594299998837,55,1
s017,-0.8334107003957141,-3.9143065987815144,-0.21026034388663606,55,1
s017,-0.8524360649599123,-3.438223426640975,-0.1551897360157755,55,1
s017,-0.9408816384431343,-3.399495860272268,-0.3591235244395592,55,1
s017,-1.0545857583860754,-3.401077997846684,-0.221585773250104,55,1
s017,-0.6672327004378485,-2.995960224470036,-0.7192546130123052,55,1
s017,-1.0643455870573337,-3.6680173842816317,-0.17723128241904215,55,1
s017,-1.146705434861216,-3.2881322663923003,0.0003384265746959427,55,1
s017,-0.9431010597260483,-3.780972520305706,-0.18954994066683872,55,1
s017,-1.002511931987154,-3.560419652204032,-0.2158846688928519,55,1
s017,0.6359740541497202,-4.426228229453393,0.8522688160729435,11,-1
s017,-0.8441161770374469,-3.385048250915512,-0.26651081822925266,55,1
s017,-0.6187191425120572,-2.6796851883919466,-0.009649905891816368,55,-1
s017,-0.43130602261128315,-3.5712480075042126,0.05635221050362867,55,1
s017,-0.4076773559481221,-2.986888539718767,-0.4940734794112988,55,1
s017,-0.3465123627144248,-3.262843471593256,0.11086091939171044,55,1
s017,-0.6828087295236202,-3.3652451843980797,-0.23245057463568136,55,1
s017,-1.13710121752165,-2.8903443200160384,-0.24664165777322164,55,1
s017,-0.942123377298478,-3.0535853538253854,-0.12525652531908704,55,1
s017,-1.0401361453816842,-3.1571649563020077,-0.16574803554714412,55,1
s017,-0.9351489466518023,-3.347720964064062,-0.22109140244589026,55,1
s017,-0.45525803025185313,-2.5986339525165345,-0.4232573929857079,55,1
s017,0.9489010896570552,-3.317159636647408,-0.6818545797420381,2,-1
s017,-1.0125292494973803,-3.202464075798429,-0.27716563777080006,55,1
s017,-0.8760932847415182,-3.164486778873977,-0.19503243853335125,55,1
s017,-1.0705403371716813,-2.742313672058702,0.024285945750222554,55,1
s017,-1.1677062314895617,-3.0484033937710633,-0.23452940770378336,55,1
s017,-0.9033629997470217,-3.10432086848226,-0.23433215273229221,55,1
s017,-0.46640084329374526,-2.9812227223164967,0.06404680680779277,55,1
s017,-0.7223133059140648,-3.219697122848304,-0.2166737868475085,55,1
s017,-0.9973110362162876,-2.9562108880228237,-0.36272120514294337,55,1
s017,0.20696019985302633,-2.425962404011448,-1.6109431508967,55,1
s017,-1.0534929023186566,-3.116141571038124,-0.38369367783298464,55,1
s017,-0.5498956131137345,-3.2930765845506196,0.01432951865677264,55,1
s017,-0.6114978848152632,-3.420973347618895,-0.28856840101719594,55,1
s017,0.23927098216372314,-2.0767748894678157,-0.9600789242721862,55,-1
s017,-0.8621478710267126,-2.8852780278983983,-0.06294675238552828,55,1
s017,-1.0688918863176693,-3.119663746405278,-0.2314660222869683,55,1
s017,-0.8958183773218699,-2.919500878094013,-0.14375052509804231,55,1
s017,-0.7796865511335183,-3.635479153796296,-0.10782517988375576,55,1
s017,-0.5034061079120214,-3.136867976175039,0.4065188684467999,55,1
s017,-0.7052711355728805,-3.0254245154086687,-0.3829282065034114,55,1
s017,-0.47482018466020576,-3.6751375691476937,-0.26738869195655823,55,1
s017,-0.9639714261728054,-3.4289358116864688,-0.1534770248630675,55,1
s017,-0.5564922018862408,-3.2203679941675296,-0.3089389242490559,55,1
s017,-1.0414425925697308,-3.1980641100989198,-0.22251352515865266,55,1
s017,-1.0008583312034482,-3.5094880529647856,-0.13324065808901908,55,1
s017,0.4425114609896758,-2.440860450307953,-2.5345850686366536,50,-1
s017,-1.1917562862189786,-3.317012965271248,-0.05328711496913863,55,1
s017,-0.6272085694637738,-3.029163761029943,-0.858858445152481,55,1
s017,-1.0127002062732366,-3.488886418659228,-0.12340814304774611,55,1
s017,-0.255147197530854,-2.583447580816923,1.1970815061554057,55,1
s017,-1.1381886992102759,-3.246325999513992,-0.2101367770428198,55,1
s017,-0.7186226930983645,-2.4888473561870863,0.5142333563207302,55,1
s017,-1.0595195194033136,-2.9931741120437283,-0.12278179046819697,55,1
s017,-1.133098180289624,-3.1736795476297073,-0.19275756009578865,55,1
s017,-1.4929603457789986,-2.8704703780160843,-0.08826582498462339,55,1
s017,-1.0953876969091796,-3.3024299670806765,-0.026533969311300285,55,1
s017,-0.9848594507529167,-3.5754310469260155,-0.21723613852636872,55,1
s017,-1.0385168936219555,-3.0727829734116607,0.0209601523781059,55,1
s017,-1.2799390075657535,-3.0879278212330283,-0.144288643026429,55,1
s017,-0.02466466532629211,-2.7301053188215794,-0.5842325844065303,55,-1
s017,-0.5720049309567227,-3.152126313768787,-0.7875201548879925,55,1
s017,-0.9416261113086549,-2.5156387623419185,-0.34754361785792054,55,1
s017,-1.1393523476124177,-3.173357240438016,-0.08578791807047656,55,1
s017,0.35728519534232495,-3.0966025305860074,-0.130474488421697,11,-1
s017,-1.613362292176413,-2.784969732019609,-0.10850409500539673,55,1
s017,-1.0701751221047586,-3.1943277613148613,-0.07881445878263342,55,1
s017,-1.1289689863813483,-3.2196419520411523,-0.13451995388826116,55,1
s017,-1.0045190144714924,-2.778566118620907,-0.36049175416261203,55,1
s017,-1.4011344050996262,-3.280457595785452,0.04595387075353047,55,1
s017,-1.3824654742902065,-2.981015160690632,-0.011553880925731865,55,1
s017,-0.7720377548047391,-3.003407687075989,-0.30626342213018193,55,1
s017,-0.7412863965413546,-3.889541758591293,-0.028947650530370975,55,1
s017,-0.7946076794988454,-3.175010826994412,-0.6750117671759291,55,1
s017,-0.01313246304715797,-3.1116905406746573,-1.0953272131736147,55,1
s017,-0.9606836525254477,-3.636994681098861,-0.18268040051271703,55,1
s017,-1.0554103166806166,-3.1265741227447874,-0.2903631635393538,55,1
s017,-0.9910032868594753,-3.545898800607345,-0.19584178761381424,55,1
s017,-1.066467980242647,-3.5020396138674093,-0.014020877644847721,55,1
s017,-0.8374961514329479,-3.4662824083508426,-0.1026325882361706,55,1
s017,-0.5668150985087007,-3.5373810683758813,0.08554464286613069,55,1
s017,1.0082541905881537,-2.9815442208671468,-1.3977230125447173,11,-1
s017,-0.8036562272550584,-3.9355893438631355,-0.07329860312615867,55,1
s017,-1.0125163740694847,-3.1753080259037136,-0.30769630727809033,55,1
s017,-0.5927225440000187,-3.8548896068340297,-0.3712033432856934,55,-1
s017,-1.1554611050275467,-3.3939179085876368,-0.21604815504392505,55,1
s017,-0.6017617871411113,-4.07358369792704,-0.3186670728381684,55,1
s017,-1.096235741580166,-3.208689193332356,-0.15130859433756608,55,1
s017,-0.8055451793559097,-3.606680820829758,-0.06715769238778706,55,1
s017,-0.7690753671340543,-3.6886342910537633,-0.18439348562142924,55,1
s017,-0.6496646991550581,-3.9206034057276327,-0.25929622686509324,55,1
s017,-0.8286960178453331,-3.703560698179512,-0.039217587220860085,55,1
s017,-1.0472584761931614,-3.2387055862698078,-0.17446887940807315,55,1
s017,-1.2725151981995793,-3.1472835581515346,-0.02466426634113884,55,1
s017,-1.0271192962786353,-3.456902706952281,-0.15562008300444247,55,1
s017,-0.1904282183025283,-3.3692366549194173,-0.25868039514885754,55,1
s017,-0.17284682205349555,-3.9282215824013447,-0.04170224399811046,55,1
s017,-0.585524572139526,-3.749162748001649,0.04291779941081987,55,1
s017,-1.0347079435607542,-3.4580600698500206,-0.1866728509333252,55,1
s017,-1.030400781987842,-3.4532665616067075,-0.2103109977139772,55,1
s017,-0.910875487952792,-3.800574531160817,-0.1143321181263859,55,1
s017,-0.5780791711021613,-3.6970601087986728,-0.39488134430738353,55,1
s017,-0.6567104838444974,-2.8257009224331386,1.0057643745238574,55,1
s017,-0.9979883868899195,-3.5843297716928437,-0.09803084787459815,55,1
s017,-0.9420252101452378,-3.228999410506782,0.09744742303615467,55,1
s017,-1.2583601764819703,-3.284128641742994,-0.1301168641768778,55,1
s017,-0.7667789537889963,-4.063893105557223,-0.13670541928721203,55,1
s017,-0.2637652480149539,-3.6521930170634826,0.34598421134763585,55,1
s017,-1.295668382948304,-3.2630505684749473,-0.06663600655967374,55,1
s017,-1.0801433814773431,-3.491378796415375,-0.05410254071768034,55,1
s017,-1.064123009594607,-3.399670576580356,0.014743317216974212,55,1
s017,-0.4239762673796889,-3.463248034512935,-0.4926400037307381,55,1
s017,-0.8244332626129265,-3.4673201046979583,-0.08337853408970729,55,1
s017,-1.1327371673765114,-3.5881001791930007,0.06258153815280507,55,1
s017,-0.3525659179131622,-4.094453633815239,-0.2219258359413577,55,-1
s017,-0.30461355297241594,-3.9471294217162165,0.45595653419879456,55,1
s018,1.7620441167426668,2.1935927316935615,-0.845916439286677,16,-1
s018,1.5410566929978806,2.871401147591347,-2.2846208983771645,16,-1
s018,0.926096784056681,1.0355409382153427,-0.6094955979384509,16,-1
s018,-1.1846045756926262,2.771147760315621,0.815498989090049,49,-1
s018,-1.0501471210025635,1.0582614628615092,-1.5047092319111361,49,-1
s018,-0.007005878804983171,1.021377364563833,-0.7955895644249705,47,-1
s018,-1.588245347821311,-0.20731616725035412,-0.5468026181503319,9,-1
s018,-1.066516319580672,0.37093380308705115,-0.6954188664050761,1,-1
s018,-0.9438253396597054,1.2475588024088473,-0.3118033765389546,9,-1
s018,-1.2799856589333016,0.14733454338880658,-1.0199938163155877,1,-1
s018,-1.3246693173873483,-0.18649390234788862,-0.3040682986419976,9,-1
s018,-0.9609304161457982,-0.2937338412225014,-0.5503208059164814,9,-1
s018,-1.888003399324952,1.4992931560438048,0.1371640215743516,27,-1
s018,-0.6327123668185269,1.4493001076484902,-0.5017678863596291,35,-1
s018,-2.182343534255624,-0.09396566434293441,-0.01865189760153805,9,-1
s018,-1.2183944886469582,0.5792103432461746,-0.4302735881412272,49,-1
s018,-0.6552202311653049,0.9674382781824942,-1.1871767365867072,9,-1
s018,-1.1655672699850277,-1.1193130489319454,-0.4540480916161318,9,-1
s018,-0.5610031950156437,-1.8151765544469898,-0.5840852821202823,6,-1
s018,-0.5765735314241967,-0.7848158236926145,-0.6822118444686606,44,-1
s018,-0.9238623785796011,-1.178642883145858,-0.9625944255744912,1,-1
s018,-1.2394937471621807,-1.7286154487316798,-0.3708049176826263,55,-1
s018,-0.760991883080122,-1.6719323051795656,-0.6961564901008754,55,-1
s018,-0.6414605606049989,-2.675956118084812,-0.4031768671671597,55,-1
s018,-1.7359584181998127,-1.4703034936616513,-0.05474909711420443,9,1
s018,-2.133779669061481,-0.10968299463205529,-0.38044331085492494,6,-1
s018,-2.006836940777534,0.6349960753738387,1.0801307961396844,9,-1
s018,-2.482482817494507,-0.5756504634802853,-0.11383848681415656,1,-1
s018,0.23485704427980195,2.35273615278627,0.14103832338414887,16,-1
s018,-1.1248567802424019,-2.334124873605871,0.30604751919345574,55,-1
s018,-1.0364338680467744,0.8589100579517415,0.23978774866145408,35,-1
s018,-0.95823665615765,1.7509804007888823,-1.132566653208708,47,-1
s018,-1.2920969066788484,4.359239057598699,-2.6856016062258194,50,-1
s018,-0.4346579853326608,0.9083095154463424,-2.832872778111204,50,-1
s018,-1.7931541494503138,1.318765209271322,-0.9675259098877229,9,-1
s018,-1.734068035190233,-0.4398550480401761,-0.048384181312433897,27,-1
s018,3.2794816350102116,6.2722565476205805,-0.41909781321242223,7,-1
s019,4.117908955330882,6.329066050187589,-0.7274132745863272,31,-1
s019,2.932201248260643,3.7795459659727335,-0.36709800271926374,31,-1
s019,3.3848241674220536,3.077906881000154,0.22405335869573875,31,-1
s019,3.7158831048017174,3.9160353485208694,0.581071131585904,31,-1
s019,1.6753628938718506,2.217147625053524,0.13315827094531693,10,-1
s019,3.09796823405164,2.0052349140409507,1.2857748159983553,48,-1
s019,2.231418591992697,2.730458717369107,0.3270321333837482,38,-1
s019,0.7775573112599606,-0.25247546291976297,-0.14473556723383962,6,1
s019,2.2394178496224106,0.540066797751009,0.13073872076604925,6,-1
s019,1.2143872798274107,0.9639309354044989,0.3352956991857725,6,-1
s019,1.3237131250724234,0.35918460363818916,0.7485331740249566,6,-1
s019,1.999568621710604,0.579546804008857,0.6164257631105103,6,-1
s019,2.3439722931542293,0.20186775419928796,-0.8449637404348005,8,-1
s019,1.6508336333912628,0.13352621755733043,-0.33916694608980585,6,1
s019,2.9375233800745217,0.885322391390551,0.9172865003567674,48,-1
s019,1.4027844112938843,-0.3354261232766874,0.18445132316019103,6,1
s019,0.7657953527385797,-0.4507932190304618,-0.3172488461781134,6,1
s019,0.7315099754550415,-0.05592801156842305,-0.20866002465177536,6,1
s019,0.9554763548946177,0.1755659436900079,0.4670079898822611,6,-1
s019,0.5838687990886418,-0.30241359395500156,-0.2241579302263399,6,1
s019,1.0274081037740377,0.023264576797548543,-0.0716862648376958,6,-1
s019,1.9439671255246211,0.46895506375958645,0.8637458796578906,6,-1
s019,1.09856857947655,-0.33165930809951044,0.10965731382554618,6,1
s019,0.7351230338946816,0.8599504631042618,0.6186741584532296,6,-1
s019,0.9968914771763412,-1.0040352844602047,-0.38529276120982325,6,1
s019,1.4142283114875165,-0.30167508997914705,0.04921356967354581,6,-1
s019,0.33029336205397514,0.0266675819796817,-0.15765108152712584,6,1
s019,0.2721243535826001,-0.3174199163359096,-0.04914115775453787,6,1
s019,0.2883388237043807,-0.08022538892279509,-0.27877940701226533,6,1
s019,0.48921748490938044,0.7220522680302742,0.32905270380006213,6,1
s019,0.499343927201481,0.8925539635234181,-0.10432902432702415,6,-1
s019,-0.3002319510066749,-0.08348274641111399,-0.03130358874854409,6,1
s019,0.6287092576827442,-0.15029990919290812,0.10876646410309504,6,-1
s019,0.7811636668042141,-0.3672484169205044,0.5795551196128487,6,-1
s019,-0.007306036492928033,-0.23853150729937303,-0.10901157931141385,6,1
s019,0.6773509165803394,-0.9087038352667296,0.15937430221300278,6,-1
s019,0.6020679640433877,-0.26375644495870215,-0.27634602460575086,6,1
s019,-0.2798034552937149,0.2689301434943332,-0.24093894470801178,6,1
s019,0.68133861247987,-0.2631867103183146,0.02493087580993917,6,1
s019,0.3584999709511675,-0.30023946699271353,-0.14443971006672768,6,1
s019,0.17331951953483526,0.14672997435445462,0.31494100740459613,6,-1
s019,0.22404159794947742,-0.11756495153904797,0.19107419478349694,6,1
s019,0.15298115475369445,-1.1323090921408643,0.29631972426155356,6,1
s019,-0.33886210130590855,-0.27490099952002106,0.2394015681386736,6,1
s019,0.11951655547751565,0.483187472771687,0.2666711576293473,6,1
s019,-0.26133373783257063,0.250950257789516,-0.1983576328444186,6,1
s019,-0.04585313222390204,0.10144074852613462,0.3528573098331179,6,1
s019,1.1217246671285905,0.2741859986150915,-1.4048490627466041,47,-1
s019,0.35008884806334917,-0.737198845360265,-0.0012464127566476977,6,1
s019,0.8122149027265047,0.7928410228942684,0.8045950407502934,6,-1
s019,-0.2678169255268729,4.985319112982315,0.8172381176843717,10,-1
s019,-0.7452773593184567,1.5328966974101343,0.15401222593383038,6,-1
s019,1.4291945037246028,3.821363553302741,0.7666892514449487,38,-1
s019,-0.10395501385858576,1.0040655183870848,0.2437536354849998,6,-1
s019,0.5849950169901372,1.418736574939069,1.1365441000334786,6,-1
s019,0.5635139687499812,0.5945141636467196,-0.19448415106646186,6,-1
s019,1.3545636174831674,0.8816049718090718,-0.34174226652560125,42,-1
s019,-0.19625287933549942,0.6605110786040995,0.13433363775719467,6,1
s019,-0.3376176606323531,0.25911657674289784,-0.04785368533899146,6,-1
s019,-0.33674818054512423,0.2624170140340158,0.46075730343610805,6,1
s019,0.5785793601049736,0.8128217485310874,0.24136066977107187,6,-1
s019,0.31278472008481717,1.3087512744918048,0.1419971779722219,6,-1
s019,-0.49912322099764916,0.7931276994964306,-0.1205426921787328,6,-1
s019,3.255780747346833,1.8233351599529715,-0.6707124783938048,42,-1
s019,0.12041288635099977,1.551400151405853,-0.7404560103157509,42,-1
s019,-0.6737286391245858,0.744428241723972,-0.10483307321224687,6,1
s019,0.08218349191782177,1.0601864644348549,-0.571447354764742,6,-1
s019,-0.14968317709834966,-0.429705188447079,-0.5291444053380985,6,1
s019,-0.7092002853200405,0.5208758514149205,-0.035342393356962314,6,1
s019,-0.8962729181013367,0.5543025336391719,-0.062472852353212344,6,1
s019,-0.08959048408159564,-0.019709105781040917,-0.0720783377435229,6,1
s019,0.002106766599744845,0.37677787041876715,-0.10954755242011989,6,1
s019,-0.7557035025515343,0.4380124983316024,-0.07420187996823033,6,1
s019,-0.4814631233212384,0.7573157189962895,0.15387684577484506,6,1
s019,0.5694659235977036,-0.288387757615396,-1.2290441830497782,6,-1
s019,-0.1358513409775349,-0.16988131337591247,-0.5356673432813015,6,1
s019,0.14049561586032114,0.8511422819883039,-0.18997589185878955,6,-1
s019,0.02872371171642565,-0.9465827350893473,-0.14978988162351137,6,1
s019,-0.15641683702919681,-0.5142038524280109,-0.5542089486183511,6,1
s019,3.9885713321475547,2.560134377122025,-1.6125283871649867,32,-1
s019,-0.8117449964467736,-0.05048081245906499,-0.36859235456418166,6,1
s019,0.1383336282362365,-0.35496416440714545,-0.002881878883971818,6,-1
s019,-0.02629586514141269,-0.8326339302010963,-0.08115054513341691,6,1
s019,-0.009070234071258043,-0.4640663032284839,-0.1589655713309353,6,1
s019,1.014182920670404,-0.06431401315527267,0.07531393135770957,6,-1
s019,-0.262520033638183,-0.7209620358920926,0.31261926310767013,6,1
s019,-0.21959939462162475,-0.4522657998022131,-0.1405626874238164,6,1
s019,-0.35314646635235897,-0.42995220212923174,-0.050309206423535625,6,1
s019,0.801755571168531,-0.9645838735169776,0.4604648230664736,6,-1
s019,-0.372723320012277,0.12521589622816037,-0.27671106118680294,6,1
s019,-0.13654278071722112,0.15467456498683188,0.6415594010378755,6,1
s019,-0.8102471398128211,-0.1826211919281595,0.1685701025880634,6,1
s019,-0.6141582349807438,0.48018536585171706,-0.25556360054425253,6,-1
s019,1.5820968024530127,1.1365569815065428,-2.170011409769274,47,-1
s019,-0.7492822505056761,0.15986547882405838,0.08020744425384464,6,-1
s019,-0.3258686862733933,1.0880181845444368,-0.007928538089544591,6,1
s019,4.088096769767672,1.4171180685817413,3.1834824671394952,52,-1
s019,0.8439274467157001,3.132346443931434,-0.7696926639764192,6,-1
s019,-0.66022239334436,1.613789887828021,-0.1444513354575601,49,-1
s019,0.3859453360131981,1.6234991294985972,0.5316575406797113,10,-1
s019,1.6189228462843908,2.163562528688698,-2.345541003383501,47,-1
s019,-0.630599577122907,0.7214701669728679,-0.038584205353505305,6,1
s019,0.4817915677388621,0.9851087551910722,0.9043411388114434,6,-1
s019,0.17344527391456513,-0.22608692753448034,-0.30903604260531586,6,1
s019,0.2773194522445487,0.2470123044392359,0.6061858226372133,6,1
s019,-0.10980505167022474,0.11701251107866899,-0.07664321516100266,6,1
s019,0.17770717446280865,0.10031492367526948,-0.2749132238654993,6,1
s019,0.180425044210128,-1.1250324278284685,-0.1597179299850646,6,1
s019,-0.5026191631178303,0.12950777902131339,0.0587765874736008,6,1
s019,-0.519496151484676,-0.2587624490961541,-0.2539344965814298,6,1
s019,-0.41105927133570314,0.03370870776811419,-0.23657151890448627,6,1
s019,-0.548334358539968,0.042722726862306624,-0.3283966762366235,6,1
s019,-0.6433394667621358,0.353989993040999,-0.47208148003047457,6,1
s019,-0.20240967145918004,-0.15193622078251362,-0.23483589206059222,6,1
s019,0.15871788641967538,-0.7996498493217138,-0.3099993263724155,6,1
s019,-0.2773858230634162,0.59397302598094,0.3858362230752813,6,1
s019,0.683281569022529,-0.09592837981927528,-0.31350068482792015,6,-1
s019,-0.15655446749792665,-0.17119542099495338,-0.12333068824092618,6,1
s019,-0.06921814829174174,0.19827783512301753,-0.33496782792817514,6,1
s019,-0.45132119482352434,0.6940960701529975,0.05166852668758234,6,1
s019,-0.3622925640640281,0.31418610956591825,-0.32438768928644884,6,1
s019,-0.19482266937748768,0.1210645778525933,-0.06890429689536322,6,1
s019,-0.22252491340543354,-0.19516309738097495,-0.10485473550472688,6,1
s019,-0.42919101009344063,0.5304681131145695,0.13643065459024079,6,1
s019,-0.18182399083382159,-0.04506326313380221,-0.30206813402614613,6,1
s019,-0.2978581637812807,-0.19815985397528102,0.12309891753902599,6,1
s019,-0.571880913862695,0.2634162109188555,-0.39096888251475587,6,1
s019,-0.8192959846678697,0.32952030994278664,-0.1362062556948983,6,1
s019,-0.6908782262043915,0.29414715717699386,-0.014134177394280798,6,1
s019,-0.37317148341706147,0.2995584601771438,0.13351723247360123,6,1
s019,-0.36121929426876825,0.04131140351274752,-0.15053407016026502,6,1
s019,-0.5396002728544144,-0.277646919886032,-0.16139694473918328,6,1
s019,-0.44625936086697615,-0.0807035289534391,-0.21074015621778514,6,1
s019,-0.18880042605043998,-0.1406130469224139,-0.3410699345533659,6,1
s019,-0.23692619152010438,-0.2790547177311377,-0.4976285982436667,6,1
s019,-0.5233611555246129,-0.40141514780138243,-0.2621186661011083,6,1
s019,-0.6019346396978684,-0.6145104597478831,-0.3544920718124457,6,1
s019,-0.5366527545710439,-0.2224850931094163,-0.07779867109270693,6,1
s019,-0.29566705116705444,-0.4974132984557407,0.05446230706203234,6,1
s019,-0.21411569526229154,-0.41489770374634405,-0.36754452178561187,6,1
s019,-0.3536709732315515,-0.6601697738324659,-0.12535193427335767,6,1
s019,-0.32608915673951466,-0.5997864613832792,-0.10472357549461515,6,1
s019,0.5108414843355444,-0.29802591545927115,0.9284112764214845,6,-1
s019,1.8638154072777977,1.669280066823302,2.697574587031778,37,-1
s019,-0.9874743885056931,-0.1177321563775062,-0.11083291864323153,6,1
s019,-0.28634087375911255,-0.1424051910413621,0.7582007955392689,6,-1
s019,1.087837071473879,2.3906810205382714,-0.17075056385498244,10,-1
s019,1.1329070175244698,1.1877225120844346,1.1503666208279968,10,-1
s019,0.8360987444258833,1.1118862156827074,1.1334260001511134,6,-1
s019,0.30898778290220313,0.047753468659806904,0.383908028952925,6,1
s019,1.1696799004804532,0.27406969236528844,1.0304709091616142,6,-1
s019,1.1162136925909192,-0.5277034428792919,0.342026360435799,6,-1
s019,0.21776511583803393,-1.038676080994374,0.09609072889314368,6,-1
s019,0.20171947243453184,-0.40807402520925656,0.23192303572008433,6,1
s019,0.36239701425728293,0.147306064727727,0.19666995238769505,6,1
s019,-0.5725016974263067,0.24828945078544717,-0.11226477604454387,6,1
s019,-0.014579419696908435,-0.3698528417417833,-0.1185606679615741,6,1
s019,0.1434611288080532,-1.0839086021983633,-0.212452341773175,6,1
s019,0.2982500997653656,-1.2858687475798325,-0.27950547928111963,6,1
s019,-0.10004404571439035,-0.8559969098902342,-0.39407622938786463,6,1
s019,-0.1332562863449332,-0.9432973577061726,-0.32676116159098817,6,1
s019,-0.6192190151710222,-0.19662318495848283,-0.21491141274056133,6,1
s019,-0.41705290377961957,-0.20041018939446428,-0.44857918776049216,6,1
s019,0.18530527594936358,-0.9766360079200102,-0.26508905323001414,6,1
s019,2.173065426015031,0.4473409151624808,-2.4850469726702626,47,-1
s019,-1.009339741372601,-0.5079750178092753,-0.2266966301616149,6,1
s019,0.309028874951311,-0.38240439222525074,-0.19794916569347062,6,-1
s019,-0.5072673498129993,-0.2675017015486417,-0.10620664584706198,6,1
s019,-0.38857621814817833,-0.2033086901140461,0.22756125443468567,6,1
s019,-0.2936689112568332,0.10665052895001809,-0.13520130954599857,6,1
s019,-0.5768348573015962,-0.05276574666655382,-0.57736964326756,6,1
s019,0.35444911138898977,0.5484943918267794,0.03988724830302099,6,-1
s019,-0.5660639892808991,-0.9294420567632927,0.15098004976835713,6,1
s019,-0.7661251034047379,-0.6067661249902039,-0.1813931078704905,6,1
s019,-0.039594291757292274,-1.4398698515717507,-0.22365282765172903,6,1
s019,-0.6249526459307655,-0.704322967886634,0.15780381049556877,6,1
s019,-0.18140000819624164,-1.4480841059384466,-0.23274853390498762,6,1
s019,-0.6237072949075746,-1.0485839446670637,-0.2122634128406359,6,1
s019,1.1180666646789847,1.2694614071713672,0.5710100428615843,38,-1
s019,-0.4483015617709837,-0.2885024623608843,0.0803426241607617,6,1
s019,1.6111106231537442,0.7019045000756129,-2.0617622751003686,47,-1
s019,-1.1028536643662532,0.029792086988719726,-0.1528060058542063,6,1
s019,-0.3404364508229089,0.2894364332444953,0.6801767326916329,6,1
s019,-1.5619441785396098,1.336730744360406,0.18291089948066824,6,-1
s019,3.2521613519769352,3.2630761772932813,2.8941569904327906,18,-1
s019,-0.08444219281992796,-0.3599399794008998,-0.014096068770315759,6,1
s019,-0.5074559918780067,1.6464007204957318,-0.30235270174134204,6,-1
s019,-0.2121828460104263,1.7290361790791549,-0.8290787116690201,6,-1
s019,0.5464128405087085,1.8202862474090364,0.5497672404120142,10,-1
s019,-0.22587840881662208,0.692678313578188,0.36444710530879315,6,1
s019,1.4467020485615023,0.7328983202495201,-0.15335174659714115,38,-1
s019,-0.8505352370494422,-0.3405137950639384,-0.26578415729009586,6,1
s019,-0.6857890315953435,0.2504893371217781,-0.03278911000746354,6,1
s019,0.055752936932873524,-0.26559242388860776,-0.23195037388248144,6,1
s019,-0.754423905750147,-0.26587436930540975,-0.18872909656827805,6,1
s019,-0.4146800307337165,-0.3145436966304111,-0.12984164667268863,6,1
s019,1.4885287072978564,0.8240167327124486,-2.3319843354062435,47,-1
s019,1.1145291394619536,1.759311676618365,-0.37822815879122185,47,-1
s019,-1.0451581276038442,0.21352187187319382,-0.22341045270488502,6,1
s019,0.3984642859776027,0.5728465028370463,0.2601392859516609,6,-1
s019,-1.5359230346008936,0.7165769230825867,-0.18731053546849846,6,1
s019,-0.7848019033791545,0.33908974726399427,-0.1780566013444222,6,1
s019,-1.0390608485733268,0.5131169984843894,-0.25121139006766946,6,1
s019,-0.7519500670909786,0.49410062069083166,-0.1607343430599897,6,1
s019,-1.2868938287012703,1.368244738875542,0.8859601080811546,6,-1
s019,-1.4185816819358852,1.1890839528023478,-0.03540979915112842,49,-1
s019,-1.0236229697888934,0.41053231705828613,-0.1241327874913504,6,1
s019,-0.8346329289743848,0.2345678572953014,-0.16204156004461634,6,1
s019,-0.915516993187087,0.006247595992766761,-0.3209338495562163,6,1
s019,-1.2772587415561296,0.5191047254548211,-0.25054225708042344,6,1
s019,-1.341529043560868,0.5714222983352264,-0.27371227518845376,6,1
s019,-0.8912308697560187,0.052729524909133886,-0.17989751297165685,6,1
s019,-1.1496751882170402,0.5249685256674058,-0.20956165199741048,6,1
s019,-0.6657468954303508,-0.5157922163153026,-0.42435644519724436,6,1
s019,-1.0634234122886828,0.2635582088575093,0.06675493772344468,6,1
s019,-1.0103646996437006,0.1088996840544966,-0.08312366869520617,6,1
s019,-0.9003809174162316,-0.08420963370637018,-0.30087890188672123,6,1
s019,-0.26812076249700395,-0.2772785001076086,-0.20465077401254514,6,1
s019,0.7561486711173431,1.9020990071820267,0.0036793010142885793,10,-1
s019,-0.7563074571955414,0.8745669725416316,0.44045224223911844,6,1
s019,-0.24114815499663245,0.23451129369626816,0.6063261039344375,6,-1
s019,-0.11535321316250965,-0.9744815060883458,-0.037070979273084115,6,1
s019,0.09632074121275504,-1.6545103190169315,-0.07289123889278311,6,1
s019,-0.034854682323541115,-1.4349728278310339,-0.06134009867120769,6,1
s019,2.5726744970531796,1.15900387905932,3.0820023683637365,37,-1
s019,-0.9851689413423191,0.7908530942955144,0.5823946744374703,6,1
s019,0.9672278432155518,1.1424985462159019,-0.2532565919148401,42,-1
s019,-1.2128615553520632,0.25679735591705566,-0.07591831973908414,6,1
s019,-0.716345506537419,0.5357463044315875,0.533664906520592,6,-1
s019,-1.0283529792594992,-0.29516661438836284,0.007766684892098082,6,1
s019,-0.9298870167109655,-0.42611074797624865,-0.2383558019929645,6,1
s019,-0.5807845247758309,-0.5773474269957756,-0.06496675850802004,6,1
s019,-0.9092682507140681,-0.38098335845922016,-0.29194172996961926,6,1
s019,-0.8817066948652106,-0.6668968367357689,-0.15418721586106776,6,1
s019,-0.8299967609304864,-0.6192496314135172,-0.0709373253561796,6,1
s019,-0.7988905420347141,-0.4122597794635608,-0.2821430584014703,6,1
s019,-0.7203562067051685,-0.5946051475949351,-0.384933964788054,6,1
s019,-0.5860255687979644,-0.9203253943335126,-0.13945501907249513,6,1
s019,-0.6321028712247775,-1.121607023790841,-0.1020490180370623,6,1
s019,-0.4850566016315458,-0.955985753254162,-0.25568530491443936,6,1
s019,-0.4304056053457546,-0.40788530781358107,-0.5738153592631261,6,1
s019,0.07170223276648084,-0.8559960761964985,0.4068029720470573,6,1
s019,-0.8318767380788058,-1.1887768714226377,-0.17237236391137717,6,1
s019,-0.4032162118272912,-1.1635589327850377,-0.4293459773659777,6,1
s019,-0.8998843907957506,-0.9675696724307356,-0.37972442102744364,6,1
s019,-0.39990149352521037,-1.6266874519184455,-0.20466306291846298,6,1
s019,-0.33920359415994833,-1.602807183174344,-0.32426116340176697,6,1
s019,-0.40286158929990107,-1.6185984063878949,-0.17129309004483062,44,1
s019,-0.2792618667103276,-1.16176413559043,0.004653399090080694,6,1
s019,-0.45507898731368013,-0.910777556499418,0.613834623629859,6,1
s019,-0.2906963165543595,-0.36766746013505835,-0.7235041942093573,6,1
s019,1.2860603486449202,2.55302979623107,-0.7690475610719332,31,-1
s019,-1.0023050452749669,0.4216165077181022,-0.21513985565930882,6,1
s019,1.0641996129456939,1.4059809313782976,0.4618526075437261,35,-1
s019,-0.6838026584076585,0.18613549307081684,-0.14816717322282028,6,1
s019,-0.9074514987011241,-0.33528306253404966,0.18006002945581268,6,1
s019,-0.656197248764703,-0.5518748962859709,-0.10210605169206204,6,1
s019,-0.9366372627454809,-0.479372024899868,0.22821588537185158,6,1
s019,-0.8039443827785276,-0.5187087471098377,0.1231510948822462,6,1
s019,-0.21997265718947073,-1.2385178164286454,-0.3914421342963594,6,1
s019,-0.24078857844395898,-1.4168721227800511,-0.11470294422832968,6,1
s019,-0.3784646171138419,-1.251935026574165,-0.14030460848184712,6,1
s019,0.809308467094887,-0.3598772558035621,-0.9075109783829945,44,-1
s019,-0.49524468698201274,-0.3887221920737575,-0.2683770159260607,6,-1
s019,-0.005319560236079325,-0.29638815822142056,0.0804530105468384,6,-1
s019,-0.18894071502474968,-0.9500085273772364,-0.3028220846343199,6,1
s019,-0.13951169352254894,-0.6110081229915889,-0.027130775344504934,6,1
s019,0.3053452521926284,-0.15832930080540975,-1.0983058283294227,6,-1
s019,-0.485923935590525,-0.7392492553708606,0.06172700160586148,6,1
s019,0.5316889933551888,-2.432384075781234,-0.09889637966629126,11,1
s019,0.046002053471612486,-1.7019565685346012,-0.16696129493655776,6,1
s019,0.21867575590922383,-2.24110191887367,0.042791722543212535,55,1
s019,-0.4884524059014036,-1.1948497885225222,-0.03373540354602229,6,1
s019,-0.5192203190833958,-1.231500387438195,0.12685343425128096,6,1
s019,-0.3746932308690203,-1.6156800294641271,0.05100786963728765,6,1
s019,-0.11304343628120184,-1.143488324900445,0.21133937965447816,6,1
s019,0.35306846883190995,-1.241167736035502,1.0036771876460193,6,1
s019,-0.13413750780708872,-1.6287572782561597,-0.10081924684318112,6,1
s019,0.3882618484413097,-2.077931299990167,-0.21295378750987798,55,1
s019,-0.4184106825447564,-1.1578802583516739,-0.2021988280988746,6,1
s019,-0.17351331416337903,-1.6123445682866855,-0.24753490052810978,6,1
s019,-0.03558201858845475,-2.260329336535166,-0.1985970734779778,55,1
s019,-0.7258821883803188,-1.4973931565347343,0.06496647135738307,44,1
s019,-0.9829459890955062,-0.360265443169351,0.05257681156464226,6,1
s019,-1.1056335515246338,-0.5047520706935479,-0.19539878299512992,6,1
s019,-0.7811709066260047,-1.0734762169083059,-0.046855317996179195,6,1
s019,-0.04911322556440742,-1.2582132406498165,-0.3195933565154008,44,1
s019,0.3187437838416983,-1.6492156690344109,-0.6738483665791264,55,1
s019,-0.25821365754697967,-1.8331218273226015,-0.3050503549045212,55,1
s019,0.4843630231389563,-1.6617573892717643,-0.5786476408565817,6,1
s019,-0.5857197643730977,-0.7826174620545916,-0.36521845372031814,6,1
s019,-0.5200753169401144,-0.8549982025261598,-0.31501740061052796,6,1
s019,-0.033737661499316784,-1.5597355786329599,-0.43334292039552746,6,1
s019,0.11681499901733718,-1.0867694055862454,-0.17449671142869935,6,1
s019,1.3266544411023922,-2.6606431443582386,-0.6243055625648242,8,-1
s019,0.847910183219306,-0.1093195281602668,0.8517638867840063,6,-1
s020,-1.9750934946048622,3.2143444474825498,0.33146951674822533,41,-1
s020,-3.3408359450342764,1.7369091320588215,0.8536681793451691,27,-1
s020,-2.7560149423530964,0.6129916988992733,-0.5544724181977694,27,-1
s020,-0.4141000004075933,2.105225975968671,0.968093394714405,35,-1
s020,-1.2174776946405363,4.761159547162058,0.3213353538710576,4,-1
s020,-2.675054095219165,3.077810619892706,-0.3376469888355227,41,-1
s020,-1.0961583128067518,4.335641318400234,-3.9640845240174327,30,-1
s020,-1.5730192417342854,4.296837601387131,-2.786598810249592,7,-1
s020,1.3541783570133659,7.9340845910601825,-0.6567719852981402,7,-1
s020,-2.4843627956537846,1.7015574584160609,-0.25017391585220394,9,-1
s020,1.2332337972174652,3.797433150015906,2.181500941155405,7,-1
s020,-2.5963567057893697,4.83252275128014,-0.6842473903310436,4,-1
s020,-0.9202964566414356,3.8505315211991156,-0.4248067384611296,7,-1
s020,-2.778788395386345,5.093447412921391,-1.265288418653735,4,-1
s020,-0.8492006822061673,5.610036417848423,-2.6183407188669583,7,-1
s020,1.35498710174576,6.464676832700995,-0.5096031296727649,7,-1
s020,0.8667646718159738,6.148107826343288,-0.25547373177939964,7,-1
s020,-1.4764294451832236,5.333655661710994,-3.4667467180415157,7,-1
s020,2.1395060923341016,7.23092317103562,-3.9252483900297594,30,-1
s020,-2.6708206957434344,4.222734822548691,-0.23891840471102205,4,-1
s020,-0.6690519528523807,3.9605974933333234,-2.9272011535797335,7,-1
s020,-2.206158731193199,4.643179734161067,-0.03964043230486804,4,-1
s020,-2.8317272093768397,4.597467369226418,-0.4093869826525222,4,-1
s020,-2.6375486080801283,6.548984252807622,-0.3778603993725992,4,-1
s020,-1.8527407409030767,2.93454667785176,-0.09519923259132729,45,-1
s020,-1.5661677114278043,5.1859530225387385,-2.507642920646013,7,-1
s020,1.612573098482799,7.770230850146727,-6.571896556707661,30,-1
s020,-1.7436909676630403,6.953001141713788,-2.6353656804395222,17,-1
s020,-0.6680863934864927,2.177390729341684,-0.6760225158108457,42,-1
s020,-3.2668789731122376,2.765618045186308,-0.01195214836871222,41,-1
s020,-4.576589572662679,3.319483679641898,0.15238014983110812,4,-1
s020,-3.9848765013093757,2.2196935604982024,-0.15470500916408675,27,13
s020,-1.8387802931902282,2.4542124270157055,-0.5639195226801449,41,-1
s020,-3.94666888034098,2.039681689768004,0.2514833436116852,27,-1
s020,-0.4085093182151959,-0.6553822087897963,1.2066835113622443,35,-1
s020,2.3893871272295275,2.043465658457912,2.626870487648182,14,-1
s020,-3.0883050173521855,0.8069068838120932,0.5391866542761891,27,-1
s020,-2.511133251367912,0.006563169517675954,-0.7393145860292648,9,-1
s020,-1.8402846984610515,4.557200326051531,1.3298520094099784,7,-1
s020,-3.3719450291565956,2.813199364144499,-0.9942649514502654,27,-1
s020,-3.694091928403354,3.7013104795547602,-1.078888391095183,27,-1
s020,0.43890468152258855,4.421163212038133,-1.66749120708746,47,-1
s020,-2.9021467682069813,2.428643777252847,-0.10245174317103141,27,-1
s020,-1.5547792206544087,4.517568912421757,1.9191360266936022,4,-1
s020,-1.5492663294910032,5.505009815048658,0.5935472055932969,4,-1
s020,-2.7393064722871845,3.153227352085095,0.7888715304399968,41,-1
s020,-3.388050528074983,1.356308540143293,-0.02388838881063635,27,-1
s020,-3.463337328519279,1.8378610876105232,-0.1925013719111422,27,-1
s020,-3.422938554833859,1.6935915376992519,-0.6913279586427941,27,-1
s020,-2.7825216644153046,0.9102533919376492,-0.24419988248038735,9,-1
s020,-2.449926186223896,1.1540946893625355,-0.5777269294673935,12,-1
s020,-2.0487270879543487,-0.030781044504290103,-0.5180000671263849,12,1
s020,-3.711199813894741,1.7364018140579243,0.19482526694126368,27,13
s020,-2.7446588575437953,-0.4590458430414756,-0.5887762760702291,12,-1
s020,-1.2181614669083627,1.0513771468888253,-1.9024177823179276,16,-1
s020,-3.711309402710728,1.1464380496744828,0.233477570606652,27,13
s020,-3.189802950804368,0.22475994087518603,-0.14902681072991278,9,-1
s020,-4.1397269347715016,1.3844873995477285,0.05262488637115178,27,13
s020,-2.900959209556304,0.5513388052628789,-0.7462357055110983,12,-1
s020,-3.336741498142087,1.291535263461368,-0.30455587191735645,27,-1
s020,-2.947181770108228,1.3494374818171324,0.5434267519479443,27,-1
s020,-3.015309241501631,1.5816061711698965,0.5352041821163979,27,-1
s020,-1.5045859649919848,4.95132554130322,2.8760796343916755,45,-1
s020,-3.377476023804627,4.367671371536482,0.21542137073025844,4,-1
s020,-2.809591001668829,2.808650240820021,0.8901756245114405,27,-1
s020,-3.3377050304757074,4.974469189155539,-1.6386436558079602,4,-1
s020,-4.558698703330875,3.533507652365796,0.3974818879705105,4,-1
s020,-3.683230626910447,3.112909617208697,0.020010233642621115,41,-1
s020,-4.324258652901653,3.4228504885812137,0.21607458349827413,4,-1
s020,-0.4732698945418863,4.912106445546552,-2.304038216744579,42,-1
s020,-4.400802605086155,4.643467524379519,0.007172370197360782,4,-1
s020,-2.641660359708611,4.9525861784803915,-0.7066358202897453,4,-1
s020,-3.754086452513024,4.907229516061296,-1.1251199512828305,4,-1
s020,-3.4152039653882724,5.165547625914721,-1.0739644874274474,4,-1
s020,-3.2143340808481606,2.8217528074954643,-0.6476736963449907,27,-1
s020,-3.319267602573677,5.050920445841489,-0.5837667909677858,4,-1
s020,-4.372948505460863,5.178578912692827,0.01731429356091138,4,-1
s020,-4.1797983953591995,5.740620630968179,0.6130480829509762,4,-1
s020,-3.7195988292517166,5.47982559476701,1.8989701413190756,4,-1
s020,-4.143062129198241,2.139973222827351,-0.36741445458079974,27,-1
s021,3.634058076059109,2.4368667492155005,1.3706044894007259,16,-1
s021,1.7215212191794746,0.8714904504972121,2.6275451428828696,45,-1
s021,0.14657490162141243,-0.29883485506695817,0.1719851995776495,6,-1
s021,-0.6982034750285748,-0.974555974689339,0.18318812701558534,53,-1
s021,-0.5234614798899357,-0.9353015867840544,-0.23704575342400647,12,-1
s021,0.14175428526531003,-0.03330346073642275,3.0961655103439814,45,-1
s021,-0.0749095484753849,-0.010620434582930832,2.0736205623058694,14,-1
s021,-0.18999657725484223,-0.36928428502986005,-1.1796309205605309,16,-1
s021,-1.09389382100347,0.14229566128116036,-0.394948230838705,12,1
s021,-0.031001189419573593,0.07109411017914909,-1.272580544677394,16,-1
s021,1.4125512648070908,0.829646502787106,-2.897159429731388,50,-1
s021,-1.047436308377158,-0.7432065031794585,-0.7710602054387188,53,1
s021,-0.9305859626986986,-1.1354877817664601,-0.44910314141739216,53,1
s021,-1.062487474006547,0.1164345796485757,-0.4473678671003982,12,1
s021,-1.5452398958772278,-0.4203501680753144,-0.30737925920636516,12,1
s021,1.110198700240249,0.18736815680874297,4.621036061729686,18,-1
s021,-1.6067597039548491,-0.5666953665026098,0.050203102786957145,53,1
s021,-1.0801890928598636,0.1745524896141399,-0.39773107071773584,12,1
s021,-0.7862199120178699,-0.7081418696091735,-0.40487370800253686,12,1
s021,-1.365068278481386,-0.20603819690087666,-0.24438885900522073,12,1
s021,-1.5877991813112409,-0.16964394676986858,-0.23364605445496459,12,1
s021,-1.3333483258673229,-1.379051014934944,-0.15781195939523182,53,1
s021,-1.3936612310949632,-0.32438017198879776,-0.0946418086482793,12,1
s021,-0.9165649427511636,-0.6211518041646151,-0.6303986922695005,53,1
s021,-1.4830056431188807,-0.05315864566086207,-0.3115235014933745,12,1
s021,-1.7832080828976036,-0.09923350424703954,0.07204703585029654,12,1
s021,-1.2193411821411655,-0.3238502090395607,-0.32536382940649244,12,1
s021,-0.3048354193639631,-0.4796823798412115,0.4304372831901734,53,-1
s021,-1.3780211107901559,-0.6895225958913955,-0.1909565902802065,53,1
s021,-0.12461829168017216,-1.1575539804057502,-0.16278861501562442,6,-1
s021,-0.532654374026393,0.35986855978887844,-0.3513131945435624,12,-1
s021,0.7974602019532021,0.44128152467712395,-0.10144718170841308,35,-1
s021,-0.633422051261626,-0.6184346762202246,-0.8959779713740729,53,-1
s021,-0.16414572356141022,-0.691116707624242,-1.0809080665566486,53,1
s021,-0.7520062200304839,-0.236743616742453,-0.5580242052150595,12,1
s021,-0.07922875638987803,-0.6977363345563664,-0.619742290162509,53,1
s021,0.8754031858606448,0.10150301952208275,-2.1203380567766428,50,-1
s021,0.5049744397299453,0.128387167398941,-1.9797783173808767,16,-1
s021,-0.7516480370045628,-0.5205619007665051,-1.26740154806474,53,1
s021,-0.8471272581805913,-0.8984661806134353,-0.7229388931294515,53,1
s021,-0.5594407608065926,0.03518179795376403,-1.238395187376873,50,-1
s021,-0.8398272921801244,-0.7745635655440639,-0.6764933360316655,53,1
s021,-0.3718879249616396,-1.2465055341572417,-0.2898380167007011,53,-1
s021,-1.046208476450759,-1.3867885694942923,-0.5317927355995908,53,1
s021,-0.3772809484759027,-0.7880860057897882,-0.3049055534339255,53,-1
s021,-1.454099346850157,-0.9440852424819562,-0.15742718605418607,53,1
s021,-0.28422778088193373,-0.7322685939570909,-0.23734457250873855,53,-1
s021,-2.0278251384319406,-0.34821013775930326,0.2098917606760928,12,1
s021,2.733413827848314,3.182898560576077,-3.234355850662767,30,-1
s021,-0.3432403152523188,-0.46333282063966,0.7608981869077113,12,-1
s021,-0.06217544213283015,0.1293962834005703,-1.2939207668205046,40,-1
s021,-0.5344895998871527,0.2804023307464434,-0.0017694962582067394,35,-1
s021,-1.6754690166754656,-0.3182508362699107,0.11257626150065245,12,1
s021,-1.6821320461233986,-0.47351823833986156,-0.5507094935103766,12,1
s021,-1.0461515906540804,-0.9966684697029755,-0.5653362644316976,44,-1
s021,-1.5228187219546352,-1.191963777935091,-0.4568162041528696,12,1
s021,-1.9702895639573845,-0.33531578965606795,-0.14581694999262318,12,1
s021,-1.0629102993663608,-1.894559550761064,-0.5546687380386981,53,-1
s021,-0.8288001237572877,-0.8631959723920751,-0.027754280619686374,0,-1
s021,-0.8612046317313212,-0.7134636116033308,1.0179930213314585,0,-1
s021,0.30053885683727916,-0.2842396029317237,3.5451086563616094,45,-1
s021,-0.9886693908324069,-1.2857747364654044,-0.4379432775482396,53,1
s021,-0.789158797731398,-0.6516929838887185,1.4423872971412532,35,-1
s021,-0.971224362791793,-1.3362332070629943,0.671685695979717,53,-1
s021,0.6996274702956062,0.2346475635788592,4.828204299875659,18,-1
s021,-1.7502476795600952,0.2803137943919539,-1.0204544371516842,12,-1
s021,-0.9006102717233465,-1.2621158564172232,0.16066703271695004,44,-1
s021,-1.6394712520756918,-0.6546820010694122,-0.5431607382484219,9,1
s021,-0.8037512725011612,0.4021329683131462,0.2968571283891228,35,-1
s021,-1.7595530298556257,-0.0836196245128121,0.08282205708785895,12,1
s021,-1.1811345769156165,-0.5684318832961216,-0.2969613051747105,12,1
s021,-2.180289920936187,0.6487164570679074,-0.2346940947350378,27,1
s021,-1.9344682946441631,-0.14317823802314927,-0.44987661554305414,12,1
s021,-2.1369410775150595,-0.19197944597529273,-0.15642568500445164,12,1
s021,-1.7255131413566527,-0.8859244568058788,-0.2849881863282241,53,1
s021,-1.6175096544104277,-0.15270480314044954,0.28431117825832575,12,-1
s021,-2.1503525031253625,-0.8965506252070348,-0.4298200634620235,53,1
s021,-1.765517130756657,-0.6372515080160436,-0.5701806632368009,53,1
s021,-1.7977586087571467,-0.2797877532996314,-0.5253673325545201,12,1
s021,-0.9551214916622262,-1.8273600002889634,-0.6314855381335786,55,1
s021,-1.52764804879021,-1.0415686674715092,-0.5747702510660972,53,1
s021,-1.7113023077605172,-0.3014130718215131,-0.2596723797003891,12,1
s021,-1.3796071933624683,-0.6617993880882483,-0.8318107344788931,12,-1
s021,-0.9427965346764153,-0.1306020938694367,0.6248430835818454,0,-1
s021,-0.8841187223638906,0.711913498700063,-0.16531237331805942,12,-1
s021,-1.047772658354844,-0.7701035213441806,-0.22066959565067587,12,1
s021,-1.720209636330986,-0.430112228586452,0.005571157750267417,12,1
s021,-1.355771854510168,-0.509139975238099,-0.06292343493027105,12,1
s021,-1.34966878025764,-0.9223648647321013,-0.20177335194983376,12,1
s021,0.4846921041677051,0.735570983701026,0.37540649049758057,35,-1
s021,0.06543111960080263,-2.198803103499404,-0.7399414022245757,55,-1
s021,-1.4157638334265938,-0.15011424702660828,-0.13695607680317803,12,1
s021,-1.0194959214939785,-1.169125874897085,-0.18350244633609383,53,1
s021,-1.9162153204270493,-0.42303957727419067,-0.46856931097271437,9,1
s021,-1.9223292022958307,-0.3473765173072565,-0.2761073273413748,12,1
s021,-1.7661093273319708,-0.6648999395943321,0.06365957257299575,53,1
s021,-1.4793638289813176,0.09792230213574203,0.051114094645141835,12,-1
s021,2.7142951273064,2.51085608310395,-4.22046868307091,30,-1
s021,-0.7729776555883502,-0.8819824345302064,-0.4193418045525457,12,1
s021,-0.8359111834507854,-0.17123526426629407,-0.72788980772158,12,1
s021,-1.347675595522873,-0.7411579089284376,-0.47925658450104713,53,-1
s021,-1.1742315093615259,-0.6484145859195415,-0.44415494966400176,53,1
s021,-0.5893689874087898,-0.42311604817609355,1.0688736354076063,14,-1
s021,-1.3377453046691639,-1.1402223238122213,-0.4217420734444801,53,-1
s021,-0.2936451034900834,0.5003588962596798,-1.9191908607810788,50,-1
s021,1.1522871876102632,1.4646144019386236,3.10077397599594,45,-1
s021,-2.3498109256475033,0.613722026785577,0.07467689460421152,27,-1
s021,-2.222532596288451,0.6444716371044191,-0.17823207743486733,27,-1
s021,-1.7350249207711985,0.2466273015855346,-0.14987347550891184,12,1
s021,-0.972056288671111,2.507486086450176,3.4324778584446864,27,-1
s021,-2.4824582486758913,1.3026450220122654,0.3144276188305409,27,-1
s021,-1.5911259059710054,1.1959829525272776,-0.5487347216375105,12,-1
s021,-2.0632659448474784,1.0307032407758403,-0.3258539722776506,9,1
s021,-1.6199290406659332,0.37407523843379853,-0.060308339364815895,9,-1
s021,-2.159540042929251,0.21111950597692808,-0.19219810624430758,12,1
s021,-2.2490351112130393,0.042978189291217724,0.05645882880046903,12,1
s021,-1.2634864565731287,0.8358067601713259,1.3010366975730798,35,-1
s021,-2.205909062379809,0.38367934217288696,0.3586371259861974,12,-1
s021,-2.426059989711129,0.6137131019086582,-0.12278302485288892,12,1
s021,-2.659355194602102,0.794194751470472,-0.04823066749408278,27,1
s021,-3.0409076271457693,0.898915665510073,0.154070624867862,12,-1
s021,-2.6889490093265533,0.4661997689931107,-0.07385517384298389,12,1
s021,-2.967037858537244,0.38239601800211254,0.14871093092456633,12,-1
s021,-1.3617288521770317,-0.2971010580876667,-1.108363272748588,50,-1
s021,-2.7129321024022475,0.6675147575080197,-0.10970252354626168,9,1
s021,-1.8941016034651286,-0.012191019126420316,-0.5046273860233343,53,-1
s021,-2.6946370162162943,0.2211649213930551,-0.2241218926334298,9,1
s021,-2.7635926791399235,0.7358368692039873,-0.09493901476755454,12,1
s021,-2.1877429638926063,-0.1588068016760765,-0.0021039748740287315,12,1
s021,-2.3201929654441673,0.07543792085289729,-0.23264946619007593,53,1
s021,-2.2214896770392087,-0.1621178387924196,-0.022631522414457254,53,1
s021,-2.4124225470767424,-0.2892230845276889,-0.06717774301232106,53,1
s021,-2.4637000273892107,0.1708970785422826,-0.06304336878112936,12,1
s021,-1.5155788200429814,1.305413501258525,-0.7540512564676822,9,-1
s021,-1.1924570001457595,-0.44032142304469973,-1.0984397474228964,12,-1
s021,-2.140491422400262,0.2784131216845183,-0.6966047457469225,12,-1
s021,-1.6720464523676162,-0.24679640206951833,-0.6565322204383652,9,1
s021,-2.0216975033627285,0.7056817399263547,-0.3941874237964505,12,-1
s021,-0.34254901887068806,1.4146714127069853,-1.5959950475280167,47,-1
s021,-2.5227725168997917,1.1366649617209525,-0.20500162180081258,12,1
s021,-2.863502658990485,1.681443599746551,-0.12879934939169735,27,-1
s021,-1.6040954285747024,0.5945214936705168,-0.09629884808480528,12,-1
s021,-2.879365818256823,1.196782566768476,0.3665837858908194,12,-1
s021,-1.8705601234146372,1.1373999365161813,0.9330013870889153,35,-1
s021,-2.338293802164372,0.3629722026411949,0.03938348166804586,27,1
s021,-2.6722749450861034,0.593996299450333,0.1722869413326917,12,1
s021,-2.8732373548431966,1.544501342590067,0.08881216882305255,27,-1
s021,-1.0273932924784002,-0.7856806256810989,-0.20897398189409325,53,1
s021,-1.028067551378939,-2.0088196725144147,-0.2643559363235236,53,1
s021,-1.3563487451006833,-1.6261765677427091,-0.41502484364708386,53,1
s021,-0.8253277967313859,-2.2254420651473366,-0.605563558176772,53,-1
s021,0.6775900814215742,-1.8810338232676858,-0.9336006877040229,42,-1
s021,-2.0352518598092737,-0.8987101270472982,-0.2535175366009104,12,1
s021,-1.1823133042722225,-1.6612689281060635,-0.5608110794724521,53,1
s021,-0.8003508410617728,-1.9307103252460676,-0.6015704703595057,53,-1
s021,-1.9871067332374155,-0.6322034475519697,-0.40260918896427056,12,1
s021,-1.1682244578654464,-0.9721055339456849,0.6885549147667908,9,1
s021,-1.8953861063225184,-1.216083646159315,-0.13644111650917856,12,1
s021,-0.06839384190284882,-1.5940811817353677,1.7952856506012362,2,-1
s021,-1.0729742366588364,-1.2329674265360315,-0.6751809296148374,53,1
s021,-1.5254311519599333,-1.2834471847038749,-0.16279180442480964,53,1
s021,-1.2885991556111542,-1.76904357955586,0.024034610944366524,53,1
s021,-1.637352829546282,-1.7855020921796148,-0.2827462232965826,53,1
s021,-1.581577072110537,-0.9469570815374168,-0.5897621534475814,53,1
s021,-1.6137647103135717,-1.3926540493607262,-0.4685123656695664,53,1
s021,-1.614907886096183,-1.5570208453084724,-0.41250221057574304,53,1
s021,-1.0831014636033636,-2.0897866166799335,-0.41154693136666803,53,1
s021,-0.7989349000946774,0.4587493025079713,-0.5492429944297278,47,-1
s021,1.8552565863914987,-1.2395848933637483,-3.1413245167557102,47,-1
s021,-1.6914522803794336,-1.2951212337010922,-0.14752091365223413,53,1
s021,-1.1099234164638623,-1.1133712442372172,0.5743320709311719,53,-1
s021,-0.9442690612593448,-2.0205753154995825,-0.6147038767205251,53,1
s021,-1.7357541200569258,-0.9915594896850559,-0.08955942902386801,53,1
s021,-2.4668755202993853,-0.38001616047931797,-0.13323207370469975,12,-1
s021,-1.9137450170370602,-1.649432859484081,-0.09633077601833667,53,1
s021,-1.633137178864161,-1.6248984850386163,-0.07109717390966049,53,1
s021,0.9944646191589077,-0.20710076788894394,5.397995483598247,18,-1
s021,-2.417429920413196,-0.6545521330914231,0.3931880410721089,12,1
s021,-1.724523860473251,-1.189260075668599,-0.0363766281294267,53,1
s021,-0.29336097896353647,-1.4827871674441189,-1.00879218928708,53,-1
s021,-2.0995589455945853,-1.0672173144650121,0.33435695997506554,53,1
s021,-0.9975558217856454,-1.0762358181220901,0.39704470629596406,53,-1
s021,-1.2846179050851825,-1.3012169350225142,-0.135204660423594,53,1
s021,-2.2803890458569254,-0.45161938428374865,-0.27456209928688446,12,1
s021,-2.2146192579600994,-0.34714907221291935,0.12063116269931622,12,1
s021,-1.7452015354919377,-0.7762784711684938,-0.12727275237426489,12,1
s021,-2.564654833485697,0.07176783925153159,0.24918587505967976,12,1
s021,-2.034041290150302,-0.3257692254165923,0.42200816542328884,12,1
s021,-1.7520987558691663,-0.63174595103055,-0.25428933227450395,9,-1
s021,-2.3640751919468506,0.28556823880178805,0.40265999438017486,12,1
s021,-1.9192438631299624,-0.6759703292377148,-0.10228706353748983,53,-1
s021,-2.139672255828556,-0.5010671131914591,-0.20360321635844775,12,1
s021,-1.7305829261381775,-0.08028103141526999,-0.31314061069027693,12,-1
s021,-2.438368758739946,0.05918422811527535,0.2549480832102019,12,1
s021,-2.192529237691264,-0.4377327130138183,0.2815378190690011,12,1
s021,-1.6848841699862442,-1.333236983758408,-0.19015388737437394,53,1
s021,-2.170739297489512,0.4653966819164398,0.5648565353379027,12,-1
s021,0.06944682374686968,0.06860435024339437,-1.0685444570478302,53,-1
s021,-0.5407851295679841,0.155149571894243,-1.8863028388535736,16,-1
s021,0.5229539542510908,-0.7150904792881696,-1.215295704534694,42,-1
s021,-2.4800291500079563,-0.05033575789774136,-0.2870700021532485,12,1
s021,-2.1556819304574217,-0.4697521416348525,-0.26424362617641933,12,1
s021,-1.9926123908981823,0.19626085260563123,-0.39699712896315326,12,1
s021,-2.0347589203322043,-0.468994454667906,-0.38270418966017683,12,1
s021,-2.390986410449219,-0.5576602564965039,-0.3085892233108745,12,1
s021,-1.5639050194725435,-0.09635462054585249,-1.0828507967881635,12,-1
s021,-2.428697713022755,-0.0955839215640999,0.25421701218158366,12,1
s021,-1.8720364061460084,-0.7965516338880702,-0.24325159873086089,53,1
s021,-2.5071151778834717,0.2402078840320433,0.1014587886518392,12,1
s021,-2.2949986049783724,-0.4056344685307241,-0.18612428318702115,12,1
s021,-1.0828051140697648,0.8063456296151368,-1.5286945362370767,47,-1
s021,-1.1722438872369074,-1.3453701713671782,-0.5960543161468148,53,1
s021,-1.6383281317151963,-0.8695266818707027,-0.5189172528258519,53,1
s021,-1.5026127727426302,-1.2453641235632957,0.18116352608529232,53,1
s021,-2.485362172095797,0.12116191763483863,0.15488314499218248,12,1
s021,-1.8941029268947178,-0.8307527696361128,-0.3414020967682075,53,1
s021,-2.215977305808195,0.0007350965824745728,-0.018563945573547746,12,1
s021,-2.4477189425112953,0.7769008673419763,0.23986425307024944,12,-1
s021,-2.313336168462983,0.3323138758698435,-0.1831863370795728,12,1
s021,-2.094603816707909,-0.4869425874660511,-0.3202069005670819,53,1
s021,-2.1620377800620343,0.22454986850085404,-0.2730594120290327,12,1
s021,-1.9999359952343378,0.7334112739503,-0.7210746733121874,12,-1
s021,-2.757762282959609,0.512598615635729,-0.055697928687652554,12,1
s021,-2.3622409409578067,0.5812977534074579,-0.234355593394202,9,1
s021,-2.555441757824884,1.284029583506087,-0.30890954474096693,12,-1
s021,-1.5290029897943362,0.22962690737825298,0.8831185144152712,14,-1
s021,-3.1107588522509366,0.7898712063950329,-0.16954825113176947,12,-1
s021,-3.142378302149628,0.4654137546411333,0.13186169972199974,12,1
s021,-3.11974761330632,0.31298334948323686,-0.10244736018967092,12,1
s021,-3.1117329146217556,0.0691263630925401,-0.16927127178235293,9,1
s021,-2.05158747154132,-0.6558921439088936,-0.7274554305521562,53,-1
s021,-1.2168496461600007,0.05534800078534506,-0.7099669924110866,42,-1
s021,-1.410840981938618,-1.7598829729040424,-0.8064696837184068,53,1
s021,-2.667630145017645,-0.769729212884148,-0.05663300414920287,12,1
s021,-1.6949044379744258,-1.7391162911804803,-0.43476862338307126,53,1
s021,-0.805950938365217,-0.5853249148673667,0.7686138335292384,9,-1
s021,-2.5704991393289114,-0.7629861759349711,-0.12687689259361176,9,1
s021,-2.664310084356572,-0.8930710193777898,0.07306155652943043,53,1
s021,-2.5182162824334138,-0.9108796861548721,-0.20196286848894254,9,1
s021,-2.298692777983539,-1.0575833833224506,-0.3831433370953214,53,1
s021,-2.3861427988061714,-1.0944477381604532,-0.4276362711001408,53,1
s021,-2.4275017171703714,-0.9460070793793516,-0.25206260749818876,12,1
s021,-2.267198605991509,-1.0846717840564812,-0.21291003401955144,53,1
s021,-2.3152500507054152,-0.9087724094714343,-0.5360874233734094,53,1
s021,-2.2045410547382205,-0.7372577613896547,-0.26785826007171376,53,1
s021,-2.12494225360199,-0.8611963587869117,-0.28950721133756413,53,1
s021,-1.751118788586158,0.1957554973953943,-0.5874407762973144,9,-1
s021,-1.0420402743820965,0.3289492077129301,-0.5323734702807629,42,-1
s021,-2.7507515121582213,0.7248100896578673,-0.4612292422056745,12,-1
s021,-2.249747030722283,-0.10814356767004298,-0.1703796668682045,12,1
s021,-2.1139282659264973,0.019818321584756132,-0.7962836864161581,53,-1
s021,-2.1531561501529044,0.13209516963743465,-0.9244532434137918,12,1
s021,1.0263851877938204,1.4518699957826688,-0.9405254135302584,32,-1
s021,-2.659637671359163,0.5930646857969696,-0.19571128931011644,27,1
s021,-2.9695956965310746,1.2468234324676961,0.18466845288223424,12,-1
s021,-0.9726620810830691,2.0109602541475997,-2.4693987842443272,47,-1
s021,-1.567035275227412,1.7300749778497027,-0.38085017626359347,16,-1
s021,-1.232217260022825,1.3897308140738733,2.659179291820632,35,-1
s021,-2.400909650885886,0.7055388029672591,-0.4070251452147948,1,1
s021,-2.3414468990227424,0.7404064144045992,-0.12868165375414745,27,1
s021,-2.4389729823701973,0.5694852287235775,-0.37285572134796474,12,1
s021,-2.543324520431583,0.6421440465341116,-0.5504177896552643,9,1
s021,-2.5919228103140974,0.8254991983868952,-0.411842542700081,12,1
s021,-2.8752526889019276,0.33167537791092366,-0.5234552245124802,9,1
s021,0.10583800866581206,0.8644718837192077,-3.0179404832978007,47,-1
s021,-2.178058421697991,0.9605741216451753,0.01655523264749189,12,-1
s021,-2.6812554088860536,0.09640385117965584,-0.3773034236399381,12,1
s021,-1.7704620847627235,0.7831605428329876,-0.9319110475327533,0,-1
s021,-1.5497296327015035,-0.15459473313465308,-0.5487472258061715,12,-1
s021,-3.401625380041774,2.0544828386228473,0.966570764845158,27,-1
s021,-3.2223409749952445,1.116667929934476,-0.20921972790851454,27,1
s021,-3.444235309698912,1.6408051673635942,0.21499283066192806,27,-1
s021,-3.3792718132799613,1.4317952973739927,-0.040149855875741304,27,1
s021,-3.5780612897962683,1.3874714385418003,0.21717230232658188,27,1
s021,-3.1211311382671005,1.017518304266659,-0.20448530920691357,1,1
s021,-3.4634959817040922,1.140385490574254,-0.12026647729343196,27,1
s021,-3.35383284292084,1.0231372133878367,-0.3163184038441202,1,1
s021,-3.429844130070388,1.3337161970885296,-0.2907494967804877,27,1
s021,-3.5107432461037824,1.3512052647374198,-0.044702431706274685,1,1
s021,-3.416665678381951,0.7502721831926927,-0.27746523599625317,12,1
s021,-2.665665989881295,0.3344878095716141,-0.43502370545559654,9,-1
s021,-3.4271492582833303,0.860284904301775,0.06495424570634369,1,1
s021,-3.0371556752028424,0.45256471106941687,-0.3847556539063329,12,-1
s021,-2.6214512946147863,0.10360480187602433,-0.606974298116947,12,1
s021,-2.5670729298255313,0.5949278541565838,-0.38874208206104577,12,-1
s021,0.5242094039420793,0.5553487604207406,-2.302553305507728,47,-1
s021,-2.929928805840091,0.2745531164296539,-0.2683745258697732,1,1
s021,-3.287244137912304,1.0705684977367906,-0.3602024426622172,12,-1
s021,-1.7352738984507883,1.161610199091334,-0.8788817865457192,12,-1
s021,-2.752549439884019,1.1509498790569939,-0.407349550696403,49,1
s021,-2.2264995923075923,0.3967942830084155,-0.8900448581334385,12,-1
s021,-2.810732481588975,0.6357726519695558,-0.7487906580489679,1,1
s021,-3.5520059661918038,1.8830440998918276,-0.34914015598604153,27,1
s021,-1.9413229240481733,-0.6860009976019945,-0.09663641743927413,9,1
s021,-1.8317405194708611,-1.085204613563686,-0.2186376067199458,12,1
s021,-1.1982136200946591,-1.9996108402819208,-0.584618667140585,53,1
s021,-1.4365538382148584,-2.1895907890984434,-0.28071578083314647,53,1
s021,-1.8411184645185195,-1.3296969756787738,-0.07306487412608757,53,1
s021,-0.7374425451336273,0.2687866758376772,1.001813168131353,9,-1
s021,-0.7701407920105058,-1.6025600107313116,-1.073389221858979,55,-1
s021,-1.3358505998368402,-1.5421230314876544,-0.11493422296439444,53,-1
s021,-1.5149704908320123,-0.6720285931123706,-0.525313532559204,53,1
s021,-1.2376420510733954,0.44316489946603316,2.1139645797977598,45,-1
s021,-1.8883298807305766,0.059670317459114774,-0.5610668433168738,1,-1
s021,-0.8222104438848403,1.2213612430415048,-1.8991977367198074,16,-1
s021,-2.089875712439245,-0.3567816662445437,-0.3208645859315075,9,1
s021,-2.57155157371223,-0.5195281446054054,0.29077173627920033,53,1
s021,-2.7718156396874356,-0.5867790819697448,-0.10245151326198089,12,1
s021,-2.4041324099261394,-0.3379942325247878,0.04118427850457358,12,1
s021,-1.4169944798274654,0.3255844494476149,2.037435572941036,35,-1
s021,-1.3848154748308885,-0.9212563621520855,-0.5589774986782837,53,-1
s021,-1.9375955343367448,-0.8293226965314998,-0.33938283060622376,12,1
s021,-1.5987239427442537,-1.0510378601269417,0.2646540208163814,53,-1
s021,-2.3453421242904526,-0.8363128661505655,-0.04863089665245279,9,1
s021,-2.171874575536504,-1.1226566263134423,0.029440389972424385,53,1
s021,-2.304364149222799,0.31507998097582135,0.37850136944239426,27,-1
s021,-2.8592945354381563,0.17109129921241045,-0.15839487961330728,9,1
s021,-3.3254982454400355,-0.2452326930395429,0.156243806595531,9,1
s021,-3.0827823798982537,0.15580529435475257,-0.004120862819125026,9,1
s021,-2.937787619188708,0.051697876513744766,-0.1890225141591851,9,1
s021,-2.8403973364864985,-0.05458414442506965,-0.13610762215642375,9,1
s021,-2.8177493688868678,0.19535621556794996,-0.4096426561263091,1,1
s021,-2.1573231825671906,-0.504787692492477,-0.7921862702215963,9,1
s021,-1.774955325059971,-1.0230785629452783,-0.4784935296121584,53,1
s021,-1.9172124909434989,-0.8181538041965533,-0.4744458559390101,9,1
s021,-1.8814119338615243,-1.4023072216347556,-0.21947422124056362,53,1
s021,-1.914555294255621,-1.5491940264874948,-0.33616532455479614,53,1
s021,-2.4200153513275566,-0.9874057862581466,-0.10084076571293114,9,1
s021,-2.0049519215465206,-0.893508723709537,-0.25646475115899786,9,1
s021,-1.2040792047610702,-0.967983745861632,-1.1455061364940191,1,-1
s021,-2.007787501770574,-1.3132120251384847,-0.32819553912800636,12,1
s021,-2.0380946692159285,-1.208150780203976,-0.5604048028231037,9,1
s021,-2.4972533226441476,-0.1852837663657773,-0.5298100823105849,1,1
s021,-1.5089976323678207,-1.4161191079289268,-0.7120282334353695,53,1
s021,-2.0777051707106877,-0.8474622349772319,-0.6585289576515557,1,1
s021,-1.5873326273548585,-1.312891965101847,-0.6954357586542974,12,1
s021,-1.8396026332451283,-0.10416949827123816,-0.9597853934390664,12,-1
s021,-2.2404703579244973,-1.072549108409376,-0.49361527547107553,53,1
s021,-2.261737920503229,-0.5029100670244904,-0.6037883091778912,12,1
s021,-1.2885472992812022,-0.38590032043268585,-0.041631273164651775,12,-1
s021,-1.6848532521733661,-1.109917098096386,-0.4261780479518892,53,1
s021,-1.6853511722241508,-1.472964705251883,-0.3582695595309145,53,1
s021,-1.538360471969529,-1.5809697886665792,-0.4136051494829388,53,1
s021,-1.6001694244124436,-1.795632731399925,-0.36412862503112214,53,1
s021,-1.5898481476207795,-1.5494807434907032,-0.4588887480891397,53,1
s021,-1.6971094381878407,-1.3730156171949663,-0.43529661871932046,53,1
s021,-1.2975549342816972,-1.6387989833431982,-0.2409977700992465,53,1
s021,-2.440074833978386,-1.2103533387649545,-0.1784441837306783,53,1
s021,-2.141388238439472,-1.576980721612223,-0.07074110656143229,53,1
s021,-1.0682875484485161,-1.6939086831969528,-0.5710338596087396,12,-1
s021,-2.3025597681153895,-0.6420547413590456,0.10002565078230151,12,1
s021,-2.1420970115238913,-1.0865832280118912,-0.2418031088984521,53,1
s021,-1.7389421571858967,-1.138267599930504,-0.3751209041455629,53,1
s021,-1.5766284673332462,-0.2408052342190735,0.4191124984063866,9,-1
s021,-0.8681147352685511,-0.777666526742992,1.9922358865026821,14,-1
s021,-1.9590842216106343,-1.0333533437932363,-0.25717931611227235,12,1
s021,-1.9817081396243645,-0.7478296254920266,-0.48833283405541494,53,1
s021,-2.0161689987678955,-0.3658627084621527,-0.2797066573051914,12,1
s021,-1.6659885619811658,-1.1993424824141516,-0.43024569669012075,53,1
s021,-1.7623330171955136,-0.5063177633199724,-0.23392672448323262,9,1
s021,-1.9840081281213555,-0.8073224890889485,-0.6296950245055581,53,1
s021,-1.7806803211541995,-0.9490836927539842,-0.5843166722306407,53,1
s021,-1.058943808049907,-2.304389800787699,-0.5878144479281896,53,-1
s021,-2.26167297761753,-0.5548983223838404,-0.24117987325983442,12,1
s021,-2.2641915162181734,-0.237681198781127,-0.49360218744927364,9,1
s021,-0.08922162691603691,-1.5586156224759993,2.1495457124722352,14,-1
s021,-0.5644919295948855,-0.8152514850714528,2.838901091618017,14,-1
s021,-2.64042366020775,-0.11887072170760847,-0.2992300780654653,12,1
s021,-1.4484650530947245,-0.10782046708606173,0.9599235298281983,0,-1
s021,-1.8360277441883799,0.27010686233076725,-0.47840236315781565,0,-1
s021,-1.910346242590032,-0.36567439388593925,-0.6764326300429371,12,1
s021,-2.3759996543222055,-0.4771296522623442,-0.36610645866204555,12,1
s021,-2.3325421504819883,-0.6187199540627717,-0.33876792656126237,12,1
s021,-2.7821248219680843,-0.3074787280867059,-0.06318170200329085,9,1
s021,-2.655445638327148,0.1330946675797982,0.08954695814242053,12,1
s021,-2.519121045286731,-0.2671662377049537,-0.4808016531765652,12,1
s021,-1.6435815848398068,-1.2393655671055355,-0.6930046157685757,53,-1
s022,11.161905109453215,4.507541445997309,-0.5874006303357099,3,-1
s022,10.485485071288972,2.7689685405471955,1.4859717259143337,20,-1
s022,10.210499527492924,1.3083501260797348,1.812246083374955,3,-1
s022,11.126845754821087,2.100973277364668,-2.16350461412086,3,-1
s022,9.661095814453633,-0.09156546758234943,1.1841376298119084,3,-1
s022,9.224058593289952,1.4039826095119508,-1.6395654195992806,3,-1
s022,16.33437948246273,3.3714572603536235,-9.303797658186088,29,-1
s022,6.566648271381255,0.2272888544943935,1.3593012403019928,3,-1
s022,7.329860286871605,0.2260269994137929,0.9895472508360446,3,-1
s022,6.11519068668631,-0.9284947045249503,-0.26702376604266753,3,-1
s022,8.637654168000086,0.7204168542379907,0.3765145822971432,3,-1
s022,7.047737004393107,-0.709200102701699,0.6407699016896814,24,-1
s022,6.386410050433331,-0.22089617758041674,1.7302164285084405,48,-1
s022,4.237281799562609,-1.7239974695200004,1.2885010563796218,48,-1
s022,9.776734456156749,0.687905838645608,0.8892017017207541,20,-1
s022,7.52935658056776,0.8260073916652172,1.714308016904319,24,-1
s022,4.891221046076921,-1.1470604059146567,1.318484689526938,48,-1
s022,4.715401860831757,-0.97936680814336,-0.4835490251229986,48,-1
s022,4.571683614700336,-0.9235733742426475,1.894802663316768,48,-1
s022,4.364328039853305,-1.1650970349238234,0.8856454921125871,48,14
s022,4.338931510972043,-1.0704958404083147,0.7555023535131367,48,14
s022,3.8898373013114416,-1.299382441399316,1.2706016802472149,48,15
s022,10.08358084954405,2.513889211597948,-3.7390413179520214,39,-1
s022,5.161849231298897,-0.061236675006577916,-1.135840537330574,48,-1
s022,6.638805944366988,0.17116873342054018,-0.9071899508339484,3,-1
s022,6.590022385214108,-0.47832661575578833,-0.341403205017928,3,-1
s022,5.099538174333162,-0.11728782576637628,1.62334916999257,38,-1
s022,6.956126025894205,0.6296873969893024,-3.0443301943041687,29,-1
s022,6.778926643174976,-0.05864819998616219,0.021103380727047948,3,-1
s022,5.860283691429024,-0.950925799055174,0.48082227711200815,48,-1
s022,4.62575592174472,-0.5086985483556529,0.09447147051017901,48,-1
s022,8.185311801050286,1.4548655239670032,3.364514572988303,18,-1
s022,5.230129835780863,0.19171736338351286,1.2892003791101083,48,-1
s022,3.5462981980747057,-1.3978418206838135,1.202422116517466,48,15
s022,9.963156511272269,2.019943572990562,-4.391259186926354,29,-1
s022,6.828107124989847,0.8967185459341686,2.5823764786326597,48,-1
s022,6.167594538613251,0.3277816334264651,2.604591497667681,24,-1
s022,8.783489488581024,1.313368692468516,0.1645444421379505,20,-1
s022,5.407555329133409,0.009964702826041496,3.080444380039272,48,-1
s022,4.647975512086217,-1.289037349370691,1.5815343791331788,48,-1
s022,4.194758203179654,-0.7625956780023303,1.0013719232205274,48,15
s022,6.0688389289129345,-0.003684562972251557,0.19368732160853505,24,-1
s022,3.7157469750055343,-1.4327343204812324,1.4058283142261068,48,15
s022,3.9063518579416914,-0.7256401807253976,0.6266202157711332,48,14
s022,6.7530371793438455,1.0952746063637955,-0.532768850801598,3,-1
s022,5.3900570720979415,0.30673594013309513,1.8292202699051139,48,-1
s022,7.452173192945804,1.9623876714544035,6.227553286089005,13,-1
s022,5.310200077790545,0.01400943783736536,-0.06521133978965807,24,-1
s022,7.598605109041404,1.5851998769401099,4.393063471920797,18,-1
s022,4.870605895712788,-1.141827519416215,1.7745902787530918,48,-1
s022,10.383723948653051,1.5843749399030906,2.071813409634497,3,-1
s022,6.394056278792808,-0.9649476370404414,0.9181296985518536,24,-1
s022,10.38274286493443,1.0360526696420422,4.244103620385066,20,-1
s022,9.816533516896847,1.6214888250420678,1.1981833320979791,20,-1
s022,6.358966415752818,-0.7736082350469075,0.17220992867555485,24,-1
s022,5.988607770821156,-1.4709348459787017,0.32942888775665474,24,-1
s022,9.036793975319771,1.0392479375643153,0.5160926765221799,24,-1
s022,6.660515261054978,-0.3854789531110985,0.3728738176521124,24,-1
s022,6.525877800871687,-1.7622988664713013,0.20688104593466877,24,-1
s022,6.941013172417937,-1.0696820652886438,0.08052124653297363,24,-1
s022,8.933255100048665,0.32404769173271925,-2.6337467814654496,29,-1
s022,7.248448591442565,-0.21250265518976863,0.32782848405329884,24,-1
s022,8.01817875089742,-0.06313043604922433,0.22534932272916663,24,-1
s022,6.125762772416279,-0.7765080528100682,1.347600874815023,24,-1
s022,8.26012258436463,1.0349832291938377,-0.7184677858308645,24,-1
s022,6.274642037723957,-1.2384416618490273,-1.2475556880422556,24,-1
s022,7.11400372358295,-1.305729893677448,2.9876151094007906,24,-1
s022,6.092601742786989,-1.3999847680312523,-1.578583422879469,43,-1
s022,6.60339237008723,-0.19552539045468106,0.6466979731058785,24,-1
s022,5.772051925945669,-0.6704678553474842,-0.4588711453455418,24,-1
s022,7.795128245965343,1.1709933653581552,1.8385227119676064,38,-1
s022,6.298309410903627,-0.8496053339056724,0.8618538832289233,24,-1
s022,7.2263919457698345,0.5486377759350507,-1.5360758491555577,39,-1
s022,5.492537451319304,-1.4843122259531356,0.7896681869070233,24,-1
s022,5.933662803226658,-1.9336501330996965,-0.060860174175700374,48,-1
s022,6.676401167928457,-0.3677426484787179,2.0613147126765736,24,-1
s022,4.969006476112402,-0.7014389697702766,-0.04072400672655768,24,-1
s022,5.315899596898134,-0.7269547363135614,-0.8937497813069974,24,-1
s022,5.216261076564174,-0.3197261481977876,0.2824826174281832,24,16
s022,4.767690445850339,-1.5793692249375832,-0.0033157761337997056,48,1
s022,6.578653277288331,-1.1386360450572468,-0.29361010546562877,24,-1
s022,5.6050101367542355,-1.5842529522716668,1.5018967335174733,24,-1
s022,5.54959875282447,-2.010855067967623,0.17486192656536648,54,-1
s022,5.793513667382398,-1.715207523420696,1.959813910827645,24,-1
s022,11.124408524996982,0.9544425573295812,-2.1413251322494578,3,-1
s022,4.277745539766891,-1.872283592517914,-0.002039694853906485,54,1
s022,5.600806679368815,-0.8834778687260386,-0.14935097044162174,24,-1
s022,6.259727305527376,-1.0037681869226316,1.6274232294972497,24,-1
s022,5.376110715380575,-1.3281893163310745,1.1282034565636423,24,-1
s022,4.376237446721979,-1.686277786729123,-0.4382048934189,54,-1
s022,12.99343397199394,0.5824121830084787,-8.659272545903786,29,-1
s022,6.979257797848559,0.23304090046597772,0.6273181845829622,24,-1
s022,6.362580953352066,-0.6681123545537531,0.603322369145187,24,-1
s022,6.582184861224841,-0.5477225359231737,0.5597566311408301,24,-1
s022,5.093117825452072,-0.6284022159768169,-0.3109037162490858,24,-1
s022,4.874582721263816,-1.3311510731599179,-0.41071480345757566,48,-1
s022,6.736686354640116,-1.0758395586111016,2.5726874244980658,24,-1
s022,5.577766082786677,-0.7142845936277695,-1.2765374583552136,54,-1
s022,4.179159796111191,-1.8780622724841414,0.021813025535302358,54,1
s022,9.260842328196711,1.7448361253781597,-6.656564959522385,43,-1
s022,6.444179073796599,2.203202931493354,1.9063508652536127,24,-1
s022,5.516332624606487,0.028595027553906874,0.7851904955629431,24,16
s022,6.702291299920743,0.9479765787523977,1.490868104580319,24,-1
s022,6.225529681344298,0.2525526992113748,0.5022173442725358,24,-1
s022,7.953082413292171,1.8096832598095849,6.214926147915404,18,-1
s022,5.204891495165821,-0.29625719344632884,0.889975998588447,24,16
s022,6.475972644647861,0.05940840309260715,-0.6154657318702357,3,-1
s022,6.665586815183378,0.3039519969799818,-1.0771384593042714,24,-1
s022,7.402998698161583,0.6658341932016951,-1.3943853437885705,24,-1
s022,6.040987848710269,-0.7700112069150465,-0.005335647199153586,24,-1
s022,5.948422099310098,0.5786770911238773,-1.9133295882154224,24,-1
s022,5.254183454414641,-1.136275083548492,-0.38317930439588194,54,-1
s022,4.94677887614747,-1.5574223826940368,0.42687370119865464,48,1
s022,5.221037440161911,-1.1897225765950512,0.3205887396941213,48,-1
s022,5.807629559277309,-1.1629086570323082,0.6067794295576948,24,-1
s022,5.833927342473919,-0.9030439845767507,3.468049937101464,24,-1
s022,3.4690705640935406,-2.2916029703389458,-0.05443238595820141,54,1
s022,5.430594997992573,-1.1180990156315702,1.3987868801603596,24,-1
s022,4.720176082446701,-1.260677571457864,1.1293559156648167,48,-1
s022,3.923248606170097,-1.6591945437922675,0.15220544941262912,48,1
s022,6.001035205399993,-0.5783935520226355,-0.632411904370267,3,-1
s022,4.236827000716917,-0.9470704207740218,-0.5225706606256151,54,-1
s022,4.02029186431214,-1.7214254114213379,0.7535311619922723,54,-1
s022,3.9682792441319146,-1.4594461952058084,0.4596038609541582,48,1
s022,3.7327777246260374,-3.2318954107015916,0.11634745304216303,54,-1
s022,3.1527456484326164,-2.0362753771242046,-0.12913480156171853,54,1
s022,2.7423471780419963,-2.54783187426801,0.1784451755312578,54,1
s022,3.6091522639987628,-1.4153794658174357,-0.0904029126311681,54,1
s022,3.121162704152587,-1.8533793634935711,0.5925645328056485,54,1
s022,5.542076097835204,-1.2437048795547798,0.0845149259533205,3,-1
s022,5.989836147430608,-0.49549451370829334,1.7124992947182254,48,-1
s022,3.2650988685977143,-2.1478939557299874,0.6288872183646904,54,1
s022,4.870410047522075,-1.1178051089615624,1.8206592003590516,48,-1
s022,3.004803081260463,-1.795331510155388,0.3825033764574255,54,1
s022,3.046355865196365,-2.164930393560049,0.25343023290384714,54,1
s022,5.115847069159144,-1.330438401720022,-0.36049021898932804,48,-1
s022,3.3285963077589473,-1.879972017944088,0.3880816937177925,54,-1
s022,3.004995552080698,-1.4497632709380242,0.7411787920189337,54,1
s022,3.577684171105474,-1.7346836045469076,2.0349676234789413,48,1
s022,3.6460591846312758,-2.2137620754429372,1.3070440186644923,48,1
s022,3.5876078910339353,-1.5477111577817988,0.961304922462711,48,1
s022,2.6842810084861934,-2.1857383101342207,0.8621943520095701,54,1
s022,3.224690335946407,-1.9726584549049773,1.66536157180186,54,-1
s022,2.5651831205341233,-2.591128042172114,0.29701764405843356,54,1
s022,2.4603270114339075,-1.6309644739838425,0.42312400112369336,54,1
s022,6.745741061105788,-0.20913245544220627,-2.575270883617617,29,-1
s022,4.241376638636458,-1.857428992073039,2.4231129520640855,48,-1
s022,3.9633386531201795,-1.763378116993657,2.244753438091634,48,-1
s022,5.256385200140757,-0.6778116589747606,-0.14454962512588648,54,-1
s022,3.0970029968438486,-2.1332045740843655,0.03171080124857349,54,1
s022,6.2742925621575205,1.8406181471124823,2.3518795176587686,24,-1
s022,7.159341291372047,1.4807620384721651,0.8709669218984636,24,-1
s022,7.991001332036642,1.043859880042783,3.2219909193460543,24,-1
s022,5.381263345312322,-0.4455536259648381,0.9710171032374748,24,-1
s022,4.243807186607468,-0.49151410919842653,1.108820512603817,24,-1
s022,5.29764853346387,-0.20365528859521123,-0.012077573545403316,24,16
s022,4.776255723097513,-0.9553666196002013,1.2967231989901393,54,-1
s022,4.527770309131537,-0.8374523552198719,0.6578280211641628,54,-1
s022,5.123431511293212,0.25012982735343814,-0.260552586050457,54,-1
s022,5.836620696631552,-0.059106270771095794,0.9481574141408953,24,16
s022,4.5374412041144145,-0.6745924002048564,0.11043228830385768,48,-1
s022,12.69779544891033,4.254400274760841,7.591880220593215,13,-1
s022,3.0546680320364206,-1.5693883648910927,-0.09857821740156131,54,1
s022,3.9816896257696492,-1.2506439863444283,-0.7558908476628128,54,1
s022,4.1963116854659335,-1.459009462957066,1.3746776158783431,48,-1
s022,5.2365585998451705,-0.8424694144666103,1.1314380753675517,24,16
s022,5.977006531977392,-0.13083793246465586,1.4828105099793325,24,-1
s022,6.002166318244299,0.5508589935832187,-2.0088293969440447,43,-1
s022,3.6499853942118534,-1.3954346841964134,-0.22448368430351767,54,1
s022,4.2523798637520995,-0.9997321693048965,0.040415472203705706,54,1
s022,4.362370547752827,-0.8233762344826522,0.6078944975059459,48,-1
s022,4.265189621121723,-0.7317314398835406,-0.8861775031256723,54,1
s022,5.10478820618393,-0.7438029309064577,0.37613981303892624,54,-1
s022,4.661690146172933,-0.7856372433151363,0.7649013592733491,24,17
s022,5.920069548158432,0.6669488155953104,0.930530011895928,24,-1
s022,4.996777521575306,-0.5258605936833142,0.3142125043222212,24,17
s022,2.903635682303911,-1.852570307176612,-0.0701290345588201,54,1
s022,3.644486126417538,-1.6251228877586632,-0.03476650885678554,54,-1
s022,4.039829484867161,-1.3071600316534817,0.5138142893883269,54,-1
s022,4.306589239227606,-0.8880193491356257,0.6681485693411737,54,1
s022,4.377024582951984,-1.329650365241722,0.8180031676544384,54,-1
s022,4.699316991374062,-0.36552943234502894,1.1477120321687952,24,17
s022,4.236357266135143,-0.3072432224661704,-0.8814037989482358,54,1
s022,3.2428637507291462,-0.9711481009438553,-0.03192260664379464,54,1
s022,3.530525681246808,-1.8990086402096347,1.21980110190406,54,-1
s022,7.272466588218472,0.29476081306046253,7.71907212952953,18,-1
s022,4.12269428669848,-0.7885461189258437,0.6068225916868246,48,-1
s022,3.694327993689165,-1.3257808580338204,1.4893929679057458,48,1
s022,4.214318441942996,-0.6004956152260267,1.128794470048781,48,-1
s022,2.875913210229939,-1.5525921811219263,-0.11640669962117844,54,1
s022,3.711085844492345,-0.9383704742589091,-0.7025699390155156,54,1
s022,3.5665228339260273,-0.964809815877427,0.8631942151049109,54,-1
s022,3.1055580087164207,-1.3222128307017404,-0.42338626807634583,54,1
s022,4.094617703423385,-0.1942965857336742,-0.13129333453989916,54,1
s022,2.793403967531778,-1.0684882639618463,0.35937679389570293,54,1
s022,3.581500359429828,-0.9556762634853759,-0.2789893450354199,54,1
s022,4.591819490795601,-0.45024727592736874,0.26506930264944506,48,-1
s022,4.202331278054625,-0.36987891708130716,-1.338761162276404,54,1
s022,4.2244144828224135,-1.3827591423748,-0.57519967128486,54,1
s022,3.3720266940041204,-0.9898449748142092,-0.6475226212657493,54,1
s022,7.039310464124865,2.6008803795218896,0.0026342264051134835,38,-1
s022,6.78908928468441,1.0477278161079804,-2.984527125742764,16,-1
s022,4.622737217482224,-0.754499540864578,1.7102263992675704,48,-1
s022,4.732508692214043,-0.896817035088658,-0.934753361564066,54,-1
s022,6.880743799390834,0.19958307218089166,2.2808107608463786,34,-1
s022,9.555624877384384,2.5147019058954343,9.899648984646728,18,-1
s022,3.7291816902562456,-1.1040532315253304,0.6459293529101859,54,-1
s022,4.163478545534816,-0.7289348963381502,-0.22117475217785326,54,18
s022,11.354158242433073,5.873543627121135,-10.153683038602637,15,-1
s022,6.793491603120305,2.122717437532232,0.3517461126129368,38,-1
s022,4.295179007071087,0.3148605284701069,0.2437854400356837,54,-1
s022,7.698880594474681,3.0827470177351946,5.326410348269121,18,-1
s022,3.1202164288599357,-0.38000499545757765,-0.1450131271085586,54,1
s022,3.7514739085517017,0.17405401329386438,-0.709191979343657,54,1
s022,4.389772039955139,0.25663523268584204,-0.5691641232164935,54,-1
s022,4.271374908803971,-0.031051815514101005,-0.16726873910493867,54,1
s022,2.9241573226598736,-0.22610613613081923,0.04872327848487476,54,1
s022,3.837635367047894,0.04303178986753897,-0.45273573949990736,54,1
s022,3.6656215580571723,0.296356317655412,0.08478906330645232,54,-1
s022,3.7419832220203646,0.06997686360421339,-0.7148720979262838,54,1
s022,2.9926355963240927,-0.3534456568108828,0.2890088725138799,54,-1
s022,5.913242982083541,1.1516812125783364,4.925916122759153,18,-1
s022,3.3622917636804797,-0.8641251194466969,0.9265823130893638,54,1
s022,3.688065787656623,-0.6174382786664586,-0.7796945814225661,54,1
s022,3.610467653253527,-0.9715354143721184,-0.004763341429440196,54,-1
s022,3.3640565687686883,-0.9320392068547192,-0.24587992901583489,54,1
s022,3.712098189189198,-1.0124274159029532,-0.40085945343620855,54,-1
s022,2.895640860043998,-1.705821086219688,-0.26456696303876753,54,1
s022,4.165180399348315,-0.774074927630635,-0.23372666715144125,54,1
s022,4.0129610660222115,-0.18940401730796394,0.518684750773017,24,-1
s022,2.553193856892447,-1.4028511875359273,-0.1127338584058708,54,1
s022,3.8086823526742437,-0.3524424893160767,0.07109599286578133,54,-1
s022,3.5343475802958166,-0.5436149904648822,-0.47716763050026495,54,1
s022,5.26407973059565,1.3428286293312073,-0.7103651871570026,54,-1
s022,5.249702483058712,0.2061381491263023,0.9309805564110718,48,-1
s022,3.6688984673107674,0.3780456810796232,-0.5350320060687224,54,1
s022,4.428977276546474,0.6049240259161114,0.37404219145248974,48,-1
s022,3.5127006610223623,0.6754345179016966,0.00693543195453554,54,-1
s022,2.4784399962773604,-0.8630890038229312,0.07203408179217992,54,1
s022,2.972392165155596,-0.8188786137390731,0.18334305422187397,54,1
s022,5.410271333095663,0.4157200860014498,-2.284787117461303,47,-1
s022,5.697815354081993,1.0473241052098696,-1.1906393873523926,39,-1
s022,3.7326470724096663,-0.5567185303591496,-0.1342065380222596,54,1
s022,3.2640475449687645,-0.7109124796353542,0.03979729822639794,54,-1
s022,3.3291205552840744,-0.43747642554229194,-0.9832404767067031,54,1
s022,2.921506171320708,-1.3206672934781511,-0.5533786531579923,54,1
s022,3.2688805260246343,-1.2028158083976528,0.7768656268914504,54,-1
s022,3.6145407518771124,-0.560510229626061,-0.2026732380571156,54,1
s022,3.6954529042149913,0.30088580546409616,-1.0237693408040311,54,1
s022,3.2998133217727705,-0.2515379774412322,-0.6664937998050974,54,1
s022,6.6214163211711154,2.6194264797021845,2.4200434669663546,24,-1
s022,5.498068425858739,-0.0027899661752335465,-0.11568614294338785,54,-1
s022,3.7365751745719162,-0.8164878762194747,0.4341371026622748,54,-1
s022,4.622847484563871,0.1563366579138547,-0.08491654544464561,54,-1
s022,4.282548473954154,-0.26774797200785283,0.7823433165776161,54,-1
s022,3.9179008262296193,-1.280685783628344,-0.44613746805222837,54,1
s022,3.700239271064579,-1.6401928419695766,-0.7476214286272959,54,-1
s022,4.297522143151864,-0.38643539202927774,-0.6686665653314288,54,1
s022,4.975415406024378,-0.6948895402948215,-1.1035586417759469,54,-1
s022,4.052221509620468,-1.1512047906133405,-0.021979339575521308,54,18
s022,3.6759784109038285,-1.0379928364148348,-0.3503694616540869,54,1
s022,4.631560072562127,-0.8078165105901172,-1.2667857815456873,54,1
s022,3.8334652693898916,-0.7924084033686329,-0.5630569887164409,54,18
s022,5.018963159627269,-0.008787213850531144,-0.422451764532087,54,1
s022,3.8856291493375683,-0.8223630175061803,1.3118743674530473,48,1
s022,3.4015591957071596,-1.1106974868895272,-0.9827047480472108,54,1
s022,3.12591248958152,-1.702916543883616,-0.27140357047493135,54,1
s022,3.272012812965948,-1.7741477158029209,-0.24395088445516064,54,1
s022,4.522095346076955,-0.5857730645025992,-0.7258772908365092,54,1
s022,3.678028885173379,-1.5319695836717924,-0.9482497745343571,54,1
s022,2.903993514145785,-1.0780289464370099,-0.13685841881287697,54,1
s022,3.134446554277444,-1.2333797572682277,-0.3489478368396995,54,1
s022,5.496242156167376,0.3100113187386348,-0.6712202268535559,39,-1
s022,2.1738251759032328,-1.9764923066473643,0.0045317399284023,54,1
s022,2.901151924662759,-1.2811727468360297,-0.2942431291988554,54,1
s022,2.4471600232881014,-1.9227629339437078,-0.4153441363604424,54,1
s022,3.310665071466439,-0.825243950815725,-0.06536584453636989,54,18
s022,2.906279303208038,-1.3562150875582775,-0.12112778128819196,54,1
s022,2.258381911629471,-2.222848663210809,0.03135421824834526,54,1
s022,5.325363323805296,-0.032977153239973966,6.270502042206261,18,-1
s022,2.6992412946333952,-1.3540938664488624,0.37368493956338705,54,1
s022,2.163124692650364,-1.7249243393701625,0.16518925061379472,54,1
s022,6.14149943652262,1.2920347616885517,0.03317486543876789,38,-1
s022,2.4787527374251344,-1.8007194865512413,-0.13584085546822505,54,1
s022,2.9780394974803652,-1.2712050885537878,0.5042623794209053,54,-1
s022,3.297674171249033,-0.862095587546495,0.243641586222366,54,18
s022,2.0579509464369035,-1.6840642162487607,0.18917612319279611,54,1
s022,2.9124276041829864,-1.5060754398940617,0.312603432667429,54,1
s022,2.3820222216255553,-1.8860177749250697,0.22391452769601633,54,1
s022,3.2377061620544882,-1.6821185790675128,0.6594313900939829,54,1
s022,5.254355807032319,0.6346904542013198,0.15306398013196387,48,-1
s022,2.9091623362169097,-1.243108673327694,0.407469446885516,54,1
s022,3.218762390310574,-0.5311119168942613,0.6809618790494048,48,-1
s022,4.017678092911602,-0.8776286342326616,-0.5786472809555259,54,-1
s022,2.4759930925464526,-1.4658397009247006,0.016724124219083782,54,1
s022,2.5974118046689796,-0.7130999178843739,-0.4692640414103091,54,-1
s022,3.37762059846886,-1.2559836442753838,-0.2655625673522571,54,18
s022,2.691863257773842,-1.737536185785346,1.174810622529204,54,1
s022,2.60382152325454,-2.281785139750132,-0.058041130068554596,54,1
s022,3.183585657243447,-1.9364665129283876,-0.183135819907369,54,1
s022,4.484716277985327,-0.3558827736294587,2.344619799445294,24,-1
s022,3.1630484124769156,-2.6413976522752285,0.13416741117615613,54,1
s022,2.4759710694221226,-2.8349605113152476,0.4796599329886118,54,1
s022,2.6399838819993517,-2.906154742878176,0.014298219121829171,54,1
s022,2.6080497603216037,-2.6368428711959786,0.4133048533005637,54,1
s022,2.633334087483846,-2.3653773729127545,0.38217811258642165,54,1
s022,4.230925901183689,-0.5237294953141973,0.8766593270493913,48,-1
s022,2.5052815152872507,-2.9942237417665964,0.8666114070441695,54,1
s022,3.1484208072964943,-2.6081746876617835,-0.057826420246960296,54,-1
s022,2.5723341932711223,-2.6151606923474917,1.153266283854231,54,1
s022,2.2778594886382004,-2.467124769230234,0.4817780623521851,54,1
s022,1.9449001235502836,-2.5069474844996322,0.3384567579331336,54,1
s022,2.373353024485029,-2.5284877750689687,0.7867765169892171,54,1
s022,2.1466100864212465,-2.718862139887861,0.5612324832586655,54,1
s022,2.1727833910329637,-2.3166396025585927,1.0277980123016894,54,1
s022,2.131340303167274,-2.900336465256633,0.013961826413496949,54,1
s022,4.7614498485202565,-1.251015934631797,-0.808069147236081,54,-1
s022,2.3097708160256296,-2.576957610564635,0.40304095961467196,54,1
s022,2.0726736546038906,-2.6527444386441603,0.34425303899447085,54,1
s022,2.5478198372588268,-2.588948334635802,0.6267800744963243,54,1
s022,2.312938869404102,-2.498549010387204,0.26169060112484693,54,1
s022,2.43212749947954,-2.471248463446417,0.5555839316314651,54,1
s022,1.9590049673416186,-2.065418318307034,0.401108657938618,54,1
s022,2.060028596013156,-2.462780447109848,0.33227727081179154,54,1
s022,1.8404435914840551,-1.8835446137109688,-0.02846172544296555,54,1
s022,2.2817705038861607,-2.6159329047120443,0.44615623092363715,54,1
s022,2.0307597631890544,-2.1666454699057867,0.058586038413744004,54,1
s022,2.9535558600326,-2.059667249334888,0.7331582389734673,54,1
s022,2.3794842072980322,-1.9779169704594226,0.14838960452799438,54,1
s022,2.1340048556901112,-2.536580192442391,0.42819048488530753,54,1
s022,2.49737793162861,-2.2933971453631825,1.0711878677640037,54,1
s022,2.000892875315634,-2.1225714665472273,0.5009350989878796,54,1
s022,1.7442501879807701,-2.1840870203309315,0.07650044179059995,54,1
s022,1.6914515854779812,-1.5870793242919494,-0.0533574520560552,54,1
s022,1.5498060906304283,-1.9847210084385007,-0.4998078424664095,54,1
s022,1.683397428501534,-2.07915302193089,-0.23598714363504733,54,1
s022,2.0419960111339575,-1.7404073691011093,-0.05423684514318333,54,1
s022,2.244566987632706,-2.023058321857403,-0.45198863659710165,54,1
s022,1.8131244640102302,-2.199144605799621,0.5169730318592523,54,1
s022,3.5839253549322496,-0.5239810193339455,0.3709225621983377,54,-1
s022,1.8283331152046323,-1.9594521949999542,0.39120762654554275,54,1
s022,1.856526742109857,-2.5103782888981407,0.41144311023906605,54,1
s022,1.851622270306114,-2.4462002652005514,0.06375617443402816,54,1
s022,2.0852988437119895,-1.807976652934124,0.1270689891267764,54,1
s022,1.3302504458469038,-1.9588975664216817,-0.12825074665706837,54,1
s022,2.173008195276627,-1.9072186531202853,1.0425207729221813,54,1
s022,2.3513354739941836,-2.1946725919536867,-0.3275726661136591,54,-1
s022,5.6003180840530655,1.9916327025612988,2.0875124530510907,24,-1
s022,3.814794323821171,-1.1479573734805701,0.6470105743719138,54,-1
s022,2.4296921539293725,-1.4768176830737378,0.5117085157025109,54,1
s022,2.9269958307437736,-1.8457899201596504,0.2925072332194911,54,-1
s022,2.537973852815894,-1.891109935899224,0.035292781022296806,54,1
s022,2.210132716765431,-2.0821752388991914,-0.12879084662494608,54,1
s022,2.2357688363262285,-2.714460311589061,0.02588856367140698,54,1
s022,2.1348271656354947,-2.12077597401956,0.1782458055427208,54,1
s022,3.04738316899791,-1.592751972720212,-0.017579630572594013,54,1
s022,3.2019073257100037,-1.828636448912278,0.8737919283201501,54,1
s022,4.051177354218664,-1.1624848784557047,-1.2842291985681846,54,-1
s022,3.1979916806595905,-1.31283930635225,0.19393031892176965,54,1
s022,3.0642324625137087,-1.4666550186068885,-0.42936916351601967,54,1
s022,2.24778220626009,-2.27368525779631,0.09378820070833226,54,1
s022,3.009241766065405,-1.2300527479018868,-0.6276648398596691,54,1
s022,2.919988883365573,-1.745497811469771,-0.18642974006724575,54,1
s022,2.8181631263393783,-1.4725436590252883,0.3610981031021678,54,1
s022,2.221057772824965,-1.950718431638991,0.46959296768630493,54,1
s022,2.7831854890623404,-1.7093338688383122,0.546094340552625,54,1
s022,2.8827177552454906,-2.1571112648771615,-0.4682394027235085,54,1
s022,2.296399673225982,-1.984178591317569,0.1735581838782228,54,1
s022,2.22325037140518,-2.3081261862955773,0.16991667071122366,54,1
s022,3.4845214613720947,-1.5998173062388086,-0.13033225422692138,54,1
s022,2.686060230490677,-2.33141015382422,0.955979727258628,54,1
s022,4.037238135103077,-1.7586065030845082,2.2436053236484286,48,-1
s022,1.5925729071023822,-2.790490872216606,0.17871015758212122,54,1
s022,1.8449636309645192,-2.341941020010866,-0.1915312277282823,54,1
s022,2.8056772115957105,-1.1358680238552163,0.7294579679339058,54,1
s022,1.9652499465428135,-2.220103601748853,0.23339397099518822,54,1
s022,1.9169641716545518,-2.569335352979496,0.2530504613042282,54,1
s022,1.7938927397600077,-2.0334776889458115,-0.08068247954143744,54,1
s022,3.1532484036198944,-1.749538299202729,0.07674555890290377,54,-1
s022,1.7857939935277198,-1.7252004401555303,0.5282696247696442,54,1
s022,2.588135788539106,-1.9035828505708372,-0.5114622868011708,54,1
s022,2.1846310619139655,-2.111677922795882,0.724991526703623,54,1
s022,1.9088425738285486,-2.510848379094731,0.5447094823831784,54,1
s022,1.6903307237125444,-2.2386757074092416,0.22263715843680076,54,1
s022,1.9422238507540754,-2.1561256279052685,0.5409767112946887,54,1
s022,1.6809365065558528,-2.1032808932708122,0.3993192755400192,54,1
s022,2.246185525685362,-2.1674039518459276,0.29182968908558043,54,1
s022,1.4863227422931902,-2.3854353280355736,-0.0016888180896673145,54,1
s022,2.2447255667714723,-2.5259054557116927,0.4083026236882849,54,1
s022,3.7463232353744145,-0.5939938121622805,4.569609385120003,48,-1
s022,1.6217786274790802,-2.273329364571946,0.2335633659989144,54,1
s022,1.8402697589591759,-1.9241293989287669,0.21999045544452864,54,1
s022,2.9043371021531867,-1.5985650438153403,1.369459725732187,54,1
s022,1.9823281944392457,-2.04207345740284,-0.1248482967750361,54,1
s022,2.338385374847674,-2.1855416586917196,0.2155837458470634,54,1
s022,2.4393144158477873,-2.212127318576071,0.5854899342619381,54,1
s024,1.5514354919012114,-0.7659938563519434,1.0458827703154978,52,-1
s024,4.01110245141516,-0.4271641089477308,2.8143284001920823,48,-1
s024,3.674320198638347,-0.475190844073213,1.637551774504707,52,-1
s024,3.4042388445085927,-0.660743304591165,-1.2440252400906464,24,-1
s024,1.2444659240998812,-1.7041727017378583,-0.27059747595858835,11,-1
s024,1.8538359487295386,-2.314994607549699,0.8214256734397614,11,-1
s024,1.11015956628115,-2.3390202962506255,0.8117191726447385,11,1
s024,1.6977771280529002,-1.5332634816091066,0.8759662719828456,52,-1
s024,2.1875185327320303,-2.070704426141089,1.9746482209401726,52,-1
s024,1.1181575354404485,-2.7857020461257873,0.35553473489902093,11,1
s024,2.1325594812957376,-1.5502290402083687,0.5128631540680558,11,-1
s024,1.2401699389500465,-2.333463641243189,-0.277507748757053,11,1
s024,1.4143610719863637,-2.4145655948347295,1.5946698597444449,52,-1
s024,0.7864488851606851,-3.190622048782426,0.3686189839392019,11,1
s024,2.6612728394842393,-2.0316669332444772,-0.991256790389646,8,-1
s024,1.4931518478845622,-2.756853573347078,0.4092473662926537,11,1
s024,2.668795908968351,-2.134369220649786,-0.16733827922384079,42,19
s024,1.030823514363582,-2.9333816214241812,0.32923285902745364,11,1
s024,1.709324848604303,-2.6074677492273985,0.3778817476860003,11,1
s024,1.234389645395549,-2.7169936366437297,0.1726891265259299,11,1
s024,1.093901650826958,-2.830820227901642,0.8844290745051451,11,1
s024,1.652215163904875,-3.1884406612943126,0.6335523684513131,11,1
s024,0.6093717543699538,-3.185693507372189,0.6072835542524148,11,1
s024,2.1227638380319744,-2.7485520938610777,-1.2806446341769298,47,1
s024,1.8700658502298053,-3.342322462858673,0.307449975672947,11,1
s024,0.8854227577538482,-3.628823477342526,0.00847486042314993,11,1
s024,1.368291712902479,-3.120321199241468,-0.1415300661283574,11,1
s024,1.6935403751212148,-3.112879721968163,0.10462242032901202,11,1
s024,1.8886360544935712,-3.24338855370171,0.9956427842078006,11,1
s024,1.6949280249556553,-3.736502464779058,0.820956567339484,11,1
s024,0.6688208232899087,-3.105096448452078,0.799260071636783,11,1
s024,1.1913296165271552,-3.6691122563066,0.6894437893888101,11,1
s024,1.9823038136694078,-1.8185348232679808,0.02537628404599222,11,-1
s024,2.3337065202187204,-3.779874303726094,0.04823762440050477,11,-1
s024,1.039663261595509,-2.8408453974234265,0.6567220071175607,11,1
s024,1.0262041400877275,-3.205886368539737,0.2701140524697831,11,1
s024,2.2827483863181866,-2.691553790689919,-0.008131134243602857,11,1
s024,1.4214785272159944,-2.3205503391073794,1.8792723830627103,11,-1
s024,0.9414066717507488,-3.4194467292833726,0.35977637098402887,11,1
s024,1.5211039663534036,-3.175609042944327,-0.1955375481777634,11,1
s024,1.150383881833528,-2.566442636971916,0.8933055458610463,11,1
s024,2.1303349072287707,-3.0866323930813437,1.8962562045195714,52,-1
s024,0.9142207166921185,-2.8951206303163293,0.9518341650413501,11,1
s024,1.9352196541187987,-2.850259645527716,-0.5191687531989924,11,-1
s024,1.787456873308892,-2.991265460630113,1.3722962912974337,52,-1
s024,1.999083499160309,-2.040956320969806,0.49477143156677905,11,-1
s024,1.524422147804684,-2.3173964484051024,2.617643507749354,2,-1
s024,0.9885164122689836,-3.125519962993437,0.9341275709173801,11,1
s024,1.9659586001083031,-3.0786051399621948,0.5518982573978587,11,-1
s024,1.745696759300762,-2.700023583749355,1.598459930759605,2,-1
s024,2.028668344145002,-1.7932150044131872,1.4864745271365152,52,-1
s024,2.420963415625834,-0.9095317859953531,-0.3854453344209373,50,-1
s024,2.153075503902043,-0.3560078589566623,-0.3014630481218604,31,-1
s024,4.654423722532442,-0.44711521228868106,0.05550328706379953,39,-1
s024,1.4418709995486552,-2.7040543591484734,1.2144615725422798,11,-1
s024,0.8688082713379442,-2.530443330545389,0.5071778926300265,11,1
s024,1.0991638491265758,-2.085873627021166,1.954299215438716,52,-1
s024,2.963393322535395,-0.7221439877360132,-0.49914604181984523,42,-1
s024,0.698692507348827,-2.5703690869188294,0.8700703020663226,11,1
s024,1.1561797400664307,-2.4250639248490935,0.27099107185210836,11,1
s024,0.618995590002629,-2.440910137013627,0.5274672083267085,11,1
s024,1.0171312853218542,-2.6939820616407175,0.2951902680547595,11,1
s024,0.8150399595884238,-3.1492966047662456,0.3595086087163991,11,1
s024,0.49983466246209723,-2.771533465547836,0.4630956858447269,11,1
s024,1.0512335156374744,-2.6477400305173764,1.8320176003726998,52,-1
s024,0.8419455991343819,-3.0610383561166348,0.18910307056699183,11,1
s024,2.752501355036324,-2.384572252483959,-0.3485181197124296,42,-1
s024,0.7498969809206867,-2.8959760337692555,0.8833260493147159,11,1
s024,1.4345436325610292,-2.963691945062943,0.6187452647965785,11,1
s024,2.7117130057271988,-2.055690319839839,4.261111380312434,36,-1
s024,0.43214073045278445,-3.319133792445114,0.25554252837185243,11,1
s024,1.0777870967411955,-3.4649274600115136,0.36468169647000953,11,1
s024,1.317676700558006,-3.312578794511669,1.4013654853684785,11,1
s024,0.676893074053138,-3.2793073279516753,0.1247592229593862,11,1
s024,1.2184313342226711,-3.4438622127413008,0.2683100463597567,11,1
s024,2.3471911908703307,-2.860201516678516,-1.0129907668351414,11,1
s024,1.4129045887718104,-2.84761297206643,-0.2584762462516768,11,-1
s024,1.0387996495387908,-3.3973834218746495,0.11776697150006733,11,1
s024,0.3518229012841541,-3.333024337088673,0.438236174159495,11,1
s024,0.6955617595038177,-3.088097643111572,0.7771897014491636,11,-1
s024,0.5423653535217112,-3.3615872025654334,0.3269204412935018,11,1
s024,1.4457327061296363,-3.7747049582733627,-0.13289288069240887,11,1
s024,1.0854175356533708,-3.3628174263860875,0.36109709416137625,11,1
s024,0.7254748011050519,-3.3594699764168707,0.06535513162160744,11,1
s024,2.057584518517896,-3.3943203743147916,1.2639896164349678,11,-1
s024,1.268062102533988,-3.3394330187437427,0.7586313073255364,11,1
s024,1.2734589578615116,-3.403633147892259,-0.18841249373087016,11,1
s024,1.458398351198347,-3.546071646143265,0.37239504568589166,11,1
s024,0.9650323043074949,-3.5576889175243323,0.1493752236109986,11,1
s024,1.1001950238789482,-3.7175917976207122,0.5280614944520896,11,1
s024,1.4086834246556286,-2.950825532942825,0.017266761681171104,11,1
s024,0.9826035916657605,-3.8321841671236285,-0.4962792149442066,11,1
s024,1.5187609986246657,-3.833633376315656,-0.2477609900274393,11,1
s024,1.1876562586378354,-3.216533181716002,-0.292250961122924,11,1
s024,0.12152231987058573,-3.5075566581082294,0.04241316956637465,11,1
s024,0.8963750609308894,-3.8521549883414115,-0.15343829569907172,11,1
s024,1.038398259392579,-3.990536269450711,0.5984236224981956,11,1
s024,1.461022094803299,-3.4395868785015935,-0.43446762236237757,11,1
s024,0.744681178143885,-3.3310180235258704,0.8641575864442556,11,1
s024,0.7939917579194709,-3.817587615297415,0.18045297598632873,11,1
s024,2.35127429101741,-2.17019399798731,1.0351188383262746,11,-1
s024,2.291830212633873,-1.8675237937530715,1.922395252434342,54,-1
s024,1.3910970163946597,-2.9129867194008536,0.3519992472876168,11,1
s024,3.7229601635322376,-0.7819428406684641,3.776038168036443,42,-1
s024,0.5899207138383349,-2.2886610414796165,0.9411783444399949,11,1
s024,2.0499499927562836,-1.7972289433977444,-0.7963735364831225,11,-1
s024,0.7886497292372626,-2.8292342666055004,0.7198468217135806,11,1
s024,3.5548754948874133,-1.4242304933346956,4.21979161378583,52,-1
s024,0.32254303450233757,-2.752639548076036,0.7069698943455197,11,1
s024,2.3552034688589893,-2.231948839107824,0.5102718693096687,11,-1
s024,0.3071593715942095,-2.828646782695418,0.4764165464347218,11,1
s024,1.983350433844204,-2.3448901968528526,1.7869606747078206,52,-1
s024,0.379850537763572,-3.2158966232191286,0.30117546706575776,11,1
s024,0.6025228642119116,-2.621075197789327,0.9619736360060115,11,1
s024,0.6371894126888236,-2.605786596567269,0.6671775112656716,11,1
s024,0.676795024267825,-2.861939981761786,0.5766231531945799,11,1
s024,0.784794251322857,-3.045454254097577,1.269668047588513,11,1
s024,1.3308477891224875,-2.3924522715940766,-0.43195475467281297,11,-1
s024,4.134307008554739,-0.6292549634101781,-5.21568802527407,30,-1
s024,1.9150562206464141,-2.222613329182013,0.22273589054364742,11,-1
s024,1.2378554125329437,-2.289267189961574,-0.13771716319506563,11,1
s024,1.0298989692912222,-2.1837633110850945,0.2205845536658853,11,1
s024,1.7793784731276596,-2.171767220167949,0.9158485611716596,11,-1
s024,1.3117534179039023,-2.763618775817085,0.9143642307090099,11,1
s024,1.3825325519660105,-1.892652537970879,-0.005994398316605567,11,-1
s024,1.480491852718745,-2.3390478032741657,0.8591315808172005,11,1
s024,3.468796803322992,-2.425128644857128,0.5349625175309919,54,-1
s024,0.3328843514355628,-3.3245160593647145,0.20166862153765358,11,1
s024,1.7432300193883852,-3.1518932747613384,-0.5753989405292348,11,-1
s024,0.6895357735688753,-2.5875717851096605,-0.03793055333055012,11,1
s024,0.9034091922307153,-3.5343088707394545,-0.3272791769964515,11,1
s024,1.2130890829297505,-3.4596937507635137,0.3727690673125202,11,1
s024,0.6475948460546455,-3.008038997521902,0.043529107340900305,11,1
s024,0.7772442781025185,-3.093164276817599,0.3712254223214202,11,1
s024,0.6131198754793633,-3.3634591297190277,-0.2072718512590286,11,1
s024,0.6199024570641961,-3.4380557660996285,-0.19002106885372383,11,1
s024,0.9179595247523307,-3.4282346963540125,-0.5371354166728455,11,1
s024,1.4930780794172946,-1.9644934316523819,-0.801842589768878,11,-1
s024,0.30844992647210234,-3.0935401971487173,-0.1665102839588873,11,1
s024,2.3730940273305743,-2.371944212078958,-1.9194924785606455,47,-1
s024,1.9455503673630066,-2.280063879282677,-0.4470498156792622,42,19
s024,0.8230903064230854,-2.451494005269609,-0.7516185149595647,11,1
s024,0.22470008238093675,-3.2435471546948103,0.10677484922396695,11,1
s024,0.05583165405434264,-3.1918126212637867,-0.011351089573742758,11,1
s024,-0.03437364154549452,-3.1743848128632988,-0.02728478881693964,11,1
s024,0.4727376067946252,-3.4343039157195636,-0.11482600348672806,11,1
s024,0.6691828200703693,-3.236660311563805,-0.4233714744605705,11,1
s024,0.3350168670244756,-3.342779699853536,-0.1207898788135267,11,1
s024,1.483743846916878,-3.184352046310036,-0.6892416726100794,11,1
s024,1.5930183973935859,-2.1420931980825433,1.2203526493041827,11,-1
s024,0.6475468141722575,-2.962739744397756,0.4721684348274493,11,1
s024,0.9959112486603627,-3.2185443847427315,0.2913203446001298,11,1
s024,1.4527916110885732,-3.2017008190260503,0.7706814759738948,11,1
s024,0.7958661146561106,-3.0253668187728655,0.4166139957827614,11,1
s024,0.8633655709516068,-3.0908555600643255,0.8062952575959186,11,1
s024,1.7611572907823385,-2.1024287361058995,1.9662038979200356,11,-1
s024,1.9760577550129885,-2.4149862208760844,-1.544609410931241,54,-1
s024,2.27662811235528,-2.621073217602725,-0.5110611744676825,11,19
s024,0.8244963945261208,-2.655169216836431,-0.24119059313815774,11,1
s024,0.6763123205820756,-2.6944634687054094,0.1179768498050109,11,1
s024,3.374424157556167,-2.287174473599422,-1.1298813215586794,40,-1
s024,0.528919441415103,-3.1518590020195387,0.4217826296457481,11,1
s024,1.4636941659962805,-2.8250984687875222,-0.14320677631847073,11,1
s024,2.814368223935744,-2.7665475026767314,3.6791457310376745,36,-1
s024,0.45459161228853007,-3.224737750297645,-0.1493185225576952,11,1
s024,0.19665588740378323,-3.033855925160366,0.15267220257853167,11,1
s024,0.47728887646176427,-3.4322420886108347,0.21410807349396702,11,1
s024,0.038718187383420685,-2.868932356355114,0.5859066510115798,11,1
s024,0.25740738367792926,-3.29566007645116,0.05316018254430434,11,1
s024,1.1868105442769572,-3.7145703415595284,-0.11309951913895583,11,1
s024,0.22868126716225795,-3.143414422040892,0.16591144011336217,11,1
s024,0.5483245337459494,-3.1127745370404956,-0.2808922453262737,11,1
s024,0.07736307341756872,-3.120304783135854,-0.025342213467081175,11,1
s024,0.833099488374491,-3.1218745584527468,-0.3134415675928354,11,1
s024,3.3064613035026533,-1.2889531429853895,1.9365884797483723,38,-1
s024,-0.05674588831011722,-3.305786795762074,-0.008501389270157882,11,1
s024,0.3552523691779952,-3.709887349595523,-0.0476561641598553,11,1
s024,0.47099219006550197,-3.527343239379833,-0.21888907376582756,11,1
s024,0.15725058327397703,-3.628737364647326,0.2623599683174025,11,1
s024,0.30634651256733575,-3.921069976285305,-0.3202976482837996,11,1
s024,0.22450696176231688,-3.379064069000657,-0.24823288018890874,11,1
s024,0.9949576031404451,-3.1079776375746913,-0.3777797836431839,11,1
s024,2.7216750101968827,-1.4557464504896023,-2.519676823271185,50,-1
s024,1.9740701868164445,-3.2268017811432776,2.0479316051477134,52,-1
s024,-0.2704438732692777,-3.0650883055552742,0.01767663051680378,11,1
s024,1.2022728385226384,-3.4503235078248506,-0.2929124963631961,11,1
s024,0.32258244396548025,-3.426871609169129,-0.04719021750337784,11,1
s024,1.0063942072618557,-3.111546267912192,-0.5930674865756905,11,1
s024,1.0430267006938667,-3.2841710793655245,0.23730796842126659,11,1
s024,0.9403018152870285,-3.1251790452396317,1.1922274660931098,11,1
s024,-0.06842592841852892,-3.2417405711169915,0.1256800214199526,11,1
s024,0.10462359512032103,-3.1841559074231482,0.6224003816166477,11,1
s024,0.1106267605850099,-3.2096735847767524,0.6197795122860765,11,1
s024,1.4357639295822098,-2.44648186448239,1.253727955770283,11,-1
s024,0.8783287710616594,-2.782207118913681,1.2772714532345337,11,1
s024,0.7762790932896568,-3.611215875220141,0.6966874052961568,11,1
s024,2.507958177550216,-2.7921609579493865,2.7921288662086567,48,-1
s024,0.7283736468867372,-2.3395790884940992,1.2801421571417146,11,1
s024,0.137821935199943,-2.998944803256454,0.43025092646216817,11,1
s024,0.4500349680084394,-3.266863150232054,0.4201059007397224,11,1
s024,0.772201392783537,-2.5405638246149187,1.9785325847387754,11,1
s024,1.0735124804824803,-2.3205565601301363,1.6107432579185834,11,-1
s024,0.8486261885046377,-3.137227229712942,0.6040939737571298,11,1
s024,0.9365964463887486,-3.048899319216498,0.27711971902745386,11,1
s024,2.2974781404464015,-1.8171079808470962,5.402142675345347,18,-1
s024,1.2725530880827396,-2.569769114520176,-0.8068674988587968,11,-1
s024,0.2606099673427812,-2.6589645539549873,0.8695314554902577,11,1
s024,0.49241268543026395,-2.395911068565007,0.5809583125860796,11,1
s024,0.21032130097090984,-2.5697270812373523,0.0740953231012545,11,1
s024,1.3375132088077522,-2.7701324876707214,0.35117953669828805,11,1
s024,0.5767734457957296,-2.5783445490404073,0.8012178198258466,11,1
s024,0.07776426809413771,-2.5831595153289677,0.331798497764902,11,1
s024,1.006681880276405,-2.99052431205218,0.09282232711910414,11,1
s024,0.3376380984791799,-2.5658776663173932,1.3150732742535904,11,1
s024,-0.10309382762495349,-3.0414761191593525,0.698352836287297,11,1
s024,0.21488475436510743,-3.3895467922109628,0.35206263852178926,11,1
s024,-0.0836040974264023,-3.389212274378356,0.46670114799890583,11,1
s024,0.0474439693494767,-3.1375882429253252,0.5417927780362853,11,1
s024,0.10554385932440324,-3.2928103999224794,0.6072074050707191,11,1
s024,-0.01304289117579267,-3.12687512562014,0.03879970382896724,11,1
s024,-0.31581991660288994,-3.010288109872854,0.47290386199973167,11,1
s024,0.12330539903452967,-3.025865726937839,0.6292862730816577,11,1
s024,-0.3744454117455212,-2.6729693959250964,-0.08268151428391707,11,1
s024,0.6911475104300843,-2.963902414988383,0.4354245883379016,11,1
s024,0.2562473550594418,-3.3449089136060417,0.1621010758719718,11,1
s024,0.9150859751182091,-2.3748585958726527,0.4942954997466428,11,1
s024,0.038575071014006986,-2.7437362436339314,0.190101957666962,11,1
s024,0.8592630892287257,-3.1803706295286243,-0.11768179119324486,11,1
s024,0.12537199436670718,-3.001067919426653,0.2513851842127632,11,1
s024,1.918586001966306,-1.9907131653141528,-1.9424177297227532,50,-1
s024,0.8237857386079793,-3.1331962649215694,0.08640601187915307,11,1
s024,1.2864881544462512,-3.3483213822691127,-0.7667597076446638,11,1
s024,0.3279679298244506,-2.5499489457274165,-0.40909698122893867,11,-1
s024,0.6630690710386767,-2.936997147007836,0.6182314849720193,11,-1
s024,-0.3778825035912151,-2.9509155038350223,0.4613599947898865,11,1
s024,1.2641040916567392,-2.1178601041836376,-0.7742014359000949,47,-1
s024,0.05555944914225781,-2.4735729383259857,0.1435039768700385,11,1
s024,-0.04992661367956577,-2.7143883210669095,0.5985620369111316,11,1
s024,0.1222166991395476,-2.1308825641850273,-0.9319276815674307,11,-1
s024,0.6410909231620956,-3.403169722208612,0.5577537669500842,11,1
s024,0.11678691741981641,-3.418350628263007,-0.011722275209914899,11,1
s024,0.4959617211674167,-2.995991178323623,0.2735158995890117,11,1
s024,0.35795961999313786,-3.422635164392348,0.26280918207361526,11,1
s024,0.6361697626807179,-3.2516157027669186,-0.11880914644410379,11,1
s024,0.2484732764471033,-3.2593553692619133,0.08506714531014821,11,1
s024,2.382118898990812,-2.9217661401443347,-1.371306062912578,11,-1
s024,1.9044183213906414,-1.6049633978330657,3.2784032113427064,52,-1
s024,0.7165199121750548,-2.5502344966025565,0.89507789178863,11,1
s024,0.7202611969957718,-3.027487638695738,0.23180694174059094,11,1
s024,1.821234709983016,-2.8038594755190056,-0.7721874118891956,11,1
s024,0.9308053713149721,-3.375177284423437,0.3202372760042713,11,1
s024,0.6971185146195544,-3.023483085575052,0.7888737225469863,11,1
s024,1.1903197880014618,-3.3428688485477025,0.8132954811051407,11,1
s024,1.4548724749937674,-3.9383984430922214,0.2532808571631539,11,1
s024,0.9182827404119454,-3.398058610355749,0.6418169446069266,11,1
s024,0.9001485454408336,-3.447402458677603,0.7217748585289923,11,-1
s024,1.150438378036603,-2.8736437760304643,-0.13749728264937888,11,1
s024,1.3270668873507712,-3.2104712450796438,1.4698850041299418,11,-1
s024,-0.0631344181249466,-2.8975140003080835,0.5446029775140212,11,1
s024,0.4367972794839784,-3.2158523717879697,0.27281290513546375,11,1
s024,0.8729870392421399,-3.1095454203060213,0.23093997733558272,11,1
s024,1.4701729960146626,-3.1687676358861636,-0.033494528971116,11,-1
s024,0.062059195404203946,-3.3099251752191456,0.025379801132172555,11,1
s024,0.6852232296028112,-3.2335648148174347,0.19905162982732694,11,1
s024,0.7923041276296364,-3.32147404560547,0.2770354301870434,11,1
s024,0.29304896618475024,-3.5145001240112355,0.15951186980379953,11,1
s024,1.1318913744706964,-2.731089728518205,0.3164346025503068,11,1
s024,0.9367510010993254,-2.931701041676414,1.0945537543657775,11,1
s024,0.9989488371657067,-2.1903730091789986,0.04930247389545415,11,-1
s024,2.152513382200324,-2.781059360943994,-0.8033840321745052,42,19
s024,0.1909096803173059,-3.281401411515196,0.012761001849834298,11,1
s024,0.5296651338068669,-2.883074073432333,-0.8540804854548951,11,1
s024,0.3259710813247644,-3.3935702336294513,-0.09896073972833058,11,1
s024,0.8711120265951885,-3.172984231273606,-0.23228145140146317,11,1
s024,2.1770803621010106,-1.649049736262613,-2.8038620659744997,50,-1
s024,0.289115960219437,-3.482527910430065,-0.3107033360183631,11,1
s024,0.5698913348813803,-3.8464958885264546,0.027063787804408154,11,1
s024,0.3566272069039323,-3.6089072164825864,-0.08264889662117444,11,1
s024,0.4519229215068425,-2.568686886638887,-0.4576350507855218,11,1
s024,0.20263601784042254,-3.266382092327223,-0.027144060383018906,11,1
s024,0.5930596320499812,-3.2181880994210217,0.09352673158162868,11,1
s024,0.14021808991710114,-2.968882567259972,-0.030127526298082755,11,1
s024,2.4555853543792834,-2.3944441050978353,-2.2378377139824113,47,-1
s024,-0.35783028584909987,-2.91499715655011,0.21307303192271473,11,1
s024,-0.20986832708808123,-3.3045528238363993,0.15552901363186342,11,1
s024,0.23095748536151725,-3.2439980199595717,-0.022647757673423363,11,1
s024,0.4202689569978012,-3.2645885469869187,-0.13484313889245522,11,1
s024,1.9455665834320919,-2.163188595048643,0.7707681226029547,38,-1
s024,1.887608012234454,-2.7367055494336108,1.8742625976377756,11,-1
s024,1.3491826291538833,-3.138953352119429,-0.12268359535462645,11,1
s024,1.1651588256296599,-3.4083768693784036,1.0473600144820208,11,-1
s024,0.14221020272216744,-3.4738895416049003,-0.01516770896763794,11,1
s024,0.267467059451944,-3.325140159179089,-0.0025457606025350607,11,1
s024,0.4903265093004735,-3.5142653074397456,-0.07638758744962494,11,1
s024,0.7783722570441868,-2.9175867518627907,-0.2353010150703384,11,1
s024,2.367604234251434,-1.768794602167611,1.961346143325419,40,-1
s024,0.2927039529150098,-3.0565804755657044,0.5500348023657922,11,1
s024,1.2821517046748117,-1.7311539610514202,-1.5867922251327504,16,-1
s024,2.203315311255771,-1.2815311790024377,-0.5789127456306008,42,-1
s024,0.4004813372367553,-2.5097983332732183,0.7388112290616969,11,1
s024,0.2632529241517226,-2.3703585527176396,0.5133807088139933,11,1
s024,0.5151699985628123,-2.483088529914866,0.007094954036373504,11,1
s024,0.5396458400067339,-2.835888335514534,0.09466966826651022,11,1
s024,-0.08041828015099406,-2.544690065105186,0.18639751106142813,11,1
s024,-0.10169374624465873,-1.8648193164399363,0.08700799862087541,11,1
s024,0.16771724038050734,-1.7749093697428289,0.9391046750624299,11,-1
s024,-0.3896659271377564,-2.2521182304980716,0.2386175678143209,11,1
s024,0.8312959382319001,-1.9598320935663822,-0.8006869014683444,11,-1
s024,0.01986770732393858,-2.8367319218207734,0.10923453852507728,11,1
s024,0.18425666162805365,-2.9996843293754902,0.281273992690306,11,1
s024,-0.3263623745604187,-2.6112747486586603,0.32952667531906205,11,1
s024,0.14267378578062517,-2.733853716520942,0.7362920766280229,11,1
s024,-0.23416967945928568,-2.8698648073358357,0.2964270338765882,11,1
s024,0.13319385361995387,-3.4464413297663237,0.24320298846560925,11,1
s024,0.3380523584446037,-2.9801674604926283,0.0882962905159909,11,1
s024,0.04993800552527018,-3.0454629909912456,0.2559579741892635,11,1
s024,0.6587190084050834,-1.9466287970689777,1.5182214685252717,2,-1
s024,2.4479115593762466,-1.2316175900084427,-0.47593949611323344,50,-1
s024,0.13234329713537457,-2.371577764380507,1.253501413401467,11,1
s024,-0.11889549111396758,-2.4820957717674057,0.33289380375743044,11,1
s024,0.30313829088152683,-2.4696187167673784,0.6247319494428031,11,1
s024,0.6733226961201478,-2.694836637339436,1.3503130904764868,11,1
s024,-0.08188936997111405,-3.067342938661845,0.15422073274764514,11,1
s024,0.5000322796748953,-3.1890300515126886,0.7353129954571581,11,1
s024,0.7012966815402503,-2.5167144819913703,1.2462443196647832,11,1
s024,0.4610692470284176,-2.76320621352263,1.7189398326536083,11,1
s024,-0.4997081800903279,-2.468096094521077,0.19505720577987185,11,1
s024,2.2347064804257273,-2.2793331909125545,-1.1124575261619225,47,1
s024,0.2407580682226531,-2.4969732310220034,1.2870812187706724,11,1
s024,0.04250650590571891,-2.9398040231591476,0.03874858149825108,11,1
s024,0.17740004773734303,-2.972774444129573,0.07874206867592969,11,1
s024,0.2802763680484269,-2.894813484979888,0.6338838672390712,11,1
s024,0.19931405721004422,-2.904104452866775,0.01285292204919201,11,1
s024,0.8641982392178726,-2.8263575015558295,-0.03102230336913581,11,1
s024,1.0037631979148773,-1.8976500944852532,-0.817123565039099,40,-1
s024,0.9238089162552221,-1.9392597333035548,1.4549809083532879,11,-1
s024,-0.18695347243179425,-3.067300612585069,0.007648613836701166,11,1
s024,0.28963791241341824,-3.1004603616745254,0.011746678943092262,11,1
s024,0.25335883219353855,-2.8586328760609043,0.48000272584335746,11,1
s024,-0.3725553085462352,-2.970314756837685,0.2927690656135418,11,1
s024,0.7482518350843625,-2.145699893316644,-0.8323059856235144,11,1
s024,0.09049550288486581,-3.051954708656654,0.12175121546195525,11,1
s024,0.5740045712764537,-2.501512857317318,-0.5942990843918581,11,1
s024,1.7977617032630422,-2.4154198776761353,2.4463335114265856,11,-1
s024,0.09969462253222387,-2.889597267073289,0.32237264715356356,11,1
s024,0.5366375010155532,-2.9972065593725703,0.12452514995926973,11,1
s024,0.301206075943378,-3.1746535395641993,0.6238403722515583,11,1
s024,0.37810421985082054,-3.222577080943058,0.25677126790541943,11,1
s024,0.38757441900600464,-3.599098148516874,0.16199239509789476,11,1
s024,0.441215988727933,-3.455500933259706,0.36634481548011477,11,1
s024,1.1650644792228602,-3.105955081547374,2.0191095513634543,52,12
s024,0.3047574824849151,-3.3633842630294257,0.13702549140753903,11,1
s024,0.6698292471935986,-2.9745497883554504,0.8149311296055305,11,1
s024,0.3137764559551138,-3.2597395111433793,-0.06914634023226046,11,1
s024,0.05576218259285782,-2.9192678944126493,0.08837746943804112,11,1
s024,1.315356296070613,-3.0611144041645364,0.31330662969043505,11,1
s024,0.03886037071719036,-3.183759004529251,0.27392560066024235,11,1
s024,0.17504061033547555,-3.180357549575433,0.2535414533393905,11,1
s024,0.23809047912729492,-3.555608872263755,0.33588884307912037,11,1
s024,-0.03653710260248125,-3.4869753148198233,0.23680650623434232,11,1
s024,-0.11577841608284095,-3.1879703594655706,0.5668894116821105,11,1
s024,0.14362788014513098,-3.25861713843213,0.6100636090047489,11,1
s024,0.0448030673733907,-3.067647318404814,0.5725925067968631,11,1
s024,2.3216655479742068,-2.6411804279483775,-0.7312949525347671,11,-1
s024,0.45546688208625974,-2.732914722238982,0.4663736934887102,11,-1
s024,0.5096425798754974,-2.516798563286065,1.0315419363441287,11,1
s024,-0.1213393466958946,-3.0706827217391726,-0.09407451879855638,11,1
s024,0.2753559360267828,-2.963261425228341,-0.24293332607853735,11,1
s024,1.3614250416535036,-1.5709940247526697,-2.1979049211025603,50,-1
s024,0.5350941844853102,-3.0195134134497414,-0.48133844114066027,11,1
s024,1.0022925259208393,-3.272554999043667,-1.0508776234677972,11,1
s024,0.49387369604080095,-3.3979369993768564,-0.16052775556461332,11,1
s024,0.5055956349145162,-3.056046284578219,0.2558253117273311,11,1
s024,-0.02469827063556236,-2.882175045015171,-0.2583830052522141,11,1
s024,0.2346536386172033,-3.1728680370982665,-0.5527122130749343,11,1
s024,0.0060270235613448,-3.0122737325389872,-0.3020992510051699,11,1
s024,0.5005706777824767,-2.7213319432078076,-0.45334311069736644,11,1
s024,1.2736486804097433,-2.458294581081336,-0.36222038641085347,11,19
s024,-0.006691858341734909,-3.2242814822751122,-0.26587977040517646,11,1
s024,0.3019927413870281,-3.3153527887763583,-0.15813098693229852,11,1
s024,0.058055855437710066,-3.4257947847692694,0.00786508630272347,11,1
s024,-0.11112233279180975,-3.17116494653074,0.08730519653784453,11,1
s024,0.18755494072684561,-3.223669102657647,-0.011333728694994742,11,1
s024,1.2104814200293157,-2.4849995426993146,0.09848251500080521,40,1
s024,1.0065025599439354,-3.108945557602395,0.33669628813373054,11,1
s024,0.7560394493674989,-3.7482422665880897,-0.017345959595966118,11,1
s024,0.601846125821474,-2.711282920562539,-0.03046822874381929,11,1
s024,0.4536882387309094,-3.02793107134943,0.28454800600678987,11,1
s024,1.5287819324208751,-3.115074719653653,1.1463425768142756,11,-1
s024,0.36164936107400797,-3.046192221540561,-0.21220042307169668,11,1
s024,1.4481917322568088,-3.1809428978473506,-0.7786234591334629,11,1
s024,0.17620897808437602,-3.436311129127314,0.2221736918885521,11,1
s024,0.42033830007566797,-2.9851368441129633,-0.2035938843837131,11,1
s025,2.419232193702655,1.3346277294785098,0.2035114658460495,52,-1
s025,2.641362873460007,0.5696238636323335,1.7192217502856877,52,-1
s025,1.4510853283042389,-0.04975989227830856,-0.8138116710871449,0,-1
s025,1.8152701820443389,-0.22419296927466184,-0.5134158071036949,52,-1
s025,0.5001825081263439,-0.47497268593053393,0.8656651683294028,0,-1
s025,0.7609480976239168,-0.2709768865631247,0.5937285388049848,0,-1
s025,-0.14894122246839941,-0.38335166381931035,0.6230933908115623,0,1
s025,0.09874509359466811,-0.4654628357810165,0.34711589573345975,0,1
s025,-0.6696068075410908,-0.012594257722347794,0.4387596486513917,0,1
s025,-0.9410182165630714,-0.5871287636380682,0.1787987408700307,0,1
s025,0.29663021360125386,-0.9876815733431124,0.4448633266566965,0,-1
s025,1.544230619008888,0.6795378349027001,1.013110466558101,38,-1
s025,-0.7148606906426799,-1.0428449709634457,0.35915575144573664,0,1
s025,-0.5363651419647645,-0.8688939016806965,1.1721590253693768,0,1
s025,0.24453862516416652,-0.960628261266609,0.36235448098449086,0,1
s025,-0.352160922667929,-1.3702275121835232,0.5303054668364325,0,1
s025,-0.8339236631702308,-1.410352459601604,0.8624006817113719,0,1
s025,-1.0903760345045566,-1.4167713104116089,0.2674799816358117,0,1
s025,-0.4573587399156087,-0.44228307058141414,1.2009155482557696,0,1
s025,-0.5806186340531507,-0.8070998491584526,0.6595947501369251,0,1
s025,-1.0051066351712952,-1.2218311272744231,0.40113829442655413,0,1
s025,0.7210755093184592,0.24993017396297174,0.3099700974463294,0,-1
s025,-1.0517215711962025,-1.360645281113982,0.18381598680149625,0,1
s025,0.7683095591579095,-0.7832573683761074,2.6174562962014134,52,-1
s025,-0.5747851270293087,-0.4516524885539526,0.28265415985465553,0,1
s025,0.521256405985568,-0.46766016589366693,-1.2475995109308806,16,-1
s025,-1.278444860725298,-1.4363621406542484,0.41728997752015917,0,1
s025,0.9477607961474362,-0.3578753681486879,0.14231919552559166,0,-1
s025,-1.0534682817438046,-1.1215051366957904,0.5039696328120291,0,1
s025,-1.1556247983654049,-1.3752123143253978,0.4904759963062619,0,1
s025,-0.33678047720892523,-1.2547243910897932,0.7561343316399133,0,1
s025,0.22366479525145955,-1.4174142108656755,1.7554421013044252,52,1
s025,-0.4650483022448919,-1.9471026341083986,0.5408152001567673,0,1
s025,0.029959913874737416,-1.4008003894467012,1.2943060075816126,52,1
s025,-0.48342552422946533,-0.9163652932225947,1.5477440808150225,52,1
s025,-0.3886222671985032,-1.3088088451473154,1.3198904181156867,0,1
s025,-0.9644643436784114,-1.0688366141524395,1.551566272659796,0,1
s025,1.8098933899709106,0.3236880382336801,0.8735363403581893,42,-1
s025,0.07361092247517798,-0.11407383552588637,2.272295855015397,37,-1
s025,-0.3347923698121909,-0.1867444820618697,1.461430019215394,0,1
s025,-0.8478043134532928,-0.16981012221440245,0.8788645901148261,0,-1
s025,-0.6461795247836197,-0.800369643690598,0.6167491310245777,0,1
s025,1.712135538884468,0.3833985239752657,-0.03275121334660972,52,-1
s025,-0.19601851786361787,-0.602924695858043,2.2766146866861767,0,-1
s025,-0.1023074460212336,-0.34482667139953155,0.7869084704626557,0,-1
s025,-0.5171518928314104,-0.7770901482908973,0.31489334591540435,0,1
s025,-0.6268403411785206,-0.6490825185830207,0.1279556842502999,0,1
s025,-0.4769231014192262,-0.8986546156927919,0.36889436922446667,0,1
s025,1.6653838420666125,2.919656257651568,5.4355352424029,45,-1
s025,-1.3923647396749437,-0.01321612184453139,0.23447736661221674,0,1
s025,-0.5095493945378127,0.1200240307683247,0.8935486108168763,0,-1
s025,-1.0848763869439169,-0.7531308281240994,0.29035796595870456,0,1
s025,-0.007127277391281019,-0.1272017949655706,0.3538926530325787,42,-1
s025,-0.6648286082187755,0.0024699226171939785,0.5720573203496286,0,1
s025,-1.518819052871023,-1.4792163032709353,0.5734575777151159,0,1
s025,1.8857434470803534,-0.030997764305818423,-0.02861069558390634,38,-1
s025,-1.111096073004876,-1.6816393053793184,0.422343647958338,0,1
s025,-1.1853403756166003,-1.4876359037069777,0.49638686097705736,0,1
s025,-0.5599160633316431,0.26017394671837085,0.37880375379267406,0,-1
s025,-0.6371563179859671,-0.10834740297782892,0.5169217469681991,0,1
s025,-0.8947156939574644,-0.3777454129151919,0.6007951903933026,0,1
s025,-0.9558962982764327,-0.15105021340239216,0.36001020766553077,0,1
s025,-1.6904268566352194,-0.9619895586963704,0.5994207891450404,0,1
s025,-0.903527966006361,-0.7412205444689525,0.25995102208024917,0,1
s025,0.7226948281299194,-0.8687634200072059,1.14121563405555,52,-1
s025,-1.1283072412653934,-1.659517012250567,0.36752571425468245,0,1
s025,-1.3773560828835434,-1.3978436655129374,0.4429121104541387,0,1
s025,-1.2607805040775084,-0.80865296798209,0.7730044806076598,0,1
s025,-1.4347925597092377,-1.443735346883736,0.6533169122550762,0,1
s025,-1.0836190125077765,-1.4353458819429155,0.3326443052464583,0,1
s025,-1.0292693310008134,-1.2108731977278324,0.07718390695261182,0,1
s025,0.09527111200925764,-1.3836858397328027,0.5976034402646061,0,1
s025,-0.3408237630945327,-1.9675292823370933,0.47832882938705346,0,1
s025,1.293180838077477,-1.1279036723473126,1.006741132676335,52,-1
s025,-0.2555056440089342,-1.2577263692345901,1.4722692804243696,0,1
s025,-0.5859782888859315,-1.0506183521613017,0.7684762568554513,0,1
s025,-0.634273419604251,-1.3318192610057495,0.561070298035258,0,1
s025,-0.5143756386019535,-1.6594440424300052,0.664746258089825,0,1
s025,-0.6876648331796872,-1.4193410864157847,0.8717197214922682,0,1
s025,3.1277124731446535,0.2340473320640647,-4.398518663449979,16,-1
s025,1.874576776327675,-0.055327962907804874,3.5300167720841835,52,-1
s025,-0.31599062279064516,-0.9684806751689543,-0.14407358302910536,0,-1
s025,-1.2063667686461137,-0.8621393296593559,0.5535957128057618,0,1
s025,-0.6707120846586456,-1.254043375839519,0.2684720363943511,0,1
s025,-0.6003618453405137,-1.8935202303380039,0.6451044241393663,0,1
s025,-0.9887780180022122,-1.9568865710341798,0.22600918444867032,0,1
s025,-0.3900334145953803,-1.3398115495811644,1.1056603022004319,0,1
s025,-1.135552771927532,-1.6378563123869738,0.5354393566492389,0,1
s025,1.068663754792038,-1.892927378344782,0.2946354506737963,11,-1
s025,3.1378141063123426,0.07452657514433103,-2.217704724036978,32,-1
s025,-0.5308316531237701,-1.8741805522104629,0.31279152786963393,0,1
s025,-1.294237824072867,-1.2493667776525532,0.7011090044311499,0,1
s025,-1.2131215473901413,-1.3098504227511134,0.30548369255149666,0,1
s025,-1.2025094083472263,-1.596125155082399,0.34696379725980026,0,1
s025,-0.07402111392520277,-1.0166074810383783,1.69890553675015,52,1
s025,-1.0160360771411243,-0.9751402738353715,0.2713266079275903,0,1
s025,1.4825919218141332,-0.6644750073035677,0.16049156465432662,40,-1
s025,0.3993086940791402,1.2958132611922104,0.06515776912301284,35,-1
s025,0.0023549945182544715,-0.34152127673764204,0.3266572106543957,0,-1
s025,-0.6689630925912571,-0.8286700523918473,0.31885621379362494,0,1
s025,0.16468797137932295,1.2713959490854507,-1.9262722841517128,50,-1
s025,-0.8046074410283752,-0.1261762874442585,0.3240767100958784,0,1
s025,-1.122141641519873,-0.3462246295142402,0.4186650599641719,0,1
s025,-0.9887155540000314,-0.3601259538939224,0.26640224166594223,0,1
s025,0.4645278170526959,-8.949073915458799e-05,0.8261329479220496,37,-1
s025,-0.480410763552979,-0.714439813695769,0.8799872179386763,0,1
s025,-0.4241185420646999,-0.7027503989236459,0.22036208746992053,0,1
s025,-0.23723291156095352,-1.0182288091150653,0.89128693028271,0,1
s025,-0.10485989548659194,-1.3242089153243992,0.9839587347102454,0,1
s025,-0.2449384487806282,-0.845602678242858,0.2076151234386202,0,1
s025,-0.4896430669657635,-1.3606417876769201,0.5533713394114774,0,1
s025,-0.7404142015130211,-1.355445039671532,0.6739216997991634,0,1
s025,-0.6089907478663156,-2.0130865658597847,0.34196020782352005,0,1
s025,-1.4465695324289647,-1.1321615641715035,0.5139960451243846,0,1
s025,-0.8297740286129658,-0.9055821097212375,1.0427612624262566,0,1
s025,-1.05816381281782,-0.7640973972148196,0.6359489236541147,0,1
s025,-0.4221602602738183,-0.6167309374666506,1.1015081962520425,0,1
s025,-1.231046040367237,-0.9243746397845313,0.7439752918882977,0,1
s025,-0.619255725983291,-0.11136591164684895,2.1080485692533775,52,-1
s025,-1.0115883066220308,-0.4415051590063103,0.38042195838798637,0,1
s025,-1.1257372319565375,-1.055872209010413,0.44201896911173044,0,1
s025,-1.1497518648715452,-0.8791192030994297,0.4747648090891058,0,1
s025,-1.1227000462324175,-1.1362983409775191,0.6072922828551331,0,1
s025,-0.5972624825107886,-0.455010031423486,0.7171871590288006,0,-1
s025,-1.0377394545023877,-0.5181431349362423,1.0541108104220427,0,1
s025,-1.4246943682831932,-1.1131555952269394,0.7188458235009816,0,1
s025,-1.4901585028974154,-0.8674853300688895,0.562174015137225,0,1
s025,-1.0235050757375128,-1.2883109121823033,0.5014688014544929,0,1
s025,-1.355815275651385,-1.0402980723790434,0.5715140638921165,0,1
s025,-0.269551898694629,-1.0383819430535728,0.6797937388782246,0,1
s025,-0.6606686630755894,-0.37390397415256954,0.56211565956505,0,-1
s025,-0.7981579668990509,-0.4252668099090991,0.5303474285785962,0,1
s025,-1.7774832293754785,-0.1053250943099649,0.721140350783935,0,1
s025,-1.7555403432916077,-0.3797675495219434,0.33894655761870124,0,1
s025,-1.2339191710941138,-0.20999269366512754,1.0481954004915492,0,1
s025,-0.7991736153832731,-1.3032424544118018,0.6094678230411642,0,1
s025,-0.7923506266911634,-1.2266239138731958,1.2178230311014169,0,1
s025,-0.913062576649406,-0.664997025945601,1.3124309272029184,0,1
s025,-0.3360622927527684,-0.597783676082044,1.7782567316664823,0,1
s025,-1.2383266922453167,-0.5860414934836738,1.5055137067447246,0,1
s025,-1.5091787843694175,-0.7514032173658642,0.5911930303568937,0,1
s025,-1.4611814894259398,-0.7547832669372811,0.7276022768969287,0,1
s025,-1.1985334892150616,-1.04823988051162,0.8421364447454771,0,1
s025,-1.6242144186410616,-0.18605987773969745,0.9855713062864752,0,1
s025,-1.3989236544655572,-0.17125087207487724,0.5138356903505337,0,1
s025,-1.311933288534763,-0.6871842395144594,0.5927605111970798,0,1
s025,-1.5414855374432714,0.47751231395198906,0.587778139454006,0,1
s025,-0.3161478825782116,1.1236965743679488,-0.4343365613610948,47,-1
s025,0.3417904760096968,1.9970817457603913,0.18525415024742384,38,-1
s025,-1.8254515443253772,0.5051578211629857,0.4016325568373455,0,1
s025,-1.8522569862039575,0.13378226240842164,0.3483665135053509,0,1
s025,-1.7336949404397068,0.10908856881860755,0.2750567961523286,0,1
s025,-1.5993606455301086,-0.22821079635117172,0.4891397321427763,0,1
s025,-1.1936093044445928,-0.38286582591015306,0.7715488112163116,0,1
s025,-1.3665744399395519,-1.0679749097938473,0.31513323089143547,0,1
s025,-1.2037916077977382,-0.32952784998927553,0.6751819183718617,0,1
s025,-1.0361723169956616,-0.9131013323602292,0.7818624849676115,0,1
s025,-1.464430237491201,-0.8214448597385978,0.5461733081028419,0,1
s025,0.4453076182208893,0.18978333542600578,0.9854949951524757,38,-1
s025,-1.7035191008416712,-0.9727172903675589,0.48299874255152564,0,1
s025,-2.2404289639620183,-0.3867127160613795,0.6669369085533171,0,1
s025,-1.8171105790128101,-0.9339379138555991,0.5060928188975289,0,1
s025,-0.8629099689204481,-1.2744704695683813,0.7355073966011179,0,1
s025,-1.4805569356649815,-0.6737446755273863,0.19006161194625237,0,1
s025,-1.3726010353490368,-0.9840760848546378,0.6044301559412715,0,1
s025,-1.0470681579024144,-0.9782986830879977,0.4088356880231399,0,1
s025,-1.247057608151328,-1.15703083035715,0.7112821463184018,0,1
s025,-1.0224778853300924,-0.8549710042438647,0.9896505716118993,0,1
s025,-1.0684193243339688,-0.19823916357440677,0.08418913292869828,0,1
s025,-1.5776127597136875,0.05975670707077342,0.2932570665107717,0,1
s025,-1.2087114778623906,0.0851837697956461,0.6420998046317425,0,1
s025,-0.21638850189188233,-0.6399007600178648,2.0430820526816587,14,-1
s025,0.39510902887338106,0.8659538397352762,1.61904092526356,52,-1
s025,-0.825823153514055,-0.8539830192027542,0.7844371984432155,0,1
s025,-0.6300895075313618,-1.4012997414735526,0.40055468041619496,0,1
s025,-0.9432367021435885,-1.6101379598470504,0.526624990018579,0,1
s025,-1.4323421855418268,-1.3740037394549056,0.39593943591923325,0,1
s025,-1.1720222463437784,-1.2496977207668565,0.6330742690458039,0,1
s025,-1.1748339607568887,-1.2614007395232905,0.25488234998573495,0,1
s025,-0.05397452580594637,-0.4041437590423224,1.400464340729956,0,-1
s025,-0.5512177207505355,-0.6762614740955493,1.5437319090424115,0,-1
s025,-0.07526533092684456,0.08881051185549024,1.185164461941963,0,1
s025,-0.6815276661267867,-0.8197386633813104,0.33763303610151596,0,1
s025,0.6160843680597993,0.8008741595268414,0.7723059429657416,38,-1
s025,0.049782854559543184,-0.49775945856921927,2.08425013334339,52,-1
s025,-0.8481635668731186,0.8174334246709098,0.41026847581780207,0,-1
s025,-1.0735022918553123,-0.3435623156152165,0.16259619210112036,0,1
s025,-0.7803743188386021,-0.3257775738462635,0.2871473985539676,0,1
s025,-1.3320231813150512,-0.001838794088849514,0.3577573936501822,0,1
s025,-1.0402768059411818,-0.7587624576546769,0.7020600796485542,0,1
s025,1.050348973482177,0.6600752562970937,0.29817128252087677,38,-1
s025,-1.1677509583110364,-0.21682027735848616,0.8198257746173031,0,-1
s025,-1.7358862387514231,-0.7003993535849687,0.5195699110462872,0,1
s025,-1.2354400736559499,-0.8298467211467314,0.5258997372018445,0,1
s025,-0.3495942380145887,0.189271872059744,1.52901770910632,0,-1
s025,1.4113996810584704,1.4083426648689465,-0.00035553909819901173,38,-1
s025,-1.2192980090196592,0.20245107277685448,-0.13934469605233366,9,1
s025,-1.596826226485851,-0.3185069385451476,0.548728048544748,0,1
s025,-0.6276624491001062,1.3947048228698886,-0.18901231963169363,0,-1
s025,-0.7088014500655131,-0.726010786805016,0.17680888913317622,0,1
s025,-0.4372715366361836,0.1490756542466027,1.1055146966799252,0,-1
s025,-1.0246226893350363,-0.12083733516924286,0.14667986839359426,0,1
s025,-0.9134944391908585,-0.8841651410828963,-0.001156626053481985,0,1
s025,-1.2764407420597783,-0.5579290095861248,0.32393153328131835,0,1
s025,-0.7173382792395384,-0.2667016853367575,0.17708005566120064,0,-1
s025,-1.440641714166855,0.37063380781167904,0.5615795420576306,0,1
s025,-0.6687150711385608,-0.7957409666777846,-0.1898465773594708,0,1
s025,0.3809482110311892,0.5019970757069804,0.6148533177109387,40,-1
s025,-1.3248767328633093,-0.6190517464610779,0.25826402490691125,0,1
s025,-0.72973923750049,-0.8054183548985859,0.06501984430411299,9,1
s025,-1.6721957907458915,-0.6653068154201802,0.5238583351308967,0,1
s025,-1.5023718290868406,-0.6807310206430799,0.11558310093535736,0,1
s025,-1.754366909738922,-0.15499813267750964,0.1673831586198426,0,1
s025,-1.3950516853670694,-0.48261886224375655,0.287027545653028,0,1
s025,0.21876412676929777,-0.2500439483011542,0.18011365134242374,0,-1
s025,-1.3350587227037416,-1.0961637924285323,0.2770942962609469,0,1
s025,-1.4047740080015896,-0.8871103721890089,0.37817362457360554,0,1
s025,-1.2293258188566019,-0.48122567395704446,0.4530466880265819,0,1
s025,-1.7047284307380883,-0.6223653223678484,0.3723922696562846,0,1
s025,-1.6394971187909921,-0.3661740874275905,0.23971542351271294,0,1
s025,-1.6226247828150806,-0.8050772310496618,0.2707633485645828,0,1
s025,-1.751597285756195,-0.8024041252375195,0.5910804287104171,0,1
s025,-0.9501226609700232,-0.42843063317570224,1.0797348641733806,0,1
s025,-1.91066230822765,0.6803061219495082,1.0156904163239413,0,-1
s025,-1.0631240834677718,0.7045184887764804,1.58809412402482,35,-1
s025,-1.7338674095127105,-0.8995073672340518,0.5091239378863723,0,1
s025,0.9750097749397497,0.5634307976766874,2.8925361874041196,52,-1
s025,-1.3278658990910501,-0.6846329290669558,0.7359178499129684,0,1
s025,-1.6658334461042499,-0.958084926150591,0.44876053366076907,0,1
s025,-1.167342437982305,-0.32511389975426896,0.9552888083425014,0,1
s025,-1.3649102057483018,-0.05050599424214991,0.8666196524050513,0,-1
s025,-0.7614756291323795,-0.8686507362828628,0.7923909608196421,0,1
s025,-1.500953404182897,-0.930457744783446,0.38043715240488674,0,1
s025,-1.348460138926368,-0.9373102808190629,0.27145103918862495,0,1
s025,-1.1530377920555135,-1.4439101479087242,0.20243516443397955,0,1
s025,-1.0289196661850095,-1.4674450189592503,0.144201040125483,0,1
s025,-1.3488805812113647,-1.439460773805893,0.20401400255714894,0,1
s025,-1.083293417075479,-1.0884168026535614,0.3957668230069585,0,1
s025,-0.008335851016183305,-1.2936607760110872,0.739201194954922,0,1
s025,0.891316091446921,-0.7133272809101954,1.9984153698993896,37,-1
s025,0.7108515921514561,-1.2681837059349483,0.8455902286586553,0,-1
s025,-0.7396345081742642,-1.6432495086627943,0.6025813031811112,0,1
s025,-1.2029245145405087,-1.4873568939422723,0.48368069058176927,0,1
s025,-0.9414673527242434,0.0649188959710216,0.21856794521479778,0,1
s025,-0.30433960620433514,0.09601749911229097,1.9705748303857806,0,-1
s025,-0.9969522071044545,-1.0302364467816059,0.16915182567161788,0,1
s025,0.8892100320340964,-0.7527140454598057,-0.7450158092875309,0,-1
s025,0.5675820192606473,-0.41035435662175096,1.7836746597825508,52,-1
s025,-0.3256452666902153,-0.329131724952023,1.570246372926973,0,1
s025,0.247272489421256,-0.734345905740744,0.661851968052138,0,1
s025,-0.5525513700562604,-0.605308253934253,1.2278390787214901,0,1
s025,-1.0127602714576514,-1.2499347759134327,0.7740920176748376,0,1
s025,-1.3767065694855118,-0.9610632147811462,0.2584263562009434,0,1
s025,-1.5777246581964053,-1.0796586533578434,0.30492493229654666,0,1
s025,2.3391932684321675,1.075009122406166,-1.558553060732589,16,-1
s025,-0.27669408834638587,-0.9893608910912494,1.1483927865199617,0,1
s025,-1.3286317827388083,-1.9133611044623362,0.42978972676878047,0,1
s025,-0.9260516086363453,-1.0053376435983883,0.3545938646049499,0,1
s025,-0.40613437000051444,-0.9752645737044542,-0.3836175263341728,0,1
s025,-1.0688849143889128,-1.0093737390899047,0.7199976052152545,0,1
s025,-0.48735981065574424,-1.251801994823296,1.0911674030670468,0,1
s025,-1.078643064022541,-1.5133451298292404,0.6617840348614591,0,1
s025,-0.5784842755435965,-1.040298843331336,1.1921075163747459,0,1
s025,0.029975241023536322,-1.0912200737337245,2.455715162959936,14,-1
s025,-0.8503959678251604,-0.7894517830873304,0.2198305158494986,0,1
s025,-1.2778775252081855,-1.2025485869827088,0.7772533777277765,0,1
s025,-1.698583123255623,-1.1401656276675933,0.3299127267421856,0,1
s025,-1.3352076445335603,-1.4805072614584058,0.7337803343314422,0,1
s025,-0.9055773351590909,-1.4199885615449392,0.9271011118736924,0,1
s025,-0.9516524692803712,-1.2780315343451423,0.5962334682090584,0,1
s025,-0.5820223695422384,-1.193301822463704,1.3714447238727068,0,1
s025,1.0675626449738809,0.07886275303164401,3.0670565713964075,52,-1
s025,-0.8577053834519921,-1.9408453489500694,0.585882257142085,0,1
s025,-0.09089154823132894,-1.3264265327969744,1.345930939963129,0,1
s025,-1.187306121446217,-1.4454079265794595,0.9235567545274498,0,1
s025,-0.9248929111607822,-0.8591370605626415,0.7981999525428561,0,-1
s025,-1.1442893027760128,-1.461462911276878,0.4484832073717952,0,1
s025,-0.2883283694860254,-0.6636370198152706,1.5686021415754312,0,1
s025,-0.4574217786706145,-1.3504324930561722,1.966048537655737,52,1
s025,-1.6439282536825852,-1.2329723938275015,0.6714249654773368,0,1
s025,-1.3945219299516463,-1.4348674091783349,0.36534621277546,0,1
s025,-1.35243247670784,-1.555870055657007,0.5297881757362992,0,1
s025,-1.1693327374423548,-0.7871708556520857,1.4153722240635809,0,1
s025,-0.9259425343103199,-0.9885685584610201,0.9833669887540165,0,1
s025,-1.233652175170172,-1.032837572594973,0.972478419212855,0,1
s025,-1.5374114697607362,-0.8987341475731618,0.6063930059081521,0,1
s025,-0.811387220251002,-0.6331442212601103,1.402461355276106,0,1
s025,-1.6196399804889052,-0.43505572106149265,0.8999947660371133,0,1
s025,-1.3764041138103709,-0.7871733989097249,0.2818829888385471,0,1
s025,-1.3468687432499589,-1.350568943464864,0.444358321252324,0,1
s025,-1.43004971242586,-0.9052939204726976,0.7424897912526615,0,1
s025,1.6788412277543139,2.116332336928665,-0.7832491170044005,31,-1
s025,-1.7841536608414537,-0.8069646704763482,0.2914808434127257,0,1
s025,-0.09076344213269487,0.39651683491018563,0.38466108073872224,0,-1
s025,-1.6244706951481889,-0.018303988036583434,0.6820971579883205,0,1
s025,-1.5990441035521448,-0.4853633981388415,0.6474782034554091,0,1
s025,-1.4767596422062146,0.05837825503687156,0.010387204994856892,0,-1
s025,-1.4843621356452583,0.05538062827439959,-0.06219626109747106,0,1
s025,-1.9791707268612602,0.17285618854019963,0.312626142826347,0,1
s025,-1.5934633517275412,0.12722399499987105,0.5713640359022258,0,1
s025,-1.574314883910247,-0.331763820824004,0.46290015840895543,0,1
s025,-1.741009859754979,-0.37871325790408933,0.46784548634725476,0,1
s025,-1.3388880455449599,-0.851718207206317,0.6302231364716447,0,1
s025,-1.8642662832874954,-0.21576977378418322,0.44008296896323534,0,1
s025,-1.5557368141999897,1.2739578685820918,1.8916450688588742,0,-1
s025,-1.3254469552840265,-0.06615901005314209,0.8969020926631606,0,1
s025,-1.7241336094834854,-0.019842374487408707,0.6438304706027252,0,1
s025,1.7534803510708064,1.602075603308638,2.0328603743320914,38,-1
s025,-1.7817796691051464,-0.027456778223539324,0.8551672179628163,0,1
s025,-1.7489510594676239,-0.4139050306206869,0.4874113933292464,0,1
s025,-1.7584857965265799,-0.032732496129889974,0.7312020412192513,0,1
s025,-1.404693501365694,0.1042492676024329,0.8786783063213363,0,1
s025,-1.3616070946490604,-0.34152919491483474,0.7817362561410588,0,1
s025,-1.2269293202487745,-0.11095393920468226,0.6496799088274089,0,1
s025,-1.0716384398007488,-0.5165237335156735,0.6292473630883646,0,1
s025,-0.3082471736751809,0.04551307597627887,0.04995989370473321,0,-1
s025,-2.066604477034348,-0.3685789276194869,0.4458435671493538,0,1
s025,-1.8335169387089307,-0.12097642076532468,0.7494594125149991,0,1
s025,-1.303180915256318,0.22376416330083018,0.8734343742183133,0,1
s025,-0.831518162037171,0.09143489174291748,1.1931060109470601,0,1
s025,-1.5216922400381785,-0.14091374873920134,0.7931926101812261,0,1
s025,-1.568513232315311,-0.43472071298343,0.8703049948911193,0,1
s025,-2.147299508544033,0.07690930345181825,0.8218004128054296,0,1
s025,0.253549542318459,-0.379487730807427,2.2705767068128906,35,-1
s025,-1.3759266489389994,-1.218209583960006,0.48705242355393635,0,1
s025,-1.505042934699372,-0.3063667899450621,0.8682044656002877,0,1
s025,-0.29180267178942165,0.4671721917174626,1.5338066838077535,0,1
s025,-1.9542411541598508,0.010212664712258348,0.6567653938975251,0,1
s025,-1.58206628004106,-0.1523355472224606,0.6277002058234661,0,1
s025,-1.614623696311189,-0.13668170658050235,1.4385619206335343,0,1
s025,-1.44122676502333,-0.45581679820706794,0.4466999471228531,0,1
s025,-2.150280709840085,-0.04324886980564714,0.6688912689767872,0,1
s025,-1.8905063944379321,-0.047377489037901385,0.8495327294510048,0,1
s025,-0.3852258943763451,1.8396588913478698,2.388611156541343,45,-1
s025,-1.799744713316723,-0.5452595057847669,0.4970486344982224,0,1
s025,-1.586149506970809,-0.23207719343310046,0.5605038148201537,0,1
s025,-1.6997710126355003,0.04653673227990184,0.4891911657801905,0,1
s025,-1.885018757087106,-0.3744079748696392,0.8237399390662553,0,1
s025,-1.3912033172096883,0.5732713959173805,0.6411339938957301,0,-1
s025,-0.5227381698969586,1.3221058501873553,-0.12946360414006142,0,-1
s025,-2.083415030208819,0.30494522744260705,0.34413786670159174,0,1
s025,-1.3464968997137714,0.16822371689678636,0.7911358983898035,0,1
s025,-2.1797121529401835,0.4538202802895126,0.4285548610420889,0,1
s025,-1.4195608934151522,0.46582632270346175,0.45885039886391193,0,-1
s025,-1.6919375239942802,0.19356811266491455,0.23355413737433867,0,1
s025,-0.9527860619191224,-0.2831629984329858,1.158065861938047,0,1
s025,-1.6577882717357781,-0.491444646130586,0.38439504834951144,0,1
s025,-1.7258022096882424,-0.41742910926814575,0.8505392285419296,0,1
s025,-1.9889314293492542,0.1575870447641755,0.7058746264856406,0,1
s025,-1.365406311021999,-0.5640834384396132,0.07580903113118198,9,1
s025,-1.4350822721229732,-0.5752772507071864,0.4575087602636025,0,1
s025,-1.4953045592150118,-0.3766020406815109,0.7247098244391756,0,1
s025,-1.516551705963989,-0.669918136009716,0.6510620696426782,0,1
s025,-1.7874316855617003,-0.7774393075832818,0.3676638735973226,0,1
s025,-1.7106441859934887,-0.8164229424798132,0.3910393547321559,0,1
s025,-2.2799243737018218,0.09022645912250639,0.40126429216801923,0,1
s025,-2.2911511320310787,-0.1295838442756407,0.3609315898329876,0,1
s025,-0.44277593955893263,0.12238930495889813,2.362145251143933,14,-1
s025,-1.840151162536907,-0.5521024692233035,0.3487728185719771,0,1
s025,-1.6623193968923207,-0.089144726880751,0.2021971116408052,0,1
s025,-2.17669443431374,-0.25910646508961094,0.4067855741652349,0,1
s025,-2.1591117467867433,-0.2413267744796785,0.3922771928794391,0,1
s025,-2.2781482501375323,-0.2701723198584824,0.17643856878999933,0,1
s025,-1.3007170348745838,-1.0564563597905792,0.381945160425472,0,1
s025,-1.8965451413505312,-0.7182127051029343,0.5202002111789972,0,1
s025,-1.323418512469582,-0.44059508109787443,0.3715239051809553,0,1
s025,1.2209416095898915,-0.702972533365097,0.4828625886830592,40,-1
s025,-0.5776881531321213,0.3006932413433706,1.0111526664484412,9,-1
s025,1.314329922179372,2.3768177717057877,-3.7287802039004943,50,-1
s025,0.09250637544172352,1.6434723058656024,1.0117206871330418,0,-1
s025,2.453833172414326,3.8298608026547933,-2.4222212310033084,16,-1
s025,-0.3870564264385839,1.3624999992660596,1.0336962413810218,0,-1
s026,-0.5083769355298521,-0.38164753703241344,0.058779544040730665,12,-1
s026,-1.1319068278347757,-0.422352344659836,1.0525557529361487,44,-1
s026,-1.2748507657587822,-0.9133821799514295,0.3488177588938923,44,1
s026,-1.3917628035073857,-1.4806306787424526,0.5282121681741616,53,1
s026,-1.615982427178186,-1.3425242173704188,0.09276833700840172,12,1
s026,-0.5312412051206762,0.019544356743611553,-1.7985669884118543,12,1
s026,-1.0671128732551947,-0.9357507863409188,0.14104218503926744,0,1
s026,-0.8846466207105259,-0.7782528424129637,-1.6574268324288408,12,1
s026,-1.373938724311493,-1.2178513811037286,-0.5516863185196994,12,1
s026,-0.8652022231500284,-1.2230537122737644,0.5403210260687021,44,1
s026,-1.1290762390428604,-0.7037796648173411,0.09905333544575931,44,-1
s026,-1.794487601888617,-0.8099857540546217,0.3395495222903612,12,1
s026,-1.0439167596953458,-0.7519199582587963,-0.3314793665729115,0,1
s026,-0.8428954598927586,-0.8260215215719675,-1.3441861348937398,47,20
s026,-1.4539863485451678,-0.6367313893368627,-0.7352821764938358,0,1
s026,-1.9608842422796355,-1.1153596522031377,-0.7185346975121722,12,1
s026,-1.6785102184291922,-0.4478968022407926,-1.2333970131061103,12,1
s026,-2.2164008116009595,-0.8864522347685416,-0.5805558317793293,12,1
s026,-1.7963379966731683,-0.8977808204587868,0.14671002587619975,12,1
s026,-1.1445393743283143,-0.17246727420736174,0.6824969000137131,12,-1
s026,-2.35437709525767,-0.8326544243132136,-0.49913883251370306,12,1
s026,-1.6364184911635793,-1.0242647878677824,-0.6043479817769473,12,1
s026,-1.2066739391078105,-0.09764995465549414,-1.4847672852564433,12,1
s026,-1.995129633783249,-1.492181201642808,-0.21585206186678532,12,1
s026,-1.574601197744229,-0.29836487106115894,-1.3875185334588556,12,1
s026,-2.2486716066376076,-1.0060677897327266,0.1051618903443819,12,1
s026,-1.5314631126676914,-1.2115506906557818,-0.9695327991825012,12,1
s026,-2.2394786227544166,-1.0348594354943599,-0.4122035012248363,12,1
s026,-1.8141056917066636,-1.1852652444130705,0.6682441545189132,12,1
s026,-2.1977693303994905,-0.9228246500321542,0.096315430337523,12,1
s026,-2.1917704616913882,-1.2482447540648725,-0.01776884096103441,12,1
s026,-1.9673687225480756,-1.164631597957289,0.4680742761044613,12,1
s026,-2.4150472951000967,-1.0265413784104305,-0.2510511444022141,12,1
s026,-2.61273210878225,-0.7040913015955904,-0.013023652559352797,12,1
s026,-1.3831674276212638,-0.7533252795855336,-1.0861822955404117,12,-1
s026,-2.5186075415881035,-1.0544941385298248,-0.0826149174086474,12,1
s026,0.3190080625457107,0.023974713635609185,1.2850922520697616,37,-1
s026,-0.1490466213557225,1.1278551956594194,0.484614074905697,0,-1
s026,-1.0850027121611545,0.2590389314937478,1.4023480126832448,12,-1
s026,-0.565848795956113,-0.047625795820262294,0.11917812267906915,12,-1
s026,-0.2797906984861861,-0.1696674660896352,0.9608856911100612,37,-1
s026,-1.5597041388949435,-0.22025397345318867,-0.2266800490675879,12,1
s026,-0.9454385031319673,-0.1855497131293439,0.9260125840608207,35,-1
s026,-1.5234491429155672,-0.8111903295169348,-0.20185867457133086,12,1
s026,-1.5295560054612387,-1.072958358340723,-0.033071200006909544,12,1
s026,-1.5950589418180536,-0.911521808586378,-0.18324238914218083,12,1
s026,-1.9675831165814857,-1.061021141445842,-0.033408362614932005,12,1
s026,0.6268498306351594,-0.9897318103640572,-1.9023857944879181,47,-1
s026,-1.6929317548812133,-0.34492548980972293,0.2575897032983931,12,-1
s026,-2.2445433376723,-0.3915549004936862,0.0034099442382093835,12,1
s026,-1.7507229392567571,-1.032353587831376,0.44718700693562574,12,1
s026,-1.498167952892649,0.12351646994522789,-1.386503806465232,12,-1
s026,-2.0891926261238334,-0.10632884015878231,-0.4635728746699195,12,1
s026,-2.600549112337053,-0.4152391364201015,-0.1973665995502988,12,1
s026,-2.26026344024641,-1.1570106505563478,-0.17815970547270132,12,1
s026,-2.207483788188365,-0.4947629340031777,-0.4057962262977968,12,1
s026,-0.3879518907477866,0.28094881903721475,-1.370290674385311,44,-1
s026,0.8612862388737514,1.0261174500924197,2.290766031852827,37,-1
s026,-2.324206628505107,0.05409440667139331,-0.4061893258634277,12,1
s026,-2.315446085721686,-0.83397780246985,-0.29429387733815354,12,1
s026,-2.507788046607603,0.051095203647838504,-0.4346214431761072,12,1
s026,-2.1864542612692586,-0.20853131732808086,-0.5190184873015723,12,1
s026,-2.3469577341014825,-0.8139525512955276,-0.11565705800150954,12,1
s026,-0.8231202286407493,0.2913242696583397,-0.2692836063199252,44,-1
s026,-1.0016989974505177,-0.1842761446042223,0.7998915192776354,37,-1
s026,-2.4539306125174147,-0.6531158801105403,-0.3100186439215203,12,1
s026,-1.2393399750029843,0.03811275748495002,-1.0226934264676528,12,-1
s026,-2.416967868264385,-0.6152418668905915,-0.3013537329415796,12,1
s026,-1.592814849698696,-0.46978768812361166,0.11770182819268188,12,1
s026,-0.6786441066855647,-0.44470703187344796,-1.9633534803243566,47,-1
s026,-2.073225227675374,-1.1441439482230273,0.10412670260714003,12,1
s026,-1.2759650159981137,0.48025390985755934,-1.581385650433373,12,1
s026,-1.6555373321198505,-0.10791557153144272,-0.8746474361017058,12,1
s026,-2.4426217316250938,-0.8856691473965206,0.07002787471353411,12,1
s026,-2.8825013066544325,-0.0025676083832252973,0.006598368277359614,12,1
s026,-2.161969538669265,-0.6868358076271703,-0.1745500421305152,12,1
s026,-1.274087632640487,0.39182358147250046,-1.2886492108115801,12,-1
s026,-1.5031822438876559,-0.71976944758838,-0.4439427218726165,12,1
s026,-2.309256390250444,-0.8984448660781759,-0.20864060178868993,12,1
s026,-1.756237341583341,-0.5049371739415611,0.20224320286730926,12,1
s026,-1.9176342537823834,-1.262098985893165,-0.2082717021083947,53,1
s026,-0.6560260861781589,0.4851746662243813,0.7250636496560877,44,-1
s026,-2.0597971813186304,-0.25000091208711406,0.3761712526377346,12,1
s026,-0.5521758617827707,0.1900317742039702,0.8445255647981975,44,-1
s026,-1.340695166485999,-0.6754784578901293,0.49386086549569846,12,1
s026,-1.0252376384316488,-0.2918724070774679,0.36878733830355614,44,-1
s026,-1.835073356923079,0.30989174901205196,0.3522794159595584,12,-1
s026,-0.2876781886633787,0.5501488512192247,-1.5020198361160197,12,-1
s026,-1.2624725104881374,-0.1648195907035371,0.05634799803277091,12,1
s026,-1.8640839209121964,-0.0766379359308742,0.39973912087287455,12,1
s026,-1.0752787504765537,0.28661293662585124,-0.6614310117978691,12,1
s026,-0.9952811529605095,-0.6356650586544436,-0.5197264633138166,12,1
s026,1.214357657870686,1.8324658210266351,1.3395486935535708,37,-1
s026,-1.4894765328170525,-0.6228594022020778,0.2799358280618859,12,1
s026,0.2675342259896472,0.021094513729635573,-0.6461797460134923,42,-1
s026,-1.875660598896809,0.27950547887650873,0.3870343238959103,12,1
s026,-1.0413387061615833,-0.8253081388043417,0.7443824963055388,44,-1
s026,-0.6210556721747049,0.9311594807012425,-2.1434382295776295,16,-1
s026,-1.0036419820407496,0.8117967899363001,-0.7403056643897246,12,-1
s026,-1.2090081722157575,-0.1313772059377973,0.02574674963132568,12,1
s026,0.7466810028877944,0.7671885198236488,0.1762187582309909,44,-1
s026,-1.0798966320176633,-0.0321421425788957,-0.2883751002268316,12,1
s026,-1.143340208045408,-0.15511054772896313,0.23065066593181843,12,1
s026,-1.915278637800172,0.4390809630399257,0.01654641282292935,12,1
s026,-1.6278363595298604,-0.28497115547961027,0.26081362769249183,12,1
s026,-1.9538649170649973,0.01968944511487452,0.08327758472188021,12,1
s026,-1.2677087246826022,-0.027723555821562447,-0.3477056617252229,12,1
s026,-0.7179100094374974,0.3719798025743619,0.5663991085503848,35,1
s026,-1.9949950456391892,-0.38117244415681073,-0.062295606504483084,12,1
s026,-1.2780087875339907,-0.7444012288660891,0.4158595141299281,12,1
s026,-2.2126105210265212,0.1231389194954511,0.10110476412948337,12,1
s026,-2.1498907532601166,-0.35000842971693996,-0.05373714601435263,12,1
s026,-2.17244714374152,0.13780391869252268,0.04493598381642993,12,1
s026,-1.8940396864061746,-0.20958268025028434,-0.045982977573265645,12,1
s026,-1.5514429776307705,-0.009565502544546137,0.5696072701463009,12,1
s026,-1.3380511666473325,0.03199368131061835,-0.2206264322462391,12,1
s026,-1.6918903937027416,-0.10040930625948272,-0.11105358229854728,12,1
s026,-1.7961339063423485,0.12494569052876371,0.08910594224102812,12,1
s026,0.28464635715690983,1.5246945987624754,-1.487459920148773,16,-1
s026,-1.2232485550103278,-0.15689520901592455,0.7911066177078843,12,1
s026,-1.6069301438147898,0.5567382381662822,0.611910705989621,12,1
s026,-1.517378126153829,0.5458514586836772,0.7284168817827754,12,1
s026,-2.0489039986432123,0.46421666483059426,-0.19867625083163828,12,1
s026,-1.3599435711956545,-0.029003929186365445,0.824486877788975,35,1
s026,-2.1872096146768603,-0.19845325680458,0.044179468002148226,12,1
s026,-1.3440009216341091,1.010165546566769,-0.63295219479398,27,-1
s026,-0.9041737766824323,-0.4634177522860985,-0.2640859791659526,12,1
s026,-0.934385597353866,0.35554750943298224,0.7243163173729826,12,1
s026,-2.271440671882518,-0.20784998038036342,0.07247254599195974,12,1
s026,-2.342241080817846,-0.14760609524776938,0.11275833945954072,12,1
s026,-2.224457266226108,-0.4721150319548281,0.028850286630745334,12,1
s026,-0.007175407581684349,0.8798222751820661,2.6461836293179815,45,-1
s026,-2.1169788890586654,0.25602533832615276,0.3699766114674782,12,1
s026,-1.6156794004552886,-0.709656591347304,0.3008415051617674,12,1
s026,-1.6591912250308536,-0.2687699855664232,0.5196504451571068,12,1
s026,-1.9492476113043813,0.16615677529327771,0.1961370836709007,12,1
s026,-1.9689972094416284,0.010720295996356247,0.04635504923968324,12,1
s026,-2.1711662851430105,-0.9421905285994445,-0.03427054396768456,12,1
s026,-2.419025375002407,-0.6711623106234849,-0.02227297810384903,12,1
s026,-1.8121990162932111,-0.53596414644989,-0.42989608719136035,12,1
s026,-1.7450645302336265,-0.40854276819844787,0.5349144526147058,12,1
s026,-2.4237220052370465,-0.7766011587905011,-0.1621058397715889,12,1
s026,-1.8515324398118542,-0.2895377787926823,-0.13537164140508104,12,1
s026,-1.2305545742261275,0.062256619221564544,-1.3496180418329522,12,1
s026,-2.0507172126840887,-0.7427771715996252,0.07725770385298082,12,1
s026,-1.842052120226293,-0.37244637004237413,0.4992898238585486,12,1
s026,-2.673544372188966,-0.9162307029185524,0.0329119563091921,12,1
s026,-0.7939337681488863,0.0736350649998818,1.0294028305604872,44,-1
s026,-1.9053391903086814,-0.24056540101614957,-0.2821109295562778,12,1
s026,-2.4869435473325274,-1.0258374479717014,-0.0020479912412155435,12,1
s026,-1.5204583487572232,-0.5282428771222332,0.3447861766202983,9,-1
s026,-2.7520336111745873,-0.4844617591263998,0.2592170025725077,12,1
s026,-1.5269367933344549,0.35080482788443407,-1.6174375191736283,12,1
s026,-1.3747697130767302,-0.07855393884046122,-1.1555874058687798,12,20
s026,-1.6507428170354599,-0.7372179702010899,0.06428946461887325,12,1
s026,-2.1486770985952197,-0.11946976750275186,-0.026621021983975163,12,1
s026,1.715878069854486,1.846222563096477,4.865347974291113,38,-1
s026,-1.8831876439450133,-0.5213091519104771,0.20942330800597184,12,1
s026,-0.12885790434756747,-0.15933158356826985,-1.3735888955653486,12,-1
s026,-1.242808546570119,-0.22404531501529643,-0.5926800593794223,12,1
s026,-2.4884470953290823,-0.19643612333789442,0.11680960034524819,12,1
s026,-1.790624415606618,-0.31456357328446954,0.6933720322338253,12,1
s026,-2.2077666268037457,-0.8589832550220784,0.08467800273980183,12,1
s026,-2.657522537714819,-0.3553903493868864,0.14234802673071403,12,1
s026,-0.5102282587392986,0.2583250641393574,-1.7138065798865818,16,1
s026,-1.832377551298687,-0.33826475021318597,-0.041102501555539364,12,1
s026,-1.116443122114843,-0.2677553878872663,0.4220823963042287,6,-1
s026,-0.4296784166207543,-0.8560570869656315,-0.6290302074257095,44,-1
s026,-2.4763538050899254,-0.7097041557478865,-0.04754395379545184,12,1
s026,-2.31818411095707,-1.4134546855017847,-0.11589838029632493,12,1
s026,-0.9949955640734328,0.34218820315814485,-1.216557600266514,16,-1
s026,-1.7698977594855125,-0.7299232573082262,0.004183529457833534,9,1
s026,-1.6773266678081418,-0.17863138279554874,-0.6991593222726956,12,1
s026,-1.8655204125094356,-0.09095324386619336,1.223430168299249,27,-1
s026,-2.4682586093021466,-0.6721829108766687,-0.35375914595010177,12,1
s026,-1.9332790566747575,-0.6215553807970216,-0.43599650210903695,12,1
s026,-2.23028487589248,-0.5059628192666497,0.8196702571258858,12,1
s026,-0.448613847819585,0.4880295720235436,-0.9019843904644914,42,-1
s026,-2.1169968604437224,-0.5854188378625712,-0.30855264032625107,9,1
s026,-2.4288034621882097,-0.39892955711860734,-0.2623303136132108,12,1
s026,2.240808809102118,1.5157313366821268,-4.849317888607197,16,-1
s026,-2.1992955905946587,-1.1316129106300983,0.24082733141402027,12,1
s026,-2.2026144128416676,-0.4402745271357394,0.05991590340284706,12,1
s026,-1.5188467756048925,0.42954668900169407,0.6721177395485469,12,1
s026,-0.08041300194459049,-0.2504070654828548,2.520883864591945,37,-1
s026,0.4958893109327043,-0.07424760494026714,-1.7433608318403604,42,-1
s026,-2.0491544103769166,-0.13171602417976153,-0.06720218668686917,12,1
s026,-1.3079745340816593,0.3609778015354784,-0.30178798532563444,12,1
s026,-1.8230989983940922,0.07088227654496616,-0.009315059049310603,12,1
s026,-2.0233296761912505,-0.889845448280573,0.010955109116222217,12,1
s026,-1.2620919343316446,-0.7851582901802703,-0.2598700020714765,12,1
s026,-0.17910148790370328,1.2504618464197652,-2.8469927408803053,50,-1
s026,-1.4330661826334976,-0.4502021906474271,-0.26811562535834077,12,1
s026,-2.251714722344786,0.04989351027971534,-0.058737584584699076,12,1
s026,-2.6179103183116874,0.26181640135300355,0.0197788725213337,12,1
s026,-1.7223511797791706,-0.30670497520793355,-0.1476798037034431,12,-1
s026,-2.4854582770947538,-0.283612750508334,-0.40833397760202117,12,1
s026,-2.119800048172011,-0.4492830558691588,-0.26394336407456026,12,1
s026,-2.1215228709631724,0.06880787831034003,-0.7994471277676095,12,1
s026,-2.56606263266342,-0.47907192191048015,-0.04351820897353157,12,1
s026,-2.402546339875563,0.1684294720722752,-0.5157755261343646,12,1
s026,-2.5878057455311096,-0.46131589713176474,-0.1828503087776661,12,1
s026,-2.6569309159664614,-0.20340975729167077,-0.07635311535688831,12,1
s026,-1.5573376056114843,0.3076764080032293,1.5521099181129747,12,-1
s026,-2.016597262067473,-0.5270723085778316,0.01813276794121378,12,1
s026,-2.4242578526506144,-0.47433873757818795,-0.2866468958099123,12,1
s026,-2.296111879281515,-0.23827726776964817,0.1075382857382852,12,1
s026,-2.158196042877851,-0.8881564426754305,-0.0063785515790673935,12,1
s026,-2.6219670132213024,-0.6237995605840797,-0.3415178487847191,12,1
s026,-2.6818133160845155,-0.4323232398561797,-0.47346175547602526,12,1
s026,-1.4115045091897256,0.3593805313163999,0.17779305640025939,12,-1
s026,-0.2857949672479288,-1.105357125414422,0.31270608770771996,44,-1
s026,-1.3435087613056678,-0.596556537771695,0.03716077940616647,12,1
s026,-1.1901444419515954,-0.6147244204824985,-0.5590190009948943,0,1
s026,-1.9083207916224136,-0.507839567936402,-0.15573718344136242,12,1
s026,-2.5917128423133695,-0.19634838358006831,0.09743500732004592,12,1
s026,-2.2305288907680443,-1.0091013396620614,-0.06730193444948675,12,1
s026,-2.197211268443049,-0.7862666900127542,-0.09674173609334608,12,1
s026,-2.1355992430498847,-1.2900572411108218,0.16691707362173963,12,1
s026,-1.8770631957487556,-0.965602507865913,0.4157674340636831,12,1
s026,-2.2731503086964406,-0.9933560454987065,-0.13659464217006542,12,1
s026,-2.5571830416236194,-0.6799499375263756,-0.14150765117167738,12,1
s026,-2.417393881737766,-1.0027256093703298,-0.09011452038658285,12,1
s026,-2.0834699266273518,-1.558522848489209,0.04922714158777257,12,1
s026,-1.9824352224682973,-1.4266987847672905,0.13979235668675505,12,1
s026,-2.373075006418554,-0.9251745393586202,-0.22396050226298622,12,1
s026,-2.2570485718680633,-1.459177117706402,-0.1286268778842397,53,1
s026,-2.251496964083539,-1.1509410944600682,0.1161500194324427,12,1
s026,-1.9830695198362358,-1.712512447724392,-0.1717360151248424,53,1
s026,-1.529895558351374,-1.4758893093025163,0.5017353933135869,44,1
s026,-1.9427409283295956,-0.6884923020544553,0.6955168759288674,9,1
s026,-2.74178030980586,-0.8028196292513923,0.13568634846734687,12,1
s026,-2.7165378013684363,-0.6102987616531562,-0.0029012710594823075,12,1
s026,-2.447428021266151,-1.0051067961685243,-0.1966815327364957,12,1
s026,-1.2380055362205833,-0.07286831922290946,-1.8045525397957907,12,1
s026,-1.6774807373702583,-0.8939617106815311,0.949995637414029,12,1
s026,-2.7297168746908294,-0.9186463551078121,-0.14529583007881666,12,1
s026,-2.5506327859193583,-1.110058016602827,-0.21914056040978527,12,1
s026,-2.214895421074925,-0.7479864114279459,-0.3269629555111308,12,1
s026,-1.6121661074099827,-1.1282760041693365,-0.13727174582289794,9,1
s026,-2.0144998042760185,-0.38692824437178786,0.2164502362532361,12,1
s026,-2.465786049072521,-0.608172424524875,0.17273896009306602,12,1
s026,-1.8874459706353808,-1.1563989575579572,-0.00225685539032747,9,1
s026,-2.438570794667029,-1.2188232022408383,-0.17315827679492732,12,1
s026,-2.58258011176253,-0.6771294764376024,0.15281928423023064,12,1
s026,-2.1102718150098005,0.2095520985926098,-0.5629685488477787,12,1
s026,-1.229210725152406,0.6043409281441305,-2.060603315729765,12,1
s026,-2.0355780176832843,0.49144681286372793,1.2971014917101766,12,1
s026,-2.1846057252485185,-0.3761227318751785,0.5255855185576371,12,1
s026,-1.1879189450434433,-0.07631752046105751,0.5614109751993982,12,1
s026,-1.065471118856014,-0.26438782236118724,-0.7266916573361022,12,1
s026,-1.1648495176181797,-0.1836506652030796,-0.42914950441215943,12,-1
s026,0.0222460672421973,1.156941067664302,-0.8666701838897607,42,-1
s026,-2.5659931818850867,0.029118958456942477,0.16572861887820423,12,1
s026,-2.311689564595692,0.694982601301801,-0.8757768999996673,12,1
s026,-1.9540946243997077,0.2410213358216203,0.32297266068674785,12,1
s026,-2.6079874786906436,0.48876664340364234,-0.06918386753411858,12,1
s026,-2.0524544566334355,0.686710663558433,-0.9165310192388871,12,1
s026,-1.1215065308283232,0.16143112585445993,-1.260355336417664,12,20
s026,-2.2702788977238573,0.19103509345867048,-0.28423314470007893,12,1
s026,-2.6319061224267126,0.27010789351028175,-0.05358486265806784,12,1
s026,-3.010559926819535,1.382478943884473,-0.2521161739739271,27,1
s026,-2.755012684149137,0.5726086782329637,-0.25169225887199886,12,1
s026,-3.1860702427452816,0.7936842180659975,-0.08561447422707709,27,1
s026,-2.4906791683649008,0.7060606736211071,-0.7895510203469213,12,1
s026,-2.7066278906073453,0.24839885565149813,-0.21105769402906258,12,1
s026,-2.182067996401314,0.11070449316626176,-0.7054227923203685,12,1
s026,-2.136475128487869,0.49916323531075996,0.5275437125257223,12,1
s026,-2.414765028461742,0.4537026775309565,0.30319890555694873,12,1
s026,-1.7476398331092597,-0.45300206132449133,0.6746762286352231,12,1
s026,-2.674122910797361,-0.3253379638487128,0.019508620806074867,12,1
s026,-2.3574252228211066,-0.5818158462868864,-0.10632860987194405,12,1
s026,-2.0061150744218277,0.4910397833707578,-1.321083904490358,12,1
s026,-2.8612847147716773,0.09882813389421434,-0.15348160515257592,12,1
s026,-2.1119806195661286,0.353621369652172,0.586003015173177,12,1
s026,-2.1320937116887952,-0.11879367877298988,0.7333199043553527,9,1
s026,-2.6416420839064476,-0.462479868107812,-0.014102024508945966,12,1
s026,-2.5793516098883704,-0.7694481795255044,-0.09417185412178929,12,1
s026,-0.7660517468948809,0.6860656594571914,-2.080026327479206,16,-1
s026,-0.8243256634832136,0.80797191893457,-1.7156347023564649,50,1
s026,-2.21644965089691,-0.529313664686152,0.43000205166768046,12,1
s026,-2.9624837498316428,0.19774196023481236,-0.22224521510751452,12,1
s026,-2.2816380494990685,1.2287713253443497,1.2128215446400863,27,-1
s026,-2.247740507130103,1.474585594272362,0.44100754740137077,27,1
s026,-1.276584293803815,1.3288416037647952,-1.8132962595379765,12,-1
s026,-2.5998369202148126,-0.27430624007983034,-0.04982217535341554,12,1
s026,-2.631402722782806,-0.14863265622732919,-0.11698739073735036,12,1
s026,-1.9671900070384474,-0.20035567768204662,-0.8903036363671089,12,1
s026,-3.029910074584165,-0.4751370386478148,-0.032121345357600306,12,1
s026,-2.7861614635608767,0.10185802814749444,0.3757493428401812,9,1
s027,1.2399627081800395,3.3180949632326615,1.461939835952061,31,-1
s027,-1.7784309932671483,2.432627885373375,0.51126685878563,41,-1
s027,-0.797071630730604,0.5889386327407694,0.04070375315972333,35,-1
s027,-1.9250597596787757,2.113971847968292,0.9051100713023846,35,-1
s027,-1.059744547473946,1.1908878796816922,1.2398352589367834,35,-1
s027,-1.845078796115408,-0.38149784818903815,0.4782318308446941,9,-1
s027,-0.12431033253993005,0.21900969863026415,-0.4044940908775349,35,-1
s027,-0.12412620439348042,3.3993711615094884,2.98810623452065,45,-1
s028,2.117607226048413,-1.0672585514657966,-1.7395619692409385,16,-1
s028,1.957033022312566,-2.6182000369731884,-0.6877168671196316,11,-1
s028,2.2789277729855972,-2.8747371315885273,1.0768859130133734,52,-1
s028,0.5939752669240914,-2.4998096805711394,0.6246835149003134,11,-1
s028,1.3992033207854337,-2.902463063534633,-0.41173079126625467,11,-1
s028,2.950523986390501,-2.579474674400283,-1.8568409289572376,16,-1
s028,1.0071797780171403,-2.563673446442846,-0.8557872129692253,11,-1
s028,1.251157948668235,-3.1670859956338617,-0.37308329804283025,11,1
s028,0.767584634072844,-2.436207389719357,-0.4008074448949375,11,1
s028,1.1652701281972597,-3.3848970270291807,-0.3306613660718128,11,1
s028,0.03235453633286901,-3.0157879165987733,-0.02767467671530417,11,1
s028,0.4572677679649095,-3.349228483133516,-0.06105353893166666,11,1
s028,0.5422847230908913,-3.517070633846907,-0.2908224135481607,11,1
s028,1.339248826842941,-2.9919034046163495,-0.8744259824800618,11,1
s028,0.27340441960053175,-3.305764705532187,0.4342383002421809,11,1
s028,0.43185010726455064,-2.933612559584067,0.32903984084158017,11,1
s028,1.0693669297348984,-2.820499244530654,-0.9779553952277671,11,-1
s028,-0.13726622475918135,-3.389335439437301,-0.022225571604898905,55,1
s028,0.6475768340987589,-3.0601729724540365,-0.4318930257395673,11,1
s028,1.137525191824962,-2.907617231504491,-0.1357107878423967,11,1
s028,0.8593102446556083,-3.5380246539959708,-0.3732139306301128,11,1
s028,0.3263002804691906,-2.9372996530057174,-0.326229570896824,11,1
s028,0.7934048495370798,-3.135008028969864,-0.7552852222699764,11,1
s028,0.9585537614076051,-2.7900391260178403,-0.7577012796215333,11,1
s028,0.7567049466947905,-2.8395611323366006,-0.8035872233892672,11,1
s028,0.6325831080076364,-3.4647041718156193,-0.3719807621722492,11,1
s028,0.20971874087096817,-3.7020984523981735,-0.20807950731652408,11,1
s028,0.3549042195930511,-3.5476330566139125,-0.019471095267411215,11,1
s028,0.3799765852932572,-3.5783171871498576,-0.2819758262332459,11,1
s028,1.2227604632362268,-2.840162213368529,1.0578590989409902,11,-1
s028,0.45029280936332716,-3.631417309158752,-0.3756420476508751,11,1
s028,0.28881248083528677,-3.659593576495202,-0.17967806573707795,11,1
s028,0.4476250228501089,-3.429480384788575,-0.07086181938415706,11,1
s028,0.6052352403628366,-3.4987928480611776,-0.3971445415563648,11,1
s028,0.8340577465698727,-3.4900624954000152,-0.43445220744053664,11,1
s028,0.34577313493015266,-3.921775244725635,-0.35208225193499815,11,1
s028,0.07004942471763612,-3.2377293631176123,-0.30364955611909705,11,1
s028,0.20838009368945623,-3.4769701572335308,-0.2256375377247992,11,1
s028,0.33131621307237824,-3.3323755508634063,-0.36773920609016847,11,1
s028,0.19915516474719894,-3.4857170595167304,-0.2692821484193224,11,1
s028,0.3647680234883347,-3.0907353799738044,-0.07060420289746885,11,1
s028,0.05528418596153802,-3.248002450740288,0.35539885246034086,11,1
s028,0.8008523558691035,-3.390530211875501,-0.4579353484965374,11,1
s028,0.4144147469032874,-3.354841331555306,-0.2548043957262044,11,1
s028,0.04097755437413993,-3.0439489878590833,0.2511578234995989,11,1
s028,1.36545155915693,-2.915097612985056,1.8069516529512883,11,-1
s028,0.37479240278449466,-3.804822243949053,0.011753423786132526,11,1
s028,-0.06674624132733892,-3.771097286050678,0.12752891741285843,11,1
s028,0.14991865830733636,-3.6769190613844804,0.015295030567893027,11,1
s028,0.37819660345396405,-3.75781644647917,-0.31062103688224085,11,1
s028,0.7618926644072304,-3.5395305479146213,-0.4414553467034238,11,1
s028,0.1973060668204483,-3.9484484542102396,-0.17277799995324197,11,1
s028,0.2480723833032214,-4.036347839119253,0.3100371456418933,11,1
s028,0.1176394421777548,-3.973741406328464,-0.1885722411939754,11,1
s028,1.1284983230954986,-3.440045425525535,-0.7527445784699582,11,1
s028,0.8300019951078703,-3.354846652990744,-0.22907916320171126,11,1
s028,0.06702779193658616,-3.321729921085341,-0.11213774334356143,11,1
s028,0.11036514780624027,-3.1550681188759357,-0.07804734818544369,11,1
s028,1.3584466096795322,-3.098016665017448,-0.6408658822581373,11,1
s028,1.1441491657742058,-2.486737142563413,-1.1193112973335586,11,1
s028,1.2288076627188902,-2.51995338150065,-1.135850627804854,11,1
s028,1.2822630152956846,-2.767763557413094,-0.7731682665731824,40,1
s028,0.3889414465806701,-3.1089308017086283,-0.21063845564984748,11,1
s028,0.6421612036643328,-3.3391997599445498,-0.3701008364194724,11,1
s028,0.7059863065290584,-3.491081247918449,-0.019180278911273923,11,1
s028,0.7067750381727486,-3.8455422751737056,-0.2881985391447557,11,1
s028,0.72761914078716,-3.513703518358392,-0.25038418066624346,11,1
s028,1.00632735725082,-3.2489238388560064,-0.642422300246445,11,1
s028,0.8406535064370281,-2.9382430987642927,-0.5487334738380367,11,1
s028,0.32058082523309234,-3.593015263310306,0.034643021634418375,11,1
s028,0.13313644875578606,-3.5254189427692078,0.03602876391041419,11,1
s028,0.035948903297910235,-3.580053939794847,0.06642094872609837,11,1
s028,1.5397493583371051,-2.9109335188245358,0.9693540028033337,11,-1
s028,0.2710952365942818,-3.382896761022242,0.060491161707639955,11,1
s028,0.024428471691726225,-3.330335247317668,0.11890961919251845,11,1
s028,0.8975763430373457,-2.562717136807088,1.6177024325052085,52,-1
s028,0.15354297593404267,-3.335808232552408,-0.020919968633300704,11,1
s028,1.2153134821082052,-2.3235551239710555,-0.23020321886105374,40,1
s028,0.5380387190535816,-2.875112289752909,-0.4696655046062447,11,1
s028,-0.091447625780032,-3.423562240689669,-0.0649168700012549,11,1
s028,-0.25820436474140973,-3.436509994126833,0.003736030081629601,11,1
s028,0.16440395407639435,-3.738541225021867,-0.09917984925211497,11,1
s028,0.0746679041686291,-3.5674620316089496,-0.3669763374891527,11,1
s028,-0.41885650911937694,-3.4428604036245978,-0.09861588779331013,55,1
s028,-0.118579104324514,-3.756718313796655,-0.09688375276170255,55,1
s028,0.19685900171828913,-3.849327350613878,-0.13959749612651004,11,1
s028,-0.6599811079699403,-3.6320502970976705,0.09867195425696713,55,1
s028,-0.11359275597863762,-3.1801701069469197,0.2350491989950787,11,1
s028,1.101206503105797,-2.8132088502133175,2.1425437392710807,11,1
s028,0.5950874894978975,-3.0954383921288477,-0.8435645950627466,11,1
s028,0.3888411047525221,-3.2384961602079088,-0.08587801511161543,11,1
s028,1.4639983975559014,-2.444126847767317,-1.7318966347239748,11,-1
s028,-0.5042509868225276,-3.452020303487761,0.01983698516949589,55,1
s028,-0.3326906038293288,-3.5371049762583877,0.1255909814388997,55,1
s028,-0.10000861911146632,-3.2057226487315917,0.8403513013099206,11,1
s028,0.29366902376943416,-3.1867291762854233,0.12594472400709653,11,1
s028,1.1054961863089992,-2.5800953705622383,0.4424557285762917,11,1
s028,1.1744326132047596,-2.8337077730823115,2.364975659216692,14,21
s028,1.033890450967783,-2.6940483358753515,-0.8678145483796401,11,1
s028,0.9220148273832292,-2.5968232264706614,1.2049176716119328,11,1
s028,0.7796814510967733,-2.628987132233184,0.257878852326532,11,1
s028,1.6722784463225366,-3.26759982780306,0.10482633359480616,11,1
s028,0.9179884055824662,-3.1454421183043246,0.7146982175568224,11,1
s028,0.7241151890219323,-3.4544043108401414,-0.38896091412938255,11,1
s028,0.47498581013190844,-3.449785359003639,0.2786763573111119,11,1
s028,0.21603850187982684,-3.4043463594416696,-0.06858028506740904,11,1
s028,0.8529924726727134,-3.5142195614978444,-0.17126390198875116,11,1
s028,0.8183387226465417,-3.3380674583480694,-0.4638350822979787,11,1
s028,0.09004861703901366,-2.724029779523418,-0.579986060007086,11,1
s028,1.9497239704177747,-2.4469922142869343,3.0979819095258354,52,-1
s028,-0.15478712572124625,-3.270282873844324,0.04797503464792263,11,1
s028,-0.37441952593421896,-3.4378512936640906,0.2090071925583255,11,1
s028,-0.28673551576464895,-3.3739574927045988,0.0392790359256879,11,1
s028,-0.3347537485153952,-3.9209498022306755,0.050244468898701364,11,1
s028,-0.3152015787002949,-3.7673084273567365,0.2884700462870676,11,1
s028,-0.8586954341581795,-3.4753562304462156,0.2631074810445831,55,1
s028,-0.02170271862872082,-3.5320424308437426,0.0754054033888158,11,1
s028,0.26051273421437043,-2.892692244518183,1.6495944306705117,11,1
s028,0.8753625505819909,-2.260598660122774,-1.5547809006741424,11,-1
s028,0.42920669330461125,-3.189856969569736,-0.260056448257882,11,1
s028,0.06589359074472821,-3.2332034158580707,-0.09296533724848209,11,1
s028,-0.12615031925878972,-3.085243508399355,0.08150231422138919,11,1
s028,0.672415435753223,-2.7636786087351175,1.27171000012107,11,1
s028,0.472488187456893,-2.975194582331342,-0.21494328959984318,11,1
s028,0.1582107233276267,-3.284218008458187,-0.24927517955340478,11,1
s028,0.13799910156276876,-3.2123232150072183,0.933538673827263,11,1
s028,-0.1090842884825853,-3.451883888080392,-0.0006311984654219989,55,1
s028,0.48839922282578485,-2.1485275092483866,-0.2828765330622985,11,1
s028,0.3220302403320335,-2.7435693259375786,-0.35962231069455175,11,1
s028,0.1980762750492995,-3.2271941656170786,0.13884963918591714,11,1
s028,0.7898866887486538,-3.0668299852086665,-0.23647935356294664,11,1
s028,0.45269160780341566,-3.1786532315102805,-0.45929717618254023,11,1
s028,-0.28226867459238253,-3.1039609327882838,-0.29116599698561757,55,1
s028,-0.1347667498373295,-3.599050167890312,-0.08574043931364957,11,1
s028,-0.32323244167824666,-3.3347116020797545,-0.04084820172276965,11,1
s028,-0.37843066944601855,-3.103189057597808,-0.03729524833139147,55,1
s028,-0.04121925007839367,-3.595568527349957,-0.06456637447472513,11,1
s028,1.0326005808708638,-2.737469356375965,2.84385667812323,14,-1
s028,0.7471260540857125,-3.0687365444060832,0.762623678737323,11,1
s028,0.5490822038427289,-3.070791617262823,0.06561832141451371,11,1
s028,0.08636170920746525,-2.2808762122250434,1.5729711914495486,11,1
s028,-0.6610820004533937,-3.1259505863352604,0.2684701793136835,55,1
s028,-0.2926893049328485,-3.2309157492973966,0.0011885743434056854,11,1
s028,0.2023205314345128,-2.2136456797796273,2.415237089723206,14,-1
s028,-0.5240150296269498,-3.765177236181075,0.43679957680243786,55,1
s028,-0.7643268200832004,-3.5440330437510488,0.24319835007800292,55,1
s028,-0.693585785118609,-3.743159119340465,0.3890534034251297,55,1
s028,1.1005983287693795,-1.6493226931964324,-0.9878758078403174,16,-1
s028,0.5316650552874815,-2.6299827660226947,-1.0567369094158108,11,1
s028,0.5535412443895631,-3.1428337496774224,0.2012146403798015,11,1
s028,0.21792470988640983,-3.232222807140488,-0.049543379956028755,11,1
s028,1.0387774354317807,-2.4016375666738363,-1.6661623106991812,2,1
s028,-0.3907063296251024,-3.2607942308959803,-0.06011888288715628,55,1
s028,-0.1886737053847854,-2.5870078763554014,-0.04628300693347115,11,1
s028,0.6899740209248072,-2.8279134464079303,0.4067521788874919,11,1
s028,-0.10798464885308184,-2.876254687898351,-0.2645146497290727,55,1
s028,0.3340097455027723,-2.283211653379091,1.5962304530152247,14,-1
s028,-0.0984088322668698,-2.7312185271490117,2.733934854037009e-05,11,1
s028,-0.05382989558814435,-2.907596135293399,-0.3306882082676842,55,1
s028,0.3427604359488191,-2.074519571900459,-1.3663726221905643,55,-1
s028,0.3196528966933258,-3.192672842894503,-0.0243928834689973,11,1
s028,1.1881573914158148,-2.0243683133372494,1.657348724288344,11,-1
s028,-0.18784245450921333,-3.2402310531888316,-0.16744585333505663,11,1
s028,-0.41146569177859565,-3.069566552247941,0.011410272507267361,55,1
s028,0.6015168284607099,-2.855146394230584,-0.4229845051520168,11,1
s028,0.03426787675203878,-3.1113746160420797,0.27456663043731905,11,1
s028,0.12436289449143702,-2.882182321037713,1.2642105935036565,11,1
s028,0.5137599506778053,-2.1120848325418002,-0.8972253384192709,11,1
s028,-0.27622744003153765,-3.161087367077419,0.14156003912421483,11,1
s028,0.47135590198365634,-3.0844510634918056,0.10470893896212244,11,1
s028,1.6431586772756828,-1.4249865327342588,-2.1358333043495783,16,-1
s028,0.7345885932829768,-2.3527418699806613,-1.166574025213718,11,1
s028,-0.0020374194367098046,-3.164166074042982,-0.20965085431018854,11,1
s028,-1.432058693422262,-2.217395273013877,0.1385699702588759,53,1
s028,-1.681684583862026,-2.2678930718757955,0.2562598173536106,53,1
s028,-1.3383250557138664,-2.4618163373502644,0.07208278073357668,53,1
s028,-0.1791821896689391,-2.265325286929081,2.0410555688672507,14,-1
s028,-0.8221956166528698,-2.840949013974206,0.2199562027452441,55,1
s028,-1.166237172745271,-3.1378472987616384,0.2203451196349784,55,1
s028,-0.452519249968056,-3.4709236252490054,0.10626718305216754,55,1
s028,-0.8069225495189465,-3.396212943792518,0.04525664606034685,55,1
s028,-0.8823592302749009,-2.957874942522253,0.02499699357348368,55,1
s028,-1.45525803399196,-2.5201979431121626,0.0995772112536753,53,1
s028,-1.343182414489179,-2.902288299811702,0.18039564881220108,55,1
s028,-0.5534292792892278,-2.983145937635661,-0.033408843764404554,55,1
s028,0.3843535795847622,-2.8077316006951225,-0.33279883655727,40,1
s028,-0.24771338277451757,-2.8280774489280436,-0.06367666734194952,55,1
s028,-0.27802222051251213,-2.229170906082431,0.8365110139461169,55,1
s028,0.46434855830260974,-3.075043094645102,-0.329388152647576,11,1
s028,1.1094363750871667,-2.2216531999238924,0.2126229547503021,40,1
s028,-0.04866477757214514,-2.7072380435603867,-0.03647181843149189,55,1
s028,1.17833160154632,-2.121367560478414,-0.47459345842971373,40,1
s028,-0.283359208976036,-3.1077319357712705,-0.10260085931894418,11,1
s028,-0.05619741513477215,-2.977564464850722,-0.3767330326829454,11,1
s028,-0.41367787652788784,-3.1189064700871834,0.22507142120709941,55,1
s028,-0.6348062533315695,-2.896941098221959,0.4657689835499022,55,1
s028,-0.7972217196401515,-3.3600179997713444,0.1477687667268877,55,1
s028,-0.7356791295313401,-3.17548023574555,0.14250779408415795,55,1
s028,-1.033574217439391,-2.912378098256158,0.030269221926610926,55,1
s028,-0.6459137726245577,-3.061774120450392,0.48957390777157195,11,1
s028,-0.95450187299495,-3.0446732956518407,0.5608987124642623,55,1
s028,-0.6051415436900413,-3.369858694978213,0.25339940250746534,11,1
s028,0.14397974440003716,-2.8364751391881704,0.10200407236617355,11,1
s028,-0.02903334351678731,-2.528368554187855,1.0501939682515269,11,1
s028,-0.05623486697332302,-2.9846163577128197,0.1392585738062417,11,1
s028,-0.7256860794530138,-2.685946803283999,0.13128281990517304,55,1
s028,-0.46528149646642647,-2.823786420433265,0.40519429442033783,55,1
s028,-0.8584399706319402,-2.8467616731761978,0.00956806492092291,55,1
s028,-0.7130667734147814,-2.726397784112937,0.1476445493328579,55,1
s028,0.15475819367643315,-2.5302410080879763,2.2538202407822117,14,-1
s028,0.6270187516151892,-2.7353224135464282,-0.836059467178829,11,1
s028,-0.5876711662636197,-2.8558695653895505,0.4172832049884545,55,1
s028,-0.17172534459604588,-2.8186884586545102,0.5251427394102771,55,1
s028,-0.7098451651252846,-3.0746449966889475,0.30262769575953646,55,1
s028,-0.5297719759192715,-2.916829812848552,0.31918275304192983,55,1
s028,-1.06182004834183,-2.6434655889214977,0.3318586551451151,55,1
s028,0.8245100372969029,-2.886234485103158,1.9382863212273052,14,21
s028,1.314912863180688,-2.249493754372036,0.5254627021464302,2,-1
s028,-0.682640914291151,-2.868055647462447,0.05416991138451596,55,1
s028,-0.7478124415603423,-2.9725779084570108,0.24496234763360342,55,1
s028,-0.939509434572483,-2.954088824791164,0.22134313788682147,55,1
s028,-0.9642293546920775,-2.935976254269859,0.36765427052338334,55,1
s028,-0.6382178900483604,-2.889483287736539,0.1231840450976211,55,1
s028,-0.8555323951390643,-2.670955286253946,0.09279677647181876,55,1
s028,-0.8168481090517697,-2.845298294821495,0.048353946733265235,55,1
s028,-0.4907274324319149,-2.7279976962775336,-0.40014065953975125,55,1
s028,0.1249529551432536,-2.9189700862215666,0.7093713815641169,2,1
s028,-0.9928561933674224,-2.9199821768343606,0.28967265416447485,55,1
s028,0.2880768245531133,-3.0656104435474982,1.8442315616030074,11,21
s028,-0.5025787833933872,-3.0540849376428447,0.22588716618412186,55,1
s028,-0.2955986320393721,-2.693352672142952,0.11488287157138546,55,1
s028,-0.6147315628774304,-3.2053813776485365,0.13333528590039764,55,1
s028,-0.4582102440502973,-2.5275925802522,0.6372759593800776,55,1
s028,0.829330943474677,-3.0509213918004594,-0.22253842067441218,40,1
s028,-0.44989999016352644,-2.9204081256333057,-0.24259909705006993,55,1
s028,-0.03507800634784171,-2.8594820312299043,-0.1784102870374002,11,1
s028,0.1483316997531805,-2.811931901126047,-0.20154936970174506,11,1
s028,-0.08375444995120498,-2.8181148055374448,-0.2031812843881516,11,1
s028,0.45529608123660853,-2.8889742774956426,0.29071719381263744,11,1
s028,-0.2461444379526541,-3.2319634053552235,-0.1673503452308283,11,1
s028,1.5970465024965155,-3.2304379322096684,-0.23097579192514717,40,1
s028,1.2451954011312212,-2.87080940971968,2.0980876157495225,36,-1
s028,-0.9117369735166845,-3.10720000948558,0.03643196626334565,55,1
s028,-0.5043995641216296,-3.5388903769302646,0.4163147172177536,55,1
s028,0.7650403975338018,-3.211846822970719,1.6312089868063062,11,1
s028,-0.043577969255708046,-3.3185123691248117,-0.22983059728241295,11,1
s028,0.6128272194223715,-2.874664495942178,-0.009098250945655226,2,1
s028,-0.04777832371687126,-3.304031979062695,0.05201124517334042,11,1
s028,-0.014371326919012937,-3.3900505441948567,-0.1559105176782675,11,1
s028,0.42569430940801206,-3.3984041944158134,0.7433623109604477,11,1
s028,0.6875066264782498,-3.014095650222713,-0.4366510567347495,11,1
s028,0.9495171513341465,-3.031048720297941,-0.6041640502167954,11,1
s028,-0.3837300496920702,-3.412741123682843,-0.16990922869657574,55,1
s028,-0.7866690154842131,-3.337633468896756,0.10418878564717943,55,1
s028,0.011889421304406024,-3.418409003750322,0.2369642669432181,11,1
s028,0.3046503843778793,-3.3142754526965184,0.22274321112168713,11,1
s028,0.5114034718260461,-3.1898810234285944,-0.09023790406829295,11,1
s028,2.585608421618985,-1.5908581170540665,2.801707829843043,36,-1
s028,1.2867091887050695,-2.471852832520157,-0.3221732234657121,40,1
s028,-0.0599681827030488,-2.871936110662742,-0.261578572918648,11,1
s028,-0.3993915063389597,-2.996725187021063,-0.006524670113542152,55,1
s028,0.10397723412252742,-2.9183327200380105,0.07737775564930287,11,1
s028,0.01265350809450511,-2.961696756957189,0.08621091290278766,11,1
s028,0.326857363879189,-3.4793418848355286,0.4192641227206306,11,1
s028,-0.21280317688228406,-3.097761658830346,0.2661687384572024,11,1
s028,-0.10230490327534619,-3.276301834916321,0.14758480942513297,11,1
s028,0.16052320319206287,-3.398246611268212,0.6158768897709451,11,1
s028,0.23935163798730824,-3.1110111235926663,0.24352935394390568,11,1
s028,-0.046752546855831786,-3.2179456820061265,0.48374190438669984,11,1
s028,0.4989375501974968,-2.6615269465843356,-0.517512763013639,11,1
s028,-0.1564066672005922,-3.068089470751639,0.041208201816036065,55,1
s028,-0.019681771221430205,-3.2127357342931933,-0.1354164979144812,11,1
s028,-0.2406075294798787,-3.074767932067413,0.12780609315936542,11,1
s028,-0.3082063255265703,-3.303964626360808,0.09464277484107501,11,1
s028,-0.05854590751178,-3.3897150939002825,-0.0084023918576188,11,1
s028,-0.40695159865111014,-3.731506925167463,0.37180663160862243,55,1
s028,1.0442486430050095,-2.9729372382010566,1.4929968798780673,11,1
s028,-0.32214072645053154,-3.314733404990815,0.10154206929420319,11,1
s029,0.12412342588615136,-1.928594105496251,0.247896159817188,11,-1
s029,-0.054446231723257084,-1.9557642687907488,0.06642287838095631,0,-1
s029,1.0044341484974186,0.07866301088680337,-2.2529349144954174,50,-1
s029,-0.5020832144155499,-2.579471205571612,0.21331648921750812,55,1
s029,-0.09562329183007615,-1.538022478306763,-0.756524151687413,53,-1
s029,-1.2328639602775497,-1.0301266786410106,0.0396257896963669,9,1
s029,-1.2721603375905284,-2.207349422359724,0.290720568177706,55,1
s029,-0.7247132483610256,-1.4466580903315929,0.820199024280581,9,-1
s029,-1.2658232585114253,-2.2004221115034426,0.23154672788051053,55,1
s029,-0.18730416954701795,-1.487845669241623,1.1301937387864078,2,-1
s029,-0.9778868790081173,-1.884344464546395,0.03157422488197494,55,1
s029,-0.8024700910058763,-2.604167299309947,0.03937011284244551,55,1
s029,-1.941282484123763,-0.6219335798826409,0.6533755301170181,9,1
s029,-1.871415559847663,-1.045022634815108,0.3503006120809521,9,1
s029,-1.6763977600203268,-1.567467516575075,0.2774750548853535,9,1
s029,-2.086074386024829,-1.1299588573132677,0.4718430516259088,9,1
s029,-1.7987516384963624,-2.5235311705853016,0.1352569001553182,55,1
s029,-1.5248203019344762,-2.787823315984963,0.23603170036208493,55,1
s029,-1.4122903780879734,-2.4492533830245926,0.5269770022869785,55,1
s029,-0.9029066692937364,-1.5026709690631537,1.8349373702152751,52,-1
s029,-2.0713342776647052,-1.2991217135344737,0.2968818849575792,9,1
s029,-1.8346983993599821,-1.4845627771439762,0.3510751553628052,9,1
s029,-0.6818802913996814,-0.7121067748744618,0.17952384074188021,35,-1
s029,-0.78322368170341,-2.954802096234359,0.09027247761001929,55,1
s029,-0.5873192188564212,-2.023219677573721,0.8727930456718007,11,1
s029,-0.9608512665746585,-2.93267014456561,0.1935786138398399,55,1
s029,-1.5634312846100311,-2.0801684811301633,0.6405778822770171,53,1
s029,-1.2204440042467792,-1.7507166566779595,0.7526990777343234,55,1
s029,-1.0686667691673513,-2.6907960232416923,0.38882015255612185,55,1
s029,-1.399129260048054,-2.7584824435487354,0.48952488754691975,55,1
s029,-1.4445246421517268,-2.902198908949993,0.1835820394424752,55,1
s029,-1.435053751323192,-1.6976783760143201,0.6560645671791988,0,1
s029,-1.7483805904137177,-1.5684123820314333,-0.005088730667627998,44,1
s029,-1.5370955646140658,-0.6033373353119276,0.8839826143995558,9,-1
s029,-1.16399302383377,0.8090891832405865,-1.082169747561199,16,-1
s029,-1.8762824717202413,-0.4994226419010125,0.5492495071931838,9,1
s029,-1.9524336561676656,-0.9719853730194212,0.2287754425153993,9,1
s029,-1.6537833231454908,-2.073922674083954,0.2313313508470262,55,1
s029,-1.7816403858981325,-2.316447643972357,0.15320182197014892,53,1
s029,-1.7544348547635205,-1.6781758140467113,-0.12482717809859274,53,1
s029,-2.4152682576220514,-1.4762637523452744,0.26396671570220875,9,-1
s029,-1.5467132032631414,-2.3913887117906247,0.35403141607387206,55,1
s029,-1.7511233202964682,-2.3797884256518698,0.2934788625527923,55,1
s029,-2.2268988081301235,-1.3495994083095417,0.5309038506335839,9,1
s029,-2.2469524094791082,-1.7559165359953017,-0.11354907411467742,9,1
s029,-1.3856023886894586,-1.2457086041195475,-0.7075350336766437,9,-1
s029,-2.115378418250515,-2.100076809316066,0.013223264999622598,53,1
s029,-1.6419531266529748,-1.0964752458979488,-0.5158616000660605,9,1
s029,-1.8894634683575757,-1.5648772276336602,0.2932385067242367,53,1
s029,-1.564965627931846,-0.4713917716488033,-0.6284132165626887,9,-1
s029,-2.302850249469744,-0.18818932089150936,-0.035291605642986244,9,-1
s029,-0.08179990524842004,1.2820492333112996,-2.335345624396881,16,-1
s029,-1.3701081970296882,-0.2064212163442646,-0.16178213622999899,9,-1
s029,-1.4592403202752104,-0.9922706732800081,2.563851047312188,14,-1
s029,-2.503912813643358,-0.6092934491344534,0.09809835244254615,9,1
s029,-2.5527601924128955,-1.331803515160942,-0.11409772176773346,9,1
s029,-2.0578047816636027,-0.8277941743371113,-0.5830803170423333,9,1
s029,-1.4793210896607532,0.15340269662005224,1.7248820604191935,9,-1
s029,-1.8370915228958455,0.02789480729254152,0.6427173458941785,9,-1
s029,-2.071808643318906,-0.8928485387865677,-0.594698221455331,9,-1
s029,-2.3158377990498513,-0.6996584764660032,-0.26082535150164293,9,-1
s029,-2.171604101541511,-1.1844962096706344,-0.291449963130525,9,1
s029,-0.36068123906488614,-0.4321067452150994,-1.5610257432791441,44,-1
s029,-1.0090803758202904,-0.30652880699730645,-1.8913906903035753,9,-1
s029,-2.8247485268763857,0.2611990582654009,-0.4004232228303273,9,-1
s029,-2.6280666832372543,-0.6007264734367816,-0.19285314293962147,9,1
s029,-1.1210603277064688,-1.00969110170701,-0.43709910180302053,44,-1
s030,14.13968177733526,8.221426238305243,21.81289415689375,33,-1
s030,1.4087390161202036,1.1513070769683007,-0.7034950317306979,42,-1
s030,0.3989262479890366,0.3764683528146059,0.4473833533587724,35,-1
s030,6.255613294488156,0.27138436884439354,0.0660021801507925,19,-1
s030,0.6685073638482503,-0.3352613942870078,1.4383776891681928,37,-1
s030,1.0479129835294763,-0.46490319167762856,0.5907510162937422,6,-1
s030,-0.37571398286800045,-0.3315888992501708,0.8813464711450708,35,-1
s030,-0.20191581651388413,-1.3317047153863493,0.5215623074650331,44,-1
s030,2.4444787295448673,-0.32846383594818745,-1.2292674389942466,47,-1
s030,0.5151126481402062,0.16027265103631147,0.12554960311633362,42,-1
s030,0.9899445971500513,1.5263142891073147,-0.7424359483068502,42,-1
s030,0.07805129274889258,0.8013612907753194,1.641891184368125,35,-1
s030,-1.285727683532846,2.170341277245949,2.3614765784951075,45,-1
s030,-1.1938304712155758,0.4684374220050918,0.008566378623478825,35,-1
s030,0.11470683349466114,2.34241244722072,1.838853667121313,45,-1
s030,0.6505721967488514,1.841220292558233,-0.9262668784435751,47,-1
s030,-0.8653231747138657,1.4380091473347856,-0.3230850590834673,41,-1
s030,-0.8907502830365729,0.44143666297255907,1.1361874381141344,35,-1
s030,-1.4348510608411313,1.4153113248138103,-0.3025200897877426,41,-1
s030,-1.3313730902636571,0.4190611922862247,-0.3883457327852778,41,-1
s030,-1.1012930236510303,0.526894590477902,1.1869727571528614,35,-1
s030,-0.7557607715701147,-0.18800421355157398,0.5912041120383691,35,-1
s030,-0.8132739707091164,0.40067352184588556,-0.08936990293202263,35,-1
s030,2.633244082256071,5.013142270866793,-1.226669665907655,29,-1
s030,-1.135721173735524,4.354232127004854,-2.114779727648948,7,-1
s030,-1.608001464936077,4.996211948386672,-0.7825531900609602,4,-1
s030,-1.3252952529436257,3.5884068866495253,2.232841049155091,45,-1
s030,-0.8634707678035667,2.4127429489441656,1.6025032389556924,35,-1
s030,-0.931877417059764,5.830497186860126,3.7850103448421897,45,-1
s030,-2.640032185404243,3.798589339369953,0.7370010177395845,41,-1
s030,-3.1820089028888585,4.995627083148578,-0.2682786660405844,4,-1
s030,-2.8490026134717934,5.464877209610667,0.15311121514479703,4,-1
s030,-2.7127822515172872,3.5903209361037782,0.3460977044647569,41,-1
s030,-1.332621423632738,3.9763893708972953,0.3930078304910874,41,-1
s030,-1.8185047477188747,3.2337491196565296,1.0003587401379148,41,-1
s030,-0.30504309555619485,4.399244485015566,-0.8504925236066969,7,-1
s030,-2.407458372472426,2.27538099236272,-0.019730767507925007,41,3
s030,-1.1452919560629107,5.786272927085046,-1.940927137679637,7,-1
s030,0.213281358572031,3.967532131478943,-3.023784293208507,30,-1
s030,-1.0066586644268642,3.5415402242305416,-0.1765860037293711,41,-1
s030,-1.5677666015063005,3.6954617895149076,-0.8394035284442012,41,-1
s030,-2.0488219945590767,3.162655151082274,1.3572911680270534,41,-1
s030,2.4365970032627007,2.6449157908326204,-1.0038789954615905,42,-1
s030,1.6136588044454823,1.6454467929517516,-0.22916099116290115,42,-1
s030,1.205059852080092,2.2566264536919722,-0.8311594525409741,42,-1
s030,0.5902458802466062,1.57840065967798,-0.3327432826460794,42,-1
s030,-1.2160099616244946,1.624931119677967,0.4523555298830642,41,-1
s030,-0.4126993086885979,1.4428941595073512,-0.14771490143824134,6,-1
s030,0.2959594122716879,0.4817637274867228,-0.39764214089389266,42,-1
s030,0.00733301697492241,0.6052764677291056,-0.21334284128222866,42,-1
s030,1.1068143603962843,0.12028422800982898,0.0846343519066359,42,-1
s030,-0.800670548103918,0.26214806192309553,0.40248138149152857,9,-1
s030,0.28893329705895926,0.22215448809914579,0.6059946795554735,42,-1
s030,-1.1282235217063659,-0.7136910896072111,0.5822483237670931,6,-1
s030,0.133507690335484,4.290419754517719,0.5433890123192279,10,-1
s030,-1.58472156932609,1.0121662427550016,0.47704949622960086,41,3
s030,-1.4218509720416055,1.1811780414211634,0.0691663120424299,35,3
s030,-1.249760113283687,0.8978787835131339,0.43877896254641674,35,3
s030,-1.36392234241891,2.8639942022670524,-0.14329427939616954,41,-1
s030,-2.3177592751139295,3.3225954136393665,-0.08535781895530171,41,3
s030,-1.2161757260848496,1.7407803652528022,1.149761318933534,35,-1
s030,-1.7669122063500569,1.9368025729337695,0.26192282468399436,41,3
s030,-1.4127220198493926,2.0435429148793487,0.5860442001267879,41,3
s030,-2.391259912378341,1.6380485089305143,0.32345232953701164,41,3
s030,-2.0284008412435224,1.0110316271115436,0.4708358436343136,41,3
s030,-0.9906431898652036,2.085455353092557,-0.1414638475972004,49,-1
s030,-1.8874773567453629,1.0124707549509449,0.2382228346688501,9,3
s030,-1.1902933186493312,2.374931841781757,0.8336921304045039,41,-1
s030,0.512681783995767,2.3233905831375754,-0.5917713070975359,47,-1
s030,-0.9001356772484685,2.633370163255419,-0.6781589021852658,41,-1
s030,-1.7067934066959634,1.043528013277928,0.12183710867402794,41,3
s030,-2.335668522467811,1.9801520658858514,0.04754286833668464,41,3
s030,-2.401360091872153,1.8220202151624645,0.232891492972618,41,3
s030,-2.3506702138929354,1.9543674299973584,0.47897716255316836,41,3
s030,-1.6738042737237693,0.4558941147627726,0.2826793384440918,9,1
s030,-2.076340249484562,0.29433796506648957,0.3389899102589528,9,3
s030,-1.8034329971851408,1.3727605493550936,1.2953861937684346,41,-1
s030,-1.9105727796037568,1.696697606554563,0.6133945861334678,41,3
s030,-1.5730371727896304,2.858336418516004,1.7669936609324033,41,-1
s030,-2.5030028629951375,3.0929758129715097,1.273621520419955,41,-1
s030,-2.065612334874086,1.7789436021944232,0.5615502977251404,41,3
s030,-2.87780284292057,2.391093550363391,0.19106173028150467,41,3
s030,-1.571575910479934,2.7450692346569125,-0.46787131179477126,41,-1
s030,-2.372384798284776,2.0318829342359677,0.5142845246262044,41,3
s030,-2.682505382224305,3.5239693671616643,2.3181080679962074,41,-1
s030,-1.6327870021422755,4.838246192177832,2.749426066412081,45,-1
s030,-0.25378042132221185,3.6632000768744155,0.03569324205541576,7,-1
s030,-1.8435785996699456,3.0932959207933535,-0.019139105440929692,41,-1
s030,-2.036297506640315,3.191092628482705,0.07169635647612023,41,-1
s030,-1.9181779641569723,2.287957650419946,0.7403551099747017,41,-1
s030,-2.6896374606896907,3.3365736490815165,0.1495786487902951,41,-1
s030,-2.0193674044385648,2.544753774567813,0.6017659189397582,41,-1
s030,-0.6689443952887246,3.139823493927098,0.05841847176536221,41,-1
s030,0.11271469246992677,4.55375944877597,-0.7338475734328909,42,-1
s030,1.1140970275405773,3.2959277324629683,-0.628260809186754,32,-1
s030,2.2451542836744487,4.653178014545281,-1.7604654289679298,32,-1
s030,1.0005905954316705,4.11549034449705,-1.7636662350691585,32,-1
s030,0.12574308468238693,3.8226526470065245,-1.285364927490838,7,-1
s030,0.5658134778856596,4.408086113410773,-1.5559606511388258,7,-1
s030,-0.3597640678562558,5.521103053356075,-0.5907289128975206,4,-1
s030,-0.25801682237152784,4.741088981411884,0.031004324286829525,41,-1
s030,-0.6646077714755064,5.051120201957377,-0.527772463333082,4,-1
s030,-0.6852286076879819,3.3447379725550275,-0.07562244111278735,41,-1
s030,1.5206175840374823,4.774233610585519,-3.6349269330175593,47,-1
s030,-1.0054619312497244,3.6043696120557422,-0.9610158188225904,41,-1
s030,1.0278328817455242,4.964033388913962,-1.5685640390515407,42,-1
s030,-0.3741840055601697,2.8238127457003808,-0.9895342253340994,41,-1
s030,-1.3542009194938955,5.468953312666421,0.9591897075887653,4,-1
s030,-1.5267297141756881,4.858904156404929,-0.14908427779109126,41,-1
s030,-1.3352787815986054,4.464414925855258,-0.3293528764254571,41,-1
s030,-0.042028136500939756,6.462762378670356,-3.846272540088403,30,-1
s030,-2.5182269539046316,6.071992814572847,-0.7881930642890008,4,-1
s030,-2.6337308461014652,6.529102043334518,-0.6022360883564493,4,-1
s030,-2.106020606877718,4.677016376509087,-0.9514536096441025,4,3
s030,-2.234826693471385,4.339095288654989,-0.8680614878393833,41,3
s030,-0.9891077742520551,6.408802989409903,-2.440560140904809,7,-1
s030,-2.0295861028082736,4.32920676104842,-0.34384641016520767,41,-1
s030,-2.0459018897535204,5.196515578780624,-0.45974915338391414,41,-1
s030,-0.6617613535732222,4.87798101152425,-1.366345146292665,42,-1
s030,-1.3114608328994353,3.984689664520711,-0.384675893186336,41,-1
s030,-1.8136655187026698,3.241229149783828,-0.12769227915286063,41,3
s030,-2.737952174762443,3.6454096315843763,-0.41520726222983945,41,-1
s030,-0.7888576083748657,6.050271402929295,-3.554438494130216,30,-1
s030,-2.3210470686620894,4.292437318393919,-0.7735984066660491,41,3
s030,-2.508817115000831,7.586116808070766,0.6948096422779034,4,-1
s030,-2.7041648060313723,5.5034458874070555,-0.22148808743485707,4,-1
s030,-3.0095581989537985,4.193954079398471,-0.30170887556492015,41,3
s030,-2.318333864633763,3.411756018295207,-0.20358697801917425,41,3
s030,-2.3741606288163566,2.8383394773051926,0.14937774287246194,41,3
s030,-2.5450428884707774,3.1479022144153825,0.1920643338713614,41,3
s030,-2.015180006417825,3.152534884280456,-0.16676371933889314,41,3
s030,-2.8920193760118886,4.111144961336582,0.19788271445399183,41,3
s030,-2.339830604275955,2.7170005217414253,0.05795052204728658,41,3
s030,-2.0340034995799514,2.5628793299519166,-0.2584597977666111,41,3
s030,1.0097199600051894,2.4997888251550164,-1.7609316089994294,47,-1
s030,-1.7596429823359359,2.8237435363046,-0.38691062724179154,41,3
s030,-1.7670401890838512,3.959070586437783,1.3392715554330383,41,-1
s030,-2.1681837491270013,3.767793106916262,-0.920857342392426,41,-1
s030,-1.5739260640872563,3.1324231476116693,-0.8388227322649439,41,-1
s030,-1.06112631418322,3.477449759959232,1.1154226555617994,41,-1
s030,-0.626508230862285,2.178850245688848,0.1866632498922801,41,-1
s030,0.23899107621843255,3.3727949514057056,-1.0456165401297268,42,-1
s030,0.33630777099633286,3.151602421470469,-0.8168640148051304,42,-1
s030,-0.21235304341617217,2.8068405687777673,-1.118873530006348,42,-1
s030,-1.0120705457952417,2.0555028408583675,0.12829238444993904,41,-1
s030,-1.9998137082987621,2.697281345722823,-0.20999743057823494,41,3
s030,-0.5092328813671685,3.4302339321866135,-3.0565651680821353,7,-1
s030,-0.07313675832020697,2.262542752985784,2.1283736144254637,45,-1
s030,-2.384553948986759,2.0975326724612184,-0.14290214147631147,41,3
s030,-2.1654983964319574,2.4258323398083608,-0.49234631364158754,41,-1
s030,-0.9236099220508607,6.3783919351304235,-3.0957091351957633,30,-1
s030,-2.6885128894827486,3.5214649180299253,0.18845012924589974,41,-1
s030,-2.2549389992298234,1.9971674135612607,-0.44925839059429545,41,-1
s030,-1.2581304892709966,5.166846205460144,1.9642900541219424,45,-1
s030,-2.755420310664936,3.9166602022272174,-0.14854846184199968,41,-1
s030,-3.0880739458914084,3.3630220631359973,-0.4246134708292981,41,-1
s030,-1.7493054511135142,3.143464394858876,-0.3711116853308899,41,-1
s030,-3.0132167831186525,3.690600554754841,-0.14738736778315611,41,3
s030,-2.9464828123931714,5.013414376187176,-0.22372017543671122,4,-1
s030,-2.853766231559276,4.599674978680194,0.05828700281077921,41,-1
s030,-2.839041101186567,5.057082691000857,2.0379837698411145,4,-1
s030,-3.6195772359413434,3.713154214116607,0.08281535977134319,41,3
s030,-3.6151706392186673,3.348344945038103,0.04208905328723068,41,3
s030,-3.5355935860613146,4.305997626722472,-0.1150625254047774,41,-1
s030,-0.6658883338606812,4.845193359875383,1.595579742906265,41,-1
s030,-2.829497784788976,4.300829879885407,1.1297096494243672,41,-1
s030,-1.9601040480931513,2.9092337085235545,0.7589233692198419,41,-1
s030,-3.5208358479941384,2.7886069529554462,0.18643422849668423,41,-1
s030,-3.301801035411544,2.3225014427049895,0.21533686010325623,41,3
s030,-3.6337588665925646,3.707658221661592,0.22279129402633255,41,3
s030,-2.418022520856913,1.947672290855238,0.5416710788476705,41,3
s030,-2.4179174890771837,2.3662319460380488,0.4923002544224475,41,-1
s030,-2.083032457814068,2.8537714765527755,1.6069495370040885,41,-1
s030,-2.71876514096679,2.2123978818309773,0.38627568206917534,41,3
s030,-3.0976063281110355,2.1363699151282867,0.06322738959311873,41,3
s030,-2.741223538846668,2.5205433847392227,0.17288354780379006,41,3
s030,-2.6392791960602002,2.8014379660521156,0.7782402611067901,41,3
s030,-3.0676712420459538,2.8804962552722833,0.15214550735816568,41,3
s030,-0.4852831215179278,4.810306401867363,1.0755413423823608,45,-1
s030,-2.756273704254337,4.38698593305169,-0.20546811833043213,41,3
s030,-2.8731066685628477,4.451294572536787,-0.30223279437443423,41,-1
s030,-3.0348326872324605,3.930045092790849,0.10536710033143738,41,3
s030,-2.576296170167089,3.6229165531788374,1.2805498015250278,41,-1
s030,-1.387867303257918,3.785202642105703,-0.13170412181849084,41,-1
s030,-1.5478083137379195,2.9325283186122504,-0.331936948051221,41,22
s030,-1.8392521306946323,2.7523708102794546,0.1260393252094658,41,-1
s030,1.336626956694811,4.12812620536963,-1.0596163791934394,32,-1
s030,-1.8557107833568423,2.8310924375301116,-0.2003193079006362,41,22
s030,-1.3045811859575087,2.787174859550532,0.5219897619099574,41,-1
s030,0.1494569554594868,3.173796503945823,2.637938715746665,45,-1
s030,-1.7355859161946336,3.257955763085339,-0.6159404859350435,41,22
s030,-2.357027524962075,3.6041022931201225,0.18376120028938686,41,3
s030,-2.3236566516732284,3.905704392750611,-0.8945122316087769,4,-1
s030,-2.4296301607927395,2.732486286083645,-0.036875514334460395,41,3
s030,-0.5946453672356042,3.467516578465048,-0.5351272460036185,49,-1
s030,-2.175047951781098,2.689550180849336,-0.341666592672567,41,22
s030,-2.1196789121060657,1.919194005129717,-0.7844526270463984,41,-1
s030,-2.9474214972582446,2.1074521238613357,-0.07128395611805974,41,3
s030,-3.06258919196659,1.9082268593604896,-0.11368856381904639,41,3
s030,-2.653884923550266,1.6417386781329268,-0.054045463425364905,41,3
s030,-2.113817462937541,1.6556794134219461,-0.40136702652380307,41,-1
s030,-2.606272085641288,2.632573122934938,-0.2936287764371259,41,3
s030,-2.4575345239168307,2.7133470376012236,-0.6848778227917941,41,-1
s030,-1.0825847614908433,2.5026673373470634,-0.21000485590041512,41,-1
s030,-2.935188002024374,3.0506645930257434,-0.04339762412280197,41,3
s030,-2.1608773099442447,1.9235500936339804,-0.3919960458049564,41,3
s030,-2.2386651990976647,2.5425192326682744,0.8947847941193402,41,-1
s030,-2.1162860002448403,2.515851432929591,-0.6208449773669704,41,3
s030,-2.4381407612138624,2.8143821277048686,0.08447663571943871,41,3
s030,-1.6231892153709728,1.5448554035194133,0.2994626025232568,41,-1
s030,-2.9380477563978786,1.4643821133745174,0.057233812618615335,41,3
s030,-2.895144840694475,1.4785065316624135,0.04039513772296306,41,3
s030,-2.3531333836271253,2.9257171572521403,0.42059144987102864,41,-1
s030,-2.4960117759879457,1.3347647325575578,0.06444942973847884,41,3
s030,-2.493474108309902,2.3156285511303567,0.4021418620225375,41,3
s030,-2.6018350856715067,2.3561545237955763,0.8514229391424322,41,-1
s030,-2.6043273914632143,1.7526750128677626,0.4213864798408053,41,3
s030,-2.715604639385755,1.4212123180467182,0.169448157363327,41,3
s030,-2.502178658401904,1.0997812295817042,0.15506632178629356,41,3
s030,-2.3339688786882546,1.6508603909317308,0.3006156253974409,41,3
s030,-2.661263683604081,2.3873504897149527,0.88458790997134,41,-1
s030,-2.0163011175641903,2.7735231495743453,0.2628321290688342,41,-1
s030,-2.9109868339699885,3.691359414196273,-0.015198894016136706,4,3
s030,-2.7987102172086633,3.3363807295481123,-0.3268235312003327,41,-1
s030,-3.1216828169061133,3.1370858834762734,-0.2093580519348702,41,3
s030,-2.843837671578235,3.445947962178187,0.3173050660463154,41,-1
s030,-2.7705220860770936,2.3039781118704012,0.40224415340157343,41,3
s030,-3.592369642346052,2.8977022861176214,0.27943880749450817,41,3
s030,-2.7931358127461863,2.0117269629590298,0.3398617913158472,41,3
s030,-3.020784646013338,4.01366282568381,1.5149604361379279,41,-1
s030,-0.8610901051425196,3.7132060334859838,0.06195515793106302,41,-1
s030,-1.2756761685161557,4.534814997516151,-0.8766250614900225,4,-1
s030,0.404998961797514,2.977539892155699,1.571908725283213,35,-1
s030,-1.8829169040191358,3.943948974509722,-0.48967065563681533,4,-1
s030,-1.3902806342552043,4.394682284124593,-0.1463598890390258,4,-1
s030,-2.046849781861321,4.201878816916991,-0.030397010991826397,4,-1
s030,-2.8089638259596796,5.3349882148951835,0.2020190731857292,4,23
s030,-1.6904474340117452,3.5713080121785503,0.6695105249533666,41,-1
s030,0.08590419747711205,4.088743817881942,0.35591609032340704,42,-1
s030,-2.228745291255067,3.348334783330031,0.08845873623593457,41,22
s030,-3.129380867492996,3.6173937274052297,0.20201214685317803,4,3
s030,-3.4035214326023278,5.712066725813859,-0.22043624010551865,4,-1
s030,-3.7487328266514552,5.728321977398859,0.3336102985269796,4,-1
s030,-3.292538123560917,5.8311871886106275,-0.323003708832988,4,-1
s030,-2.885628898641558,3.9720254303695706,-0.16890382515996877,4,3
s030,-3.0709332205835422,3.8756211839643493,-0.22154342340464275,4,3
s030,-2.5898573530208773,2.4752296732523,-0.28097605377504337,41,-1
s030,-2.982782530830335,2.991803523819094,-0.07299772704939472,41,3
s030,-3.142908921410942,3.5084535932696594,-0.08456039944490899,41,3
s030,-3.1998925832474248,3.8904288880144007,0.19093497118478206,4,25
s030,-3.4476976408647224,4.748832590995084,0.30714548533769315,4,-1
s030,-2.281701455030342,4.082844094042459,1.3148294604338029,41,-1
s030,-2.320107452740747,3.24706026057995,0.4886937710046813,41,-1
s030,-3.0069147758720143,3.2117745776716373,-0.15746943508788355,41,3
s030,-2.740392390819618,3.2985431225095407,-0.07908567678981825,41,3
s030,-2.8002465585095737,2.891535529587255,0.8259504497512402,41,-1
s030,-2.799745417319968,3.1333347476068023,-0.5293347037700233,41,3
s030,-3.155514764630306,5.163439973110907,0.3683572384967307,4,-1
s030,-2.8663047975344726,3.8965922293382853,0.3156987030273031,41,-1
s030,-3.3160486228959694,3.124779431591861,0.2978239207934275,41,3
s030,-3.1347150518027243,2.88166531430202,0.9174353836694705,41,3
s030,-2.9374824805682422,2.1935323900231247,-0.018008752572254105,41,-1
s030,-3.6819934477265566,4.127137870464376,0.26644740471828426,4,3
s030,-3.092421508760814,4.428916480956845,0.4761081373057735,4,-1
s030,-2.795515947260482,4.788990832198991,2.0508330145723432,4,-1
s030,-3.489239147849048,4.4343311874215425,0.47371780820502957,4,3
s030,-3.1175354830169346,4.526688773682643,1.1001783323837855,4,-1
s030,-3.9017998620643013,4.343707181571794,0.5277047947089046,4,3
s030,-3.0834709885808667,3.8400925986216032,0.29791863412363007,41,3
s030,-3.103280830111461,3.1039364652848715,0.6232968259013193,41,-1
s030,-3.2200588760447233,3.5508073472070603,0.8757922520374363,41,3
s030,-3.9409981878921303,3.5262551586696733,0.5455217610908333,41,3
s030,-2.795519683825556,3.2948540644946376,0.604541714081532,41,-1
s030,-3.76818531387307,3.2668066435839465,0.210354017041307,41,3
s030,-3.6345661976409325,2.776773896531813,0.6420801463688804,41,-1
s030,-3.3197433867070227,3.685526754847281,0.14513658140805344,4,3
s030,2.5265350131227615,6.750748737092824,-3.1969246712638966,47,-1
s030,-1.8927417230204002,6.024379397826103,-0.03676936313158442,4,-1
s030,0.6358271545683928,6.918071016362292,-0.8224980319571278,32,-1
s030,-1.7488919211961074,4.0123954691661545,-0.5529650453523838,41,-1
s030,1.0806112566235322,6.364142237351873,-3.2079926505779026,7,-1
s030,-2.353121190276855,4.6672845316382645,-0.5189891087573519,4,25
s030,-1.5124844902779826,5.412545909373704,-0.5192679476722929,4,-1
s030,-1.605965026250163,4.2431544293570616,-0.40964371470648003,4,-1
s030,-2.1706042770797556,4.815194581274063,-0.2182362220540911,4,-1
s030,-2.3607090457113986,5.502448495948487,0.02972259054721935,4,23
s030,-2.7105454530934923,5.3393283760675825,-0.5018136907378806,4,23
s030,-3.1027220337265096,6.583913535328268,-0.4834164054109354,4,-1
s030,-2.4569369687675993,5.086956928141214,-0.27947151709743795,4,-1
s030,-1.7721862950793141,5.3904937717501875,-0.6690320916822041,4,-1
s030,-3.768341332832254,6.618057657730008,0.0064158318945258044,4,-1
s030,-3.160810065330894,4.932695567630456,-0.05980307071848518,4,3
s030,-2.8148832875659524,5.283399836136148,-0.45378764059820126,4,-1
s030,-1.940636252311268,5.159927246718702,-0.44417148445055527,4,-1
s030,-2.6229622299539317,5.700452911586893,-0.5751452975437411,4,-1
s030,-3.248432829960902,6.327458337710458,-0.40984590537838306,4,-1
s030,-2.151391614707596,5.225892302190359,-0.015795526063959304,4,-1
s030,-4.165896517089451,7.182505586057287,0.01270835929707929,4,-1
s030,-2.9910420979273487,5.5702564335949845,0.2345011006717244,4,-1
s030,-2.253315055242432,6.108231161855762,1.9658524307803948,4,-1
s030,-3.4271312695725187,5.42803872141066,-0.38999727812441415,4,3
s030,-3.1936523886698787,4.725271411990397,-0.4579952022835912,4,-1
s030,-3.4066440299130583,5.087536042770621,-0.6365537537393118,4,3
s030,-1.7062982980494683,6.72080966016976,0.77031431587366,4,-1
s030,-3.1218478375006136,7.355268026556844,-0.7394084578516689,4,-1
s030,-2.6821306431270435,6.105522463263988,-1.0936583683108587,4,-1
s030,-3.1616619411711713,5.672795271568793,-0.2521259509080186,4,24
s030,-1.9467416104460658,5.867541020586195,0.37114559722525226,4,-1
s030,-3.6381473017821557,6.390440306297532,0.8395968110148779,4,-1
s030,-3.8202137988751432,6.243864430648443,0.08240423086920942,4,24
s030,-2.47474843214928,5.976532831959346,1.0311532206383753,4,-1
s030,-4.015391143917425,5.312627136210258,0.031662245602211696,4,24
s030,-3.283317500909409,5.196460336034915,-0.5083132759057994,4,3
s030,-3.130092849538054,4.6038759352678245,0.22990651086786767,4,3
s030,-1.4338266864001943,6.298168532081017,-1.8143248735467874,4,-1
s030,-3.587741352494415,5.7030512282767525,0.1666950238660133,4,24
s030,-3.3398398428927245,5.298249642687132,-0.17938331806932165,4,24
s030,-3.490502243171107,5.283294384457191,0.5606398578075499,4,-1
s030,-3.5043270623413476,4.976315957865998,-0.19650745873643116,4,3
s030,-3.0717342376327545,5.28271476453703,0.2497909846197799,4,-1
s030,-4.2416331330543295,7.239631181183227,0.3527917767956326,4,-1
s030,-3.7147885158534395,5.765077463061726,0.3104872765331374,4,-1
s030,-3.6697938122449316,4.807361793189253,0.7393305418332509,4,-1
s030,-2.934041148407137,4.384859933793836,0.15628982871983274,4,-1
s030,-2.452778647257718,4.5892877447064295,1.3380079631459914,4,-1
s030,-3.3558457698395627,4.162203486975402,0.44754601138583167,4,3
s030,-0.010854872370148651,4.376524093328217,-0.6603313656178952,42,-1
s030,-2.870547829245367,4.282218740739845,-0.29297828181017566,4,25
s030,-3.219579395759446,5.492755158729457,-0.07669780183191281,4,-1
s030,-1.6150381888873035,4.78076098390319,-0.4864473978099816,4,-1
s030,-3.351577890340628,4.940436120174398,-0.11305196451022144,4,3
s030,-1.9976077036762505,3.3318823900091314,-0.4937044521506867,41,-1
s030,-2.7420276562643124,4.87504534126645,-0.2974962969841727,4,3
s030,-2.730089369524785,3.5634841263396764,-0.5079635872728722,41,3
s030,-2.91672699935283,3.5284088104861078,-0.453574597603007,41,3
s030,-2.6241370402282866,3.570876595355714,-0.633622261010038,41,3
s030,-0.03163837049740808,4.54097073038394,-1.369234033692133,7,-1
s030,-2.5079730735926242,3.8991064796667176,0.2625988944961617,41,-1
s030,-3.367789109279639,4.729517939336632,-0.03991190571477203,4,3
s030,-3.1843951279043328,3.746962280393454,-0.007712166319978722,41,3
s030,-2.459811249762966,3.068560249250355,-0.32802535234086005,41,-1
s030,-1.9930201121962807,2.8297086747323603,0.3610498315185357,41,-1
s030,-3.258814386082885,3.2666779631495357,0.17442660161529625,41,3
s030,-2.2428907448745705,3.758228873211755,-0.991407847900914,41,-1
s030,-3.1695725414363527,3.4695085913700248,0.031060736021219528,41,3
s030,-2.433952635656111,4.313191378370603,0.35018147240264536,41,-1
s030,-3.2334899708059104,4.091401767241326,0.058806439088686414,4,3
s030,-3.231984746235511,4.839696391069182,-0.32303443330597303,4,3
s030,-2.8400172475801466,3.540837872082525,0.10605546628475061,41,3
s030,-3.3507783992645446,4.334652264969256,0.23589507001629217,4,-1
s030,-0.8777745598161213,4.297130838973923,2.854461532263894,45,-1
s030,-2.076929899097674,3.0210337411925656,-0.42317082292825886,41,3
s030,-1.2753715007019357,3.3430772625556138,-0.8653184215609625,41,-1
s030,-1.2415604760531833,4.0990190126947255,-0.5529545540399913,41,-1
s030,-0.8996970972815747,4.001159724210454,0.5317516795611097,41,-1
s030,-2.965050653048082,3.568423271366758,-0.25016005104736094,41,3
s030,-2.345994607323238,3.9908734829229626,-0.6082582165541556,4,-1
s030,-2.437048149435739,4.546436579926571,-0.5422983992913551,4,3
s030,-2.696813907098793,3.7344298968570144,-0.33768379261637343,41,3
s030,-2.930506774597653,3.2882665188291034,-0.13115293055770136,41,3
s030,-2.133590340453875,4.636472775275784,-1.442112969965884,4,-1
s030,-3.7392689959285543,7.7266044653337635,0.1559457315493431,4,-1
s030,-3.158830463281953,5.141776332672293,-0.6703131224533044,4,24
s030,-3.3800307212119653,5.219764541552222,0.9550142656632589,4,-1
s030,-3.6866105268856604,5.1621036956536015,-0.022826280511460184,4,-1
s030,-3.5486223335644884,5.409442130483395,-0.47108188199074685,4,-1
s030,-2.593749795695723,4.2024284768044895,0.6157890825951576,4,-1
s030,-3.838247674889758,5.484344420960666,-0.09686270767366494,4,24
s030,-3.7988704676775775,5.788123182112537,-0.07449236874688103,4,-1
s030,-3.2211682229595153,4.864590756036371,0.12948072722955514,4,24
s030,-2.914899297362603,4.680237209762674,-0.44361944685037635,4,-1
s030,-3.023138558378496,3.7144900190358734,-0.16867369510201677,41,3
s030,-3.267796804630567,3.261188838990171,0.2720821012230149,41,3
s030,-2.310919855230172,3.229886458737069,1.8612575043448711,41,-1
s030,-3.940130940074977,3.51742158333351,0.5663957874764175,41,3
s030,-2.195211045730451,3.159213281740495,1.273988317098371,41,-1
s031,1.0020412349772065,0.2682095898599997,0.7328827951338026,0,-1
s031,1.2427581057120192,-0.34883750210210074,1.8446973042609063,52,-1
s031,1.0784835080811046,-0.7746046274282654,1.124014618958494,52,-1
s031,0.8151274294044759,0.17224766987028162,0.7484965589851483,35,-1
s031,0.9043065720360647,-0.6889730471514265,0.6812296024791922,0,-1
s031,0.3997833483757422,-2.164912948785666,-0.30774609434514927,11,-1
s031,2.4664485795255575,-0.5192005729643699,3.1743578645534254,36,-1
s031,1.2945813639338257,-0.6418934253453936,1.2728662435111857,52,-1
s031,1.405637343982691,-1.070545797622309,2.010191053205011,52,-1
s031,1.7315790636334443,-1.0883358229994864,2.0169955052649504,52,-1
s031,1.9532289031111465,-1.969167994588476,0.6395157127374425,52,-1
s031,1.7634484397381007,-1.0447696529202355,1.3253760915853956,38,-1
s031,0.6727003065006902,-2.3107681779316893,0.5468586748619546,11,-1
s031,0.9065229999506417,-1.6112357326102904,0.2765562142613361,11,-1
s031,3.591230363396168,-0.7084554007562863,3.872500133287334,18,-1
s031,1.505289964710609,-2.850003163103705,0.2683466996822104,11,1
s031,0.14800474110104386,-1.0755884819226866,-0.33981358038841364,44,-1
s031,-0.08812609423074727,-1.2220187699399303,0.34161690354323404,44,-1
s031,-0.4501104883957585,-2.0368523163504113,-0.103604061452504,2,1
s031,-0.047076657220628405,-0.8484639908141008,-0.25798882595332184,44,-1
s031,1.1216071510662389,-3.1458203285863537,0.5580137523694128,11,1
s031,1.8106662932169553,-1.4716807972695762,0.12693449573196997,40,-1
s031,0.021086391006869345,-2.0283517138975204,0.9808769512386383,2,-1
s031,1.3119372546242374,-0.7734196096385154,1.1642977517536912,40,-1
s031,1.9030725860111224,-1.311924812130647,1.0545486845298477,52,-1
s031,1.4298899662542321,-1.088584951324658,1.287431316641784,52,-1
s031,6.630960303529666,0.8802791053741581,0.9446467118041465,32,-1
s031,0.23914077621209265,-3.005216088703017,-0.4700495347109595,55,1
s031,2.949563639891814,-0.3952395554819463,3.8369913573101457,37,-1
s031,0.3933008375966621,-3.180770062936129,-0.04006879042364833,55,1
s031,0.3527710624189894,-2.3956010982843177,-0.05047967275968848,2,1
s031,0.11390882322135856,-1.5259629551819633,-0.8623778615443565,2,1
s031,1.0468311316077838,-1.5502378884413766,2.2061992763392704,11,-1
s031,0.14906544927158813,-2.3182504596308537,0.3805257261768082,55,1
s031,2.4642179254135197,-1.0745443930500878,2.6414572012337354,52,-1
s031,1.6727944249254292,-1.7724033864844777,1.7348549754367677,11,-1
s031,0.3541980636361509,-3.0590320918443736,-0.4076889117187271,55,1
s031,0.16026876361469378,-1.783262465173308,0.89976923776469,11,-1
s031,0.5673661760295458,-1.558572138946302,0.6820987626482883,11,-1
s031,0.49920886337044007,-1.4156511671687,0.2564036898574382,2,-1
s031,-0.07953960300160623,-2.3010810364990872,-0.04841213961906183,11,-1
s031,-0.11518802658983489,-2.020872661710338,0.6708861261784536,11,-1
s031,0.3117250151109269,-1.449390822282944,0.7534164042880096,11,-1
s031,-0.3059928510347962,0.39903490819276477,-0.20424569532631343,44,-1
s031,0.4454697717155433,-0.4978028547125088,1.1025430808545682,44,-1
s031,6.9733636248551605,2.758987971711888,9.827601623452141,18,-1
s031,0.16178074379749519,-0.8746402685132272,-0.5124376634518676,44,-1
s031,-0.05144279704367478,-2.4990245369730073,-0.26015878671270376,55,1
s031,0.8101487795225705,-1.513862815829112,0.9627400164209854,2,-1
s031,0.47176820151335014,-0.7449132692121458,1.6617130475787032,35,-1
s031,-0.1642098308144885,2.02174632679519,-0.05447064441065504,35,-1
s031,-0.3948993367311695,-1.1674747293068406,0.17875580196821614,44,-1
s031,0.1135956941849797,-0.8026364005441784,0.49305141753381854,35,-1
s031,0.771895684387541,-0.4099223643151678,0.5845216531247328,35,-1
s031,0.37721364785693395,-0.9855427711265651,0.5916579705303809,44,-1
s031,-0.1740788990619609,-0.5361825593416812,1.038339490547597,35,26
s031,-0.014960929736096154,0.030387913714728588,2.0812029628787787,35,-1
s031,-0.1773677887172025,0.32205866017308493,1.7039422524027787,35,-1
s031,2.115303129454565,0.9537195975758221,1.536361902037686,52,-1
s031,-0.4395784604325719,-1.1959673550909622,0.8719820575753225,44,1
s031,-0.909076462176097,-0.481121331199047,0.679487031122942,44,-1
s031,-0.5685432566917449,-1.365766738802136,0.41695345163008346,35,-1
s031,-1.4256020610996702,0.41798624202393286,0.9388311423045519,35,1
s031,1.13570397833833,3.530465830406993,-1.6223747915825184,42,-1
s031,-1.057415400578892,-1.6808788945922153,-0.27830009928080524,44,1
s031,1.05081023735805,1.953026891599124,2.866177258935153,35,-1
s031,-0.7322252766877289,1.719751761540882,-0.48093372246628874,9,-1
s031,-2.2591082232142363,0.5141777549626587,-0.10157285343929394,9,27
s031,-1.0015754530826328,-0.13426230185802207,1.0599732460855635,35,-1
s031,-1.6032372064777713,0.7996459325951719,0.19610048110581377,9,27
s031,-1.3899200786307415,-0.03280647568991974,0.29535336279268315,9,27
s031,-0.4733382088727606,0.7273788437825929,0.7845409313943786,35,-1
s031,-0.20099646212477695,0.9947950074705817,2.4029740900416168,14,-1
s031,-1.039458532923954,0.9077888098803016,0.3599756668536739,37,-1
s031,0.41143683807978926,1.5723628469693884,-1.5644847215523023,6,-1
s031,1.28731194124044,2.1069639294521343,0.9019751060765703,35,-1
s031,-1.4604191873495815,0.538068178143791,0.9648271856429257,35,-1
s031,-1.554169445154504,-0.745632414988281,-0.12831176298829067,44,1
s031,-0.7288755576182627,1.1596858192419517,1.5016609782357282,35,-1
s031,1.406567029731876,1.592069001979888,-1.006457727103053,47,-1
s031,1.9426946518670491,2.8081406179660693,2.770842885156044,45,-1
s031,-1.525322603685217,-0.6751101556051986,-0.21463682607930118,9,1
s031,-0.7990941352919183,-0.7299408165003598,-0.986168859235334,6,-1
s031,-0.8359410549278077,0.013100715938006817,0.9207172501745937,9,28
s031,-1.420129777664351,1.515060659540872,0.5060451925519593,27,-1
s031,-1.4982689918913843,0.8751904436104461,-0.6594117497419736,9,-1
s031,-1.869931225773746,1.0463674895061292,0.1759759803331971,9,27
s031,0.06035591525576493,1.2709245062255285,2.0981166056499747,35,-1
s031,-0.7710161790318758,1.3248407121367365,1.8295379399278109,45,-1
s031,0.13360166314975755,2.491091007653321,2.2334359183602666,6,-1
s031,-2.0027044001974565,0.6603423846054237,0.05818638432574448,9,1
s031,-1.4094914525669806,1.3540401430177447,0.17456895973280395,27,-1
s031,-1.0603012905699016,-0.630160556036237,0.3827472832769123,44,-1
s031,-0.6247246649825046,1.43263752616524,0.9562508629944989,9,-1
s031,-1.3666418515662668,-0.9276099070431802,-0.17135891615852253,44,1
s031,-0.32658120187457484,-1.1685858994537472,0.5889135706068247,35,-1
s031,-0.09317429136914024,-0.6976714933137844,1.3029537292891056,35,-1
s031,-0.31253216810452805,-1.1092585391153231,0.449238049399873,44,1
s031,-0.8308809771606727,-1.0846607852376347,0.011983147879765677,44,1
s031,1.2350462319844184,-1.095888549061373,0.9959792204541437,52,-1
s031,-0.5982677473515673,-1.328053369224465,0.09299254596180985,6,1
s031,-0.05954633313227489,0.2534476658500757,1.1196252038357184,14,-1
s031,0.02359485276796706,-0.6805961225361937,-0.2304308879264197,44,-1
s031,-0.6553168812824193,-1.2866787730076548,-0.22918965914809603,44,1
s031,-0.8700834959138384,-1.059868041847502,0.43523058343723703,9,1
s031,-0.21049788047685966,-0.9542246673819823,1.1725981798034661,35,26
s031,-0.26034088563476415,-2.518767797629021,-0.28446715988414917,55,-1
s031,-0.07699749233936946,-1.7378699922555219,-0.8152520745401807,55,-1
s031,-0.11076229460818539,-1.4092356907059453,0.3717502174519504,44,-1
s031,-0.7308987440947696,-1.8355543483589933,-0.33336395706775324,44,1
s031,-0.39121005107689855,0.12416190214121373,0.936455096323304,9,-1
s031,-0.0933845442021233,0.47582367034118095,1.0116856107504446,44,-1
s031,-1.7753266554722442,-0.4215377508658556,0.09148157066130118,9,1
s031,1.6231204404335073,-1.033194893731363,2.5306894906572377,36,-1
s031,-1.251680411610671,-1.0369843821260203,-0.11693660580779103,9,1
s031,-0.46924940487083094,-1.4651205683848953,-0.27577109286425516,55,-1
s031,-1.3108045942757867,0.2950504231074748,-0.053543858014359354,9,1
s031,-0.6707390024480225,-0.01939837300502594,-0.5184458346983375,6,-1
s031,-1.6998407674575735,-0.005661674921304481,0.29692277212042156,9,-1
s031,-0.059539294795245695,0.7431249737891699,-2.597094488799006,16,-1
s031,0.3830856397248319,-0.515208637397684,-0.8533298975038455,42,-1
s031,-0.44142144390504345,0.5675402127668281,-1.4752633201626144,47,-1
s031,-0.8201182698019779,0.6161976701319225,-0.043781197573624905,0,-1
s031,0.30640686385430477,1.0941535253613779,0.38622375447353385,32,-1
s031,-0.5632258602019558,-0.02757055736481118,-0.9673234311137305,6,-1
s031,-1.429382255335965,0.24259368510240772,-0.3683742357267313,6,-1
s031,-1.3055044379790823,0.3192250412463138,-0.8198157041134888,44,-1
s031,-0.8093387751874832,0.5316818878436822,-0.25056608739002356,44,-1
s031,-1.3943084707790687,-0.7812654346169188,-0.5497728440312705,44,1
s031,-0.48138039945262456,0.7519302596536795,-0.2825936112875438,6,-1
s031,-1.1710881929706884,-0.7759864977081188,-0.6122811582542403,44,1
s031,-0.7142820629783443,1.178010602391385,-1.0482652168512634,9,-1
s031,-1.2138992309259127,-0.10984400391497114,-0.5743822592801988,9,1
s031,-1.107322855295186,0.06753923632010218,-0.36638833574810514,44,1
s031,-1.1041798826074833,-0.3347153599430551,-0.20361516404169475,44,1
s031,-2.0100777559765715,1.9117005223740549,0.6342596003627323,49,-1
s031,-1.227225880091843,0.32605674514614275,-0.8733314092308223,9,1
s031,-0.5399506937663631,-0.35839804871577874,0.8359916779258707,35,26
s031,-1.0995645590321501,-0.9156384371792256,-0.7458809458886277,44,1
s031,-0.19502418664140359,-1.8121385417549618,0.6347127692446288,11,-1
s031,0.5370593066801836,-1.065777402107657,1.3350816327629884,52,-1
s031,0.5567384264503721,-0.22141685360558083,2.8754149143658934,44,-1
s031,-1.0256335079761987,0.18801622025909792,1.0303071154170875,35,-1
s031,-1.2168848564185586,0.046923988092143556,0.3636041969701966,9,1
s031,-0.8274552081928414,0.09509479586366944,0.8500313169595972,44,28
s031,-0.6991480517554901,-0.5740836327939316,0.6143684764388416,44,1
s031,-0.7569874907210634,2.170581718560427,0.0395463817767614,49,-1
s031,-0.4145180866458136,-1.2079054143637398,0.7526160562811226,44,-1
s031,-0.5197890945060509,-1.374378747903149,0.5073139592718121,44,1
s031,0.3144229232236699,0.018883709390461842,2.0950740779153803,52,-1
s031,-1.667321473415181,-1.0391610962213662,0.048610861061501164,9,1
s031,-0.8132889345083836,1.3593117712610454,-0.03504416482369723,49,-1
s031,-1.444722996630161,0.18980173833426606,0.01401289307622236,9,-1
s031,-1.5337056526263249,-0.2849301760487119,0.017030412735848,44,1
s031,-0.7206704166771494,-0.26123977393824294,-0.709545410373651,44,-1
s031,-0.2637649658068574,-0.7955052253065319,1.1528975496945986,35,-1
s031,-0.25983968173078664,-0.20220127156862913,-0.10445213755992883,44,-1
s031,-1.4736649868960712,-1.3252989852481123,-0.31593709420602745,9,-1
s031,-0.2947383329947036,1.5657207569395932,1.0106232262938786,44,-1
s031,-1.3011102895341893,0.616631450224414,0.5180635773905328,9,1
s031,-1.277260942581918,0.9724941073811316,0.08672562675480085,9,-1
s031,-1.6910400698705517,-1.1995335295212217,-0.44609124707112247,9,1
s031,-1.2345963225262504,0.9451543186298763,-0.3440474948945828,9,1
s031,-1.9229128193442198,0.6575396785055881,0.5594306949222009,9,27
s031,0.45795758691067096,0.09555480960635393,2.468521887199221,52,-1
s031,-1.2323537955028772,-0.6247468982843372,0.24069424162812214,44,1
s031,-0.511499551127835,-0.9093768319585745,0.8330308246901782,44,-1
s031,0.48241757978127997,-0.682985788178885,1.8207396493493482,35,-1
s031,-0.4783251971756951,-1.2850542945334233,0.02199927589901042,44,1
s031,0.21113792292965672,-0.9083900033838328,-0.6616083049342429,40,-1
s031,-0.013701588809646422,-1.1300430505633512,-0.0964047864812185,44,1
s031,-0.18954782227570333,-0.8120145970857059,0.07164626273113671,44,1
s031,-0.5808835274271603,-1.0670655411738037,-0.27599378078023923,44,1
s031,2.066071516557229,-0.037018359103789464,0.2924713481211435,52,-1
s031,-1.706502522005985,-0.29037243568811777,-0.013920384368287578,44,-1
s031,-0.9654676700737882,-0.7418668124761497,0.1619702028320553,44,1
s031,-0.7654896237354446,-1.1429140481682185,0.2592939331092765,44,1
s031,0.10836893662439803,-1.0505015896892522,1.4751901184934728,44,-1
s031,-1.3267225990855016,-0.6360624799269472,0.3117173529633982,9,1
s031,-0.6792268210509154,-1.1861422223421647,0.10380354578745686,44,1
s031,-0.3086640188746842,-0.5295173251736944,-0.6117875022960089,6,-1
s031,3.4061415367494967,-0.09776948804041727,-0.603031082339844,42,-1
s031,-0.9355481427143706,-2.231000018475206,-0.40271126903311055,55,1
s031,2.4136905024640196,1.1924214364393395,5.5768578573029535,45,-1
s031,0.1667263859371358,0.7817669956630613,-0.6215291310573456,35,-1
s031,-1.5759493992740365,-0.30111990506238123,0.25966297736290583,9,1
s031,-1.3607517085602197,-0.5640954541635829,-0.023680557584601473,44,1
s031,-1.9265934849280442,0.7741824596694136,-0.5664725105085361,9,-1
s031,-1.242883325838272,0.08492009615942918,0.4112636188034202,9,28
s031,-0.6691675642594891,-0.6223228322297519,0.17026997270493557,44,1
s031,-1.7486027296126232,-0.35433737787323216,-0.10724624690202081,44,1
s031,-0.9959619583659267,0.1440946405849179,-0.9234476244955662,9,-1
s031,1.190897707629742,0.3643594130324682,1.1898552715396464,52,-1
s031,-1.3535035782731533,-0.8706323625301589,-0.133650576514291,44,1
s031,-0.9865236523299211,-0.5782794607412972,0.6217197583347227,35,-1
s031,-1.7574825114998267,0.4646860839217986,0.5617192003858406,9,-1
s031,-1.4066821065138189,-0.05678741036566766,-0.11899049120010119,9,-1
s031,-0.6279840053780252,-0.5569083014826656,-0.15090168855848377,44,1
s031,-0.7774517407431312,0.6830212360071855,0.9624245736160785,35,-1
s031,-1.2571086164319205,-1.1120355361001195,0.015820119826954842,44,1
s031,-1.6330454187204473,-0.32047801767007705,-0.5926715472320749,9,-1
s031,-1.1280697290433432,1.2115733607330772,-0.146072301777793,9,-1
s031,1.2861141068788642,2.4320469258253787,5.215677881871264,18,-1
s031,-0.03725677523282727,0.3161190520532171,3.2409606312126007,35,-1
s031,0.03343086523513045,1.4811439285977073,2.381169652221391,37,-1
s031,-0.8623172734913646,-0.4921653251182813,-0.49953167905273066,44,-1
s031,-2.2841106391752857,1.8509619944228513,-0.0844476794526689,27,-1
s031,-1.4186080752445402,0.04206545995333598,-0.4447209925189971,44,-1
s031,-0.8207032823605122,1.3977368271426056,-0.7387957135200078,27,-1
s031,-1.2272665295754681,0.3233138842837175,0.474183320544972,9,1
s031,-1.9689267401931942,1.0916156866346194,0.46659311880756243,27,-1
s031,-1.2195569977189444,1.006963933508732,-0.10971185716007165,9,-1
s031,0.12108267588432663,0.23212416508650519,1.498326782845507,35,-1
s031,-0.5655855273917144,-1.0993019745081947,0.2617545072009715,44,-1
s031,-0.642621695599314,-1.7888256682648684,0.07495872571408656,44,1
s031,-1.0334662964935468,-0.03006162025271216,0.15247009446669302,44,28
s031,-0.18393726376328678,-1.3119247469611397,0.25514317198064557,44,1
s031,-0.8732536217144502,-1.188923185350015,-0.01076430572158739,44,1
s031,-1.2379356548213973,-1.1696778593049082,0.2886865895406209,44,1
s031,0.6930717928631326,0.6661806795927459,-1.8224220636730049,44,-1
s031,-0.28013488795801095,-1.01316121179081,0.7280708343494215,44,1
s031,-1.0522613595134442,-1.2970578475107182,-0.05553244443164555,44,1
s031,-1.1673374650185484,-1.2587604575695903,0.22233652387039088,44,1
s031,-1.3852508589934243,-0.5570332621073925,0.03720735684080558,44,1
s031,-1.0399211823812922,-1.8396292770617213,-0.0782036420847014,44,1
s031,-1.7481948004436356,-0.9711090630832832,-0.012219965951010619,9,1
s031,-1.0526367621143469,-1.2684921216620502,0.032671790519193125,44,1
s031,-0.8308769755319675,-0.5989232604934042,-0.24400273116420534,44,-1
s031,-1.9642155091272426,-0.4936727361624854,0.35357328576093067,9,-1
s031,-0.5402114265358691,-2.1529112319628165,-0.23049857025769874,55,-1
s031,-0.40330498372624624,-1.3553491655095116,1.4677008520293346,44,-1
s031,-0.6409805128770071,-1.5524596930763874,-0.483342669675397,53,1
s031,-1.5124403715737174,0.14747406588327075,0.773015658346619,9,-1
s031,0.5914080153859981,0.14374910249700534,2.152904481096787,52,-1
s031,-1.9016236379264007,-0.08804899696037867,0.7691328445336553,9,1
s031,-1.8813939091940508,-0.713456471163765,0.1285385219994382,9,1
s031,-1.1506592980493104,0.061051335298916494,0.8306360610199527,9,-1
s031,-2.1152435089354107,0.032638911365860286,-0.3575590266819702,9,-1
s031,2.322263183500606,1.497099901162404,9.52094964480532,18,-1
s031,-2.0773687987441654,0.45162520487753616,0.10396310478846513,9,-1
s031,-0.9776973959046554,1.2681413144801228,2.8991334866584935,45,-1
s031,-0.3763837551222723,1.5471574800937355,0.31638944656930135,44,-1
s031,-2.3102819115985462,-0.28339371560140547,-0.19080656997957807,9,-1
s031,-2.0820726922634267,-0.19417291333059994,0.17054323935129762,9,1
s031,-2.484253248489467,0.7923638201272974,0.4893398981927751,9,27
s031,1.034690059593324,0.4530644024303091,4.009005650508029,45,-1
s031,-2.01490630607494,-0.49161303412906,0.33683263015164727,9,1
s031,0.44454677969807754,1.896402400522219,-1.5990463337325813,32,-1
s031,-0.17171991493336766,-1.0417215267799695,1.6137140529863505,35,-1
s031,-0.31327506390581916,-1.737841063507348,0.11101496342624047,55,-1
s031,-0.9186203774652659,-0.7332245899682476,0.09932169534237928,44,1
s031,-1.8579274063704796,1.11709195462057,-0.1732867578279665,9,-1
s031,-1.5065044652085828,1.1784207242989764,-0.04157375934504348,9,-1
s031,-0.7512019773425359,0.9118022603736852,-0.612654139854259,44,-1
s031,-1.2937084312963694,1.3680618381424192,0.02415245339160834,6,-1
s031,-3.057696632302107,0.8424601649896003,-0.1735483022146769,27,-1
s031,-2.250803366238484,0.6655611464752306,-0.3833311976733339,0,-1
s031,-2.3983732988270203,1.591692695252024,0.28880659274214426,27,-1
s031,-2.4970174615531744,0.3429445526884387,0.1044999634104861,9,1
s031,-2.126896992190872,1.410737237029087,0.5213111083438324,27,-1
s031,-0.7111093529577034,0.9481212171824762,-0.6499901152061324,44,-1
s031,-2.041649739487182,-0.9732172222601239,0.023850693322939397,9,-1
s031,-0.5293327177973259,1.2007015764469455,-0.21520007588675477,42,-1
s031,-1.3173612032381679,1.1358899387751278,1.9149377565565744,35,-1
s031,-0.9840091469422859,0.43218827314664465,1.9343261045838784,37,-1
s031,-1.807812219368163,1.652143542721685,-0.28280711090745686,9,-1
s031,-2.334556781842986,-0.5567416567368798,-0.16089967542820785,9,-1
s031,-3.288062881118954,0.7996319396063877,0.3379606218726038,27,1
s031,-1.8711766207867948,1.2228237886233921,0.35694328296777783,35,-1
s031,-0.7443913118443458,2.739912889138633,4.358153201706239,45,-1
s031,-0.01427676912177642,2.8782381799134593,1.652624330599978,27,-1
s031,-2.141002633041299,0.9882361402251876,1.5175089390485048,35,-1
s031,-2.9281004054598094,0.24656444636749003,0.393817007195315,9,1
s031,-2.9321406140261517,0.3543563378737504,0.4020812336973558,9,1
s031,-2.3320314911530833,0.3939042009362727,0.1479436016240458,9,1
s031,-2.7880469820006315,1.4622016642932583,-0.21899581941219423,27,-1
s031,-1.3283278541772032,1.0818254094266464,0.6740675738559173,9,-1
s031,-1.9222094754470873,0.6479397904788314,0.10428509283504873,9,-1
s031,-1.877904553490136,0.35208656706042,-0.12052416628708013,27,-1
s031,-2.3013759576733013,-0.9566224308440564,0.23539589293077912,9,1
s031,-3.180569751458167,0.47420016956863015,0.30487451143501554,9,-1
s031,-3.4170800161833874,1.2070641567013969,-0.16745486973949358,27,-1
s031,-1.3541041961282954,0.17726814306950334,0.5649156673697585,44,-1
s031,-2.20807861553023,-0.8830639523402442,0.389058905589428,9,1
s031,-1.0517757977794164,0.6446948662750452,-0.5541372994308194,44,-1
s031,-2.556277999606684,0.7179289390235511,0.7930024499370382,27,-1
s031,-1.795691718558432,-0.36994248257109,0.33606032571369754,9,-1
s031,-1.391644525565158,0.6912581994375909,-1.011087550797097,9,-1
s031,-3.283603544670174,0.2959887188645301,0.1579041643095777,27,-1
s031,1.5141164499878519,3.0269491727525426,2.30349724794916,37,-1
s032,1.835472816107676,2.879206643230556,0.1513090820058339,42,-1
s032,1.5429224554021845,2.821795135223981,-1.5276334062632082,42,-1
s032,-0.12838762789510755,-0.1232814272894144,0.0895481926139357,44,-1
s032,-0.843040859489933,0.7108972425191226,0.6065820818296814,35,-1
s032,-1.0902605670163135,0.033420431023898016,0.8658398683197458,9,-1
s032,-1.116147947364732,0.07979796854864155,-0.977459576824191,12,-1
s032,-0.399485344396053,-0.48560386942845035,0.8169907646134931,35,-1
s032,0.03558702738128636,0.09170904684713048,0.4695911794462536,35,-1
s032,-1.1739269364379252,-0.509844760543546,0.4681018672948294,9,-1
s032,3.2852019219474795,0.6744589492172535,1.149844995185821,52,-1
s032,-0.9169582664103361,-1.0362808652353945,0.8739419135708526,35,-1
s032,-1.4343100578984533,-1.3214306487915544,0.17020979121970883,53,1
s032,-0.6395815610954133,-1.3995622591887058,0.49260392689270016,55,-1
s032,-0.7808935091854534,-0.5155284886187141,-0.5595063098098866,9,-1
s032,1.166561317182771,-0.6048722601583971,1.3522114907854879,52,-1
s032,-1.0219419925640645,-1.1290216668031514,0.3670330940546076,9,1
s032,-0.8660562466486572,-1.7718375010966432,-0.10565118435968351,55,-1
s032,-0.8200250429165363,-0.9281966888207058,1.1558504223299066,35,-1
s032,-1.320327425008676,-1.931636980627535,-0.5104615664782609,53,1
s032,-0.38193271755562447,-1.7874240600683828,0.5066604343346394,55,-1
s032,-1.1049625157876575,-1.5632667801128934,-0.1972875418644056,53,1
s032,-1.6335243810421087,-1.5345199877856786,-0.19332436857141058,53,1
s032,-1.2844668591117037,-0.7456756474002174,-0.04367021289358776,53,-1
s032,-1.387666784147586,-0.9891587961958183,0.19115003367860842,53,-1
s032,-1.467344442645842,-1.4444088379854632,-0.16775300209933638,53,1
s032,-1.2615546270585842,-0.9317113940976255,-0.37403416910042825,12,1
s032,0.6473395000684037,-0.5858386825572305,-1.4488091374018537,47,-1
s032,-1.7960160877258027,-0.04056378811696101,0.5510350738811111,9,1
s032,-1.5098324534986673,-0.57415523747069,-0.38129415721912896,9,-1
s032,-1.7989657352571669,-0.816179804230855,-0.11870614803866016,12,1
s032,-1.4502699010776132,-0.25301515244860734,0.9588766871183518,9,-1
s032,-1.9630976016397987,-1.2246740046032614,0.08036020844884573,9,-1
s032,-0.9508306351208515,-1.8740155341334699,-0.4715518271865858,55,1
s032,-0.9953531077079318,-1.3993685794734643,0.9881656084454451,55,-1
s032,-1.698936308824424,-2.365827291121886,0.03034415047183689,55,1
s032,-0.6205422945725769,-1.624412776462608,2.4127045045751343,0,-1
s032,-1.558589949214307,-2.1055317304241306,0.33232206689719496,55,1
s032,0.34477354789729175,-1.547563222283871,2.0992900015077347,37,-1
s032,-1.045908744825895,-1.480325082636953,0.10083102433216834,55,1
s032,-1.6722310254376969,-1.9799929776092433,-0.3948266258259181,55,1
s032,-0.6246261176362486,1.1918178856087425,0.6134704196707511,9,-1
s032,0.1557295618038759,-0.21687809881257014,0.7064653558643109,6,-1
s032,-1.7706687139488182,0.350932158382621,0.4080519246480794,9,-1
s032,-1.4658847249448206,1.1715795126892485,1.6191340494667996,35,-1
s032,0.13348659675448732,-1.1035673428867796,0.6989545758746708,52,-1
s032,-1.384255135633775,-0.8484048731037426,0.339038659479608,9,1
s032,-1.4913677606775537,-1.2483480953612238,0.25982643971937786,44,1
s032,-0.4997468590224445,0.5023534850380627,1.4511401929295868,35,-1
s032,-1.7028625430384001,-1.4276633503742509,0.9615534618388685,53,-1
s032,-1.7519470853848922,-0.9906544014479558,0.5502133473544459,12,1
s032,-2.1634253151619873,-0.054406256675027825,0.1228011510260894,12,-1
s032,-2.5425927695699126,0.560830056357238,-0.5414345467536216,1,-1
s032,-2.0319741664028443,-0.2135813800010465,-0.17083936266249863,9,-1
s032,-1.5527929828578098,-0.27644677082698926,1.3992513206562713,14,-1
s032,-2.7841404495382975,0.2734933670503227,0.17855413715799132,12,-1
s032,-1.9965209878250287,-0.39327862105881245,0.706190239734732,12,-1
s032,-2.226997017930496,-0.8602168221925218,0.3894647972788187,9,1
s032,-0.8009137231116688,-1.2808076578933956,0.677005483385183,44,-1
s032,0.515901149996017,0.4823081596652734,-1.5922842962345407,40,-1
s032,-2.1856141511991822,0.43349906330946586,0.4543408843633324,12,-1
s032,-2.161312124239934,-0.20739359539126564,-0.7125964574725618,1,-1
s032,-1.527240342891732,-0.7389452223944215,0.3928724654862966,6,-1
s032,-2.2147252295882507,0.33809068261239705,-0.5049943604122596,12,-1
s032,-1.916624165983887,0.309421463508732,0.24081843949289958,6,-1
s032,-2.599706206785735,0.08226796368926664,-0.001808493383054897,9,1
s032,-1.1404611695623372,-1.7340548630541541,0.403953150441321,55,1
s032,-1.8208820511728498,-0.4857527079866542,0.32615418747710423,1,-1
s032,-1.5009154893991823,-1.5752835664639202,0.013121607610002264,55,1
s032,-0.9093273222122092,-1.193425019202883,0.017551903989820126,6,1
s032,-1.9232683984764158,-1.196141623365092,0.21343996931550133,12,1
s032,-1.821058556537057,-1.0495926257844908,-0.026981156225706186,9,1
s032,-0.21524102224143088,-0.7632972436140807,0.6786466147041825,44,-1
s032,-2.327609481279758,-1.197261435583564,0.06927367530908345,12,1
s032,-2.2208761832478876,-0.718997512296758,0.1052337505547662,9,1
s032,-2.4947291920727834,0.5387611748619039,0.5624981948666258,12,-1
s032,-1.8625221694006233,0.8255110768338829,1.0291394893519443,35,-1
s032,-1.0819152031279362,-0.10040194722181224,0.45755748426537896,9,-1
s032,-0.9008234178259749,-0.7706917548979446,0.2569465997388031,9,-1
s032,-1.0945020512529589,-0.10200344195374463,-0.6479850158473053,47,-1
s032,-2.6888656128179695,-0.8125132382989046,-0.2521535385152475,12,1
s032,-2.2108320411744025,0.1237869153090749,1.0056873333817768,35,-1
s032,-1.5193552307124734,-1.2823492665645237,0.03250405866263208,9,-1
s032,-2.3689322706611486,-0.6786544027316255,-0.07433664934241763,9,1
s032,-1.0095607768426358,-0.24055614962508207,0.1469675434494332,37,-1
s032,-2.4223444258297495,-0.730282481484267,0.17063802354256485,12,1
s032,-1.5949209435831997,-2.1244372315905102,0.24406405606147752,55,1
s032,-1.9825461661214892,-1.5400980386632104,0.001685351165263005,53,1
s032,-2.154063599438418,-0.8451728923011469,0.4640841000935811,12,-1
s032,-1.5347638513909994,0.07225991648484074,-0.7710971814813377,9,-1
s032,-2.447336222358359,-1.0083836247792886,0.16272962198678334,12,1
s032,-0.7059559716273403,0.9906806097365743,-0.007985186144235552,6,-1
s032,-2.6744542263481517,-0.6195448041966936,0.10551686759645072,12,1
s032,-1.374050105135376,0.4465842729385507,-1.50604909877934,50,-1
s032,0.795769436243308,2.818740821903899,-3.9678493562277546,30,-1
s032,-0.022473731491164196,1.2647790633283238,-3.0589461034203707,47,-1
s032,-0.9379799692798836,-0.3286473284595728,-1.3296116143503949,47,-1
s032,-2.3654798233663135,-0.3678995304746641,0.2745727991727992,12,1
s032,-1.6691825253508907,0.19179877418892122,-1.4951307532702758,47,-1
s032,0.18209072244994592,1.2891485006609698,-2.1035966341553576,47,-1
s032,-3.09304299935706,0.15118045329091143,-0.2858167347420904,12,1
s032,-1.0758820772146909,0.05230305257979123,-1.6216961626351383,47,-1
s032,-2.3265632140368946,-0.9803493595261376,-0.6524112841858896,9,1
s032,-3.2649869750965195,0.05946256498214582,-0.05755452960313158,12,1
s032,-3.0278059851864314,0.5787513929609992,0.12543858417607523,12,1
s032,-3.0609829950733722,1.140375334959697,0.8719598597516401,27,-1
s032,-1.7635621342089371,1.3855471689847405,-1.1060873138557015,12,-1
s032,-2.4070811330827535,1.2286740018684583,0.8555706575235719,9,-1
s032,-3.3021396672771304,2.8771477562904506,-0.041283336371999955,49,-1
s032,-0.7276521899083823,2.085361993260336,-0.38825365212899227,32,-1
s032,-3.1332645383125026,1.489982782063896,0.6351766928511686,41,-1
s032,-2.7613220238703344,2.65717525226862,-0.6534530063518172,27,-1
s032,-3.2170216232523945,2.377710505795702,0.6999343664516069,27,-1
s032,-0.8993922451591292,-0.29350154230630676,0.674101555920902,37,-1
s032,-3.0240917277049197,1.1462928348919068,0.058602411231203,41,-1
s032,-1.5798551337357294,0.880079892079496,-1.183477242517383,12,-1
s032,-2.744113875078511,1.0819152548589213,-0.08455567915387308,12,-1
s032,-1.5848436957846561,2.9754715616965477,-1.1961263746990192,32,-1
s032,1.7434826327828838,3.2115806762660157,-2.0448671942015806,16,-1
s032,1.1252543227308787,0.9465892175762761,-0.44341201463178614,31,-1
s032,2.1714823124506215,0.9936009556469679,0.9640835879667063,52,-1
s032,-1.4360733442479676,1.3367079586987174,0.5427023049210595,41,-1
s032,-3.6470214015908478,-0.14244529505482265,-0.304141305803304,1,-1
s032,-3.4580080347850584,0.2651565013364639,-0.5399392440180095,12,-1
s032,-2.750415462683558,1.7844574652598515,-1.3085937973934465,41,-1
s032,-3.5865968024408925,2.9781544222508267,-1.0078648311306888,27,-1
s032,-2.7873867698817594,2.663647578463317,0.11064455598435757,41,-1
s032,-2.4728401438573395,2.021742930286408,-0.4631901345097146,27,-1
s033,1.1705488487178093,10.294095798103516,1.2725898373293676,17,-1
s033,-0.988146179325527,8.37306139686477,-0.3482724000780052,17,-1
s033,0.8220259903768072,6.353262040697656,-0.7859328852535723,17,-1
s033,-1.656291841939677,10.078405102214894,-1.2736578993076164,17,-1
s033,5.020465919737756,5.297634104739091,-5.841194642710097,29,-1
s033,-1.6743028261369017,5.750610596404785,-0.36306553754299475,17,-1
s033,1.5238546482098718,5.897946449771626,-1.5300827135152515,17,-1
s033,-0.8339566562878358,6.550306915824232,0.9428742972471618,17,-1
s033,-0.899329053060916,6.172068213879749,-0.6008576228729351,17,-1
s033,-2.1749069068888134,8.23086046394214,-0.692434012701078,17,-1
s033,-0.161704206413956,6.096488259663571,-0.5550223232055956,17,-1
s033,-1.173456546450442,7.537670712764281,0.5151870779845619,17,-1
s033,-1.5556126206691325,5.628521904026558,-1.5325523902435405,17,-1
s033,2.646234722365728,7.70372474172972,-5.504297074376453,30,-1
s033,0.45227472421367965,4.98488855627972,-0.4335560068128549,17,-1
s033,6.501611999035577,7.754671256360379,-0.07143813589576632,56,-1
s033,2.0789203641501373,4.628665130241278,-1.2697519943783169,32,-1
s033,2.604624583527272,8.424821445702397,0.12052957398566064,15,-1
s033,1.6491294339108635,5.446956492643733,-2.152562126580166,32,-1
s033,0.7564843636037898,5.723364430778061,0.1324749050208608,17,-1
s033,-0.5279278794501753,5.002216433388165,-0.052527842390780004,17,-1
s033,-0.3333679806646245,4.080955409693813,-0.5567772474974068,17,-1
s033,-1.0023510953133443,4.303343395180743,0.3901773784619021,17,-1
s033,0.8043142449044723,4.003281174478554,-0.5888840785604882,17,-1
s033,1.210057907817372,6.899233194635249,-2.892991192042164,17,-1
s033,-0.4017403648822562,6.277027453545783,-3.9062613170634304,30,-1
s033,-1.1351030649055358,7.242082801358371,0.1347702649133512,17,-1
s033,-2.6701695747698793,6.686734911479813,-0.7089775235797072,17,-1
s033,-1.0918958619844767,5.059672389952017,0.28290893246127774,17,-1
s033,-2.350348380503211,5.915735760908439,-0.32315465190209713,17,-1
s033,2.585826138963445,7.283459823279697,4.038401422725435,17,-1
s033,-2.6213613230262935,6.344616204578132,-1.8781840133967258,4,-1
s033,-1.188196522770905,4.285665629495533,0.3136953236023676,17,-1
s033,0.23547113635954345,5.0278063612931705,-2.1768540221860824,47,-1
s033,-1.1893452964579077,3.3579715877296445,0.8158222987494044,49,-1
s033,0.9824320545254063,7.4495779605535875,1.8991862714939571,17,-1
s033,-1.3975103722354458,5.608473211359513,0.06742794084093363,17,-1
s033,2.970372210926896,5.896678534255767,-2.775236518197895,30,-1
s033,1.4714030760663834,6.504398451712004,-1.1351228531017783,17,-1
s033,2.40218095177622,4.942673759719169,-1.0047355783431546,17,-1
s033,-2.9272258960112536,6.279962099430568,0.3138854161454325,17,-1
s033,-1.1089801966337611,7.12644307309492,-0.09072193287706734,17,-1
s033,1.3119229873395857,6.676660109323227,-0.06858040539481731,32,-1
s033,2.0012017016377595,4.5572712489774485,-2.4903897982129215,17,-1
s033,0.055149886890647176,2.4912200957851596,-0.6416357390763913,10,-1
s033,1.8775826553666994,4.634932868586563,-3.530958916977061,47,-1
s033,-2.353335015847835,5.425752752431485,-1.6158105632241946,17,-1
s033,-1.9212435877746339,5.2509983931303745,-2.1140970622988458,17,-1
s033,-1.2234461301031634,4.452403471186567,-0.237499621312024,17,-1
s033,0.44225006485113705,4.314570460783584,-2.567609325246168,16,-1
s033,-0.5282805210663842,3.4912248579520573,0.08617958901509522,17,-1
s033,0.19255775954448603,3.9973512045677095,-0.29608892717922747,17,-1
s033,-0.17282878836702112,4.102442792925137,-2.0246963018037745,17,-1
s033,-1.3939680031524564,5.320087577763207,-0.9095668415454677,17,-1
s033,-1.2588128341497469,5.255254542291527,-2.009792742959887,17,-1
s033,0.28895117407160537,2.6915286307839206,-0.27507258607957397,17,-1
s033,-2.013035333511487,4.249940934479975,1.257106320806265,17,-1
s033,-1.9125629760736462,5.4578101135924015,-0.020742952775247882,17,-1
s033,-1.9254379634960355,5.718517341870019,-0.02349457065113174,17,-1
s033,-4.396229793840697,8.151304755117902,0.24411330715215213,17,-1
s033,-3.1556086888103922,6.22198456583676,-0.5723402591791207,17,-1
s033,-1.3360972265471527,6.276720868819523,-0.6948878751658158,17,-1
s033,-0.14629006562176858,6.988947831628145,-1.1926945251906138,17,-1
s033,-2.56760854980251,5.720177894134176,0.7607793858329658,17,-1
s033,-1.876985643057255,5.853129002061279,-0.04657780146504309,17,-1
s033,-2.7048415275929436,6.135994420877192,0.6939339235227002,17,-1
s033,1.744341599341847,6.267953666238989,-0.06945691316219743,32,-1
s033,-1.7102261353769699,4.1056359585632745,0.6958133791880728,17,-1
s033,-4.055223823934338,4.6580010586743255,-0.5275816470871758,41,-1
s033,-0.9956795937360805,6.789897060835705,-0.5697815278130567,17,-1
s033,-3.390210221049283,5.478104636656126,-1.4025042055248227,4,-1
s034,1.051406274368073,-0.4323759730775795,0.05102486954940866,42,-1
s034,-0.1467583002633004,-0.2588656489522509,-0.1087993319572137,35,-1
s034,1.6030491360165422,0.7016277051563461,-1.510708502059725,50,-1
s034,0.9450395812449355,-0.2769206677705982,0.03322848158507839,42,-1
s034,-0.12484576650413844,-0.059697299283676605,0.0307361927028609,35,-1
s034,-1.5339837078272014,-0.4734249758808462,0.424209136675103,35,-1
s034,-1.185058105658626,-0.7206912067564388,1.431912829230006,0,-1
s034,1.7777060424421152,-0.5113685590572362,-0.9495823512293762,47,-1
s034,0.1471693675315818,0.27127688710435705,0.8200623804588578,0,-1
s034,-0.48451486537338656,-0.6994326407999021,1.2322978102257882,35,-1
s034,0.32853269481860264,0.4914679074875134,-0.23928523262448662,42,-1
s034,-0.7404680413081042,-1.1905066652536174,0.9254303396900053,35,-1
s034,-1.2741243126276023,-1.1588799937462935,1.0661533314217264,35,-1
s034,-1.5709049328516107,-1.4614637237578276,0.7598999634399277,0,1
s034,-0.43958015585489085,-2.9925092227132017,0.4334632182054993,55,-1
s034,-1.4182499241848128,-0.7530265677694379,0.8843064244505547,35,-1
s034,-0.9757779688827573,-0.8429652955270545,1.062392008493319,0,-1
s034,-1.1274332744806008,-0.2652947448615683,1.0330412249242626,35,-1
s034,-1.1172560925528334,0.07926520154305942,-0.7855098681242563,47,-1
s034,-1.7000832705115563,-1.5335232959652203,0.32501674686483933,53,-1
s034,-0.8077115720262231,-0.04678810962763742,-1.6120417725549387,50,-1
s034,-1.9120203825559123,-1.094673695703335,0.7595491903778245,0,1
s034,-1.7443088603759542,-0.9161709188792835,0.9920452067540007,0,1
s034,-0.9002724651905887,-0.16567811132049184,0.15246484035311197,44,-1
s034,-2.1579902475060013,0.13782507376781614,0.16994622440146465,9,-1
s034,-2.2940680044571957,-0.6492129469984802,0.9689079771853407,1,-1
s034,-3.0387815372445552,1.1335379315693581,-0.14008014383140624,27,-1
s034,-2.191258640298974,-0.6772872195165277,0.4054089246687938,9,1
s034,-2.1525758443154106,0.12102923799019337,0.5708724561505842,1,-1
s034,-2.872575509185338,-0.10686093965658064,0.20045456168395673,1,1
s034,-2.7541598764650344,-0.35184625908813194,-0.16241443828395505,1,1
s034,-1.6457400248697207,1.5886042508365974,0.4382034952979313,0,-1
s034,-2.6413605356186274,2.630289568225171,-1.3087904852721672,16,-1
s034,-1.4714457799585334,2.1106924423195093,1.1210030899393846,37,-1
s034,0.16389830666441452,1.9217080412675756,-2.5582442074188863,50,-1
s034,-2.900818736009285,0.6734074240323535,-0.2225064124180885,1,-1
s034,-3.8796213313759527,2.898410531351894,-0.4090106353105866,49,-1
s035,7.80745815021141,2.842842727326668,-3.5389240628804783,3,-1
s035,1.6066407995966656,-1.4255791525176327,0.3996376147990552,11,-1
s035,2.8146483969196643,-0.03723402457237171,-0.19962533244543254,8,-1
s035,1.9439687014608407,-1.878095773536327,0.5231179460036287,40,-1
s035,2.785861488637531,-0.5116060913387729,-0.4248976099626372,8,-1
s035,1.669439341370878,-0.3028057246353764,-0.6194522868886829,16,-1
s035,1.1286985812730697,-0.6930374428463039,0.39599194246361324,6,-1
s035,1.9958605175755881,-1.8769132143851208,0.6625075507868933,11,-1
s035,1.6452242055999662,-2.089983326447345,-0.3275707605770477,8,-1
s035,-0.4413966408014933,-1.7066332366447758,0.3211783658380995,55,1
s035,0.8426562424386631,-0.8448650307750386,-1.309388490694151,16,-1
s035,-0.2033539679207641,-1.5495070290147457,0.9157853490833183,44,-1
s035,0.6485786139209191,0.5975999003536264,0.5906945990611967,31,-1
s035,-0.8553644422739012,-0.24571780987776376,0.7852816142391466,6,-1
s035,2.4129611373053628,0.018232064750714157,-1.7438605316110085,54,-1
s035,1.4167213972376869,-1.8765948030398258,-0.17285849064918135,55,-1
s035,-0.666340381703388,-1.7562112157887049,0.2696579425479725,55,1
s035,-0.005816939787530914,-1.0185789938053245,1.4210354063705206,44,-1
s035,0.5674273423297765,-1.9593246724605617,-0.32777350202947303,55,1
s035,1.31571583723652,-0.8862872088518194,-0.7541979245543494,8,-1
s035,0.984639759708487,-1.1114427532808446,0.18802813829003714,44,-1
s035,1.1064099907595895,-0.9144230996730391,-0.8425203788726287,54,-1
s035,1.2463829710679502,-0.5173172336046962,-0.46879901091700915,16,-1
s035,-0.24701023245265363,-1.0034011572587271,-0.6647157211974016,6,-1
s035,1.2186140723643437,-1.3041188585851655,0.39304731105354535,8,-1
s035,0.7084203223623802,-1.2198244324912404,0.43205703182387495,6,-1
s035,-0.6659517754083175,-1.8018277375604903,0.09809471817020451,55,1
s035,2.081020047831359,-0.835272888518125,1.5284628600857788,52,-1
s035,0.6051686931509277,-2.1823112021248723,-0.17913982833830772,55,-1
s035,-0.5291112567779898,-2.483329316856654,0.04030253758763413,55,1
s035,0.7988589249996295,-1.5622894830831864,0.7256461335086244,52,-1
s035,-0.8227054335134258,-1.666689322645814,-0.09312370930744289,55,-1
s035,-0.5129911222979192,-1.8450376572997569,0.093556573376419,55,1
s035,-0.22375958007527047,-2.2502802372806716,0.21722342519399956,55,-1
s035,-0.40143504118624396,-1.0494047425798896,0.6831966665356267,6,-1
s035,-0.3330390563784506,-2.0581364525746895,0.7772604764207355,55,1
s035,1.0090499564606727,-1.4511412154709329,-0.9474595720007883,47,-1
s035,-1.3878232854244832,-1.5277919435548921,0.3599497011438768,55,1
s035,-0.9842272012953276,-1.6561620324599562,0.41466855957810045,55,1
s035,2.02796378595803,-1.300125871284562,-0.6058649759454859,8,-1
s035,-0.8455005272419862,-1.3252263623921765,0.47542078243077573,55,-1
s035,-1.149556709081379,-1.4720645771279617,0.5886276765983726,44,-1
s035,-1.5345201486973423,-1.1525366494301679,0.02355744146764475,53,-1
s035,1.5701019745009683,-1.5904578374519704,-0.8465930891772203,2,-1
s035,1.6836594165013132,-1.3196946687906015,1.2280411110370255,37,-1
s035,0.0873435641173036,-1.5259976858283655,0.6775749018128141,44,-1
s035,0.10663655669909396,-0.37583026488502336,-0.3271493942404551,6,-1
s035,-1.4475382765638782,-0.6882210659167566,0.39592610022262026,9,1
s035,-1.0113919603669745,-1.400665764094711,-0.0781094018636237,55,1
s035,-0.21730563793194888,-2.1101043296298516,-0.08739875428749788,55,-1
s035,-1.2819776551808448,-0.46184380361730576,0.8538165697990308,6,-1
s035,0.7611885559842186,-0.09056995020863899,-1.2986177283230627,16,-1
s035,-0.5055810619918446,-2.0954243902601024,0.18761854370285813,55,1
s035,-0.7832130878621684,-1.8984261630216681,-0.08791552804643607,55,1
s035,-0.3356477851654735,-1.9293663798507714,-0.20324121664267156,55,-1
s035,1.8470365331803136,-0.4731946733128953,3.5996816668366405,37,-1
s035,-0.2693600813943836,-2.3361390610193102,-0.07086993287197176,55,1
s035,-0.16064669668224663,-1.0381369316147513,0.2451131564018107,37,-1
s035,-0.7702349296630692,-1.7264818261166694,0.593256617055139,55,1
s035,-1.3309161467823654,-2.2279652612841647,0.23304424892986084,55,1
s035,-2.5812451078314576,0.34046498082300464,-0.0049357087572605455,1,-1
s035,-1.745427224375468,-0.36847679774504116,0.38128806124892617,9,-1
s035,-1.5227673423750459,-0.388236944728574,0.21699525190784266,1,-1
s035,-2.237150927298101,-0.032746450406307324,-0.013775072535684848,1,-1
s035,-2.6137221429536313,1.3156299357055559,-0.3172548233969437,49,-1
s035,-2.017173647887344,0.14919820831155908,0.07335750825354191,1,-1
s035,-1.619485663121871,-0.37227020485646195,-0.07588672134735007,9,-1
s035,1.1661621125186452,-1.3395581190218608,-0.9162606068247752,47,-1
s035,-0.3235696233898394,-1.3024217593290215,0.17362581400311242,55,-1
s035,-1.5420425202070351,-1.3941744181862725,-0.28335252086116536,1,1
s035,-0.8913603840150529,-1.347099764833249,1.0894878529193808,14,-1
s035,-0.7753925338934157,-1.873877229324317,-0.1095346614168977,55,1
s035,1.8775230724896699,-2.188875482366366,0.49057670286231864,40,-1
s035,-0.27938016395622733,-2.9788115922934715,-0.025636088753980046,55,1
s035,1.494937583550577,-2.401877578504042,2.504226911508486,52,-1
s035,-0.3657070782267767,-3.247970178381213,-0.023217904573648186,55,1
s035,0.6348498443450544,-2.761535464363663,1.4998043303732065,55,-1
s035,-0.5989877339148922,-2.4298931678456857,0.3443001133419502,55,1
s035,-0.3813155286441489,-2.780804573358617,0.04642428664699081,55,1
s035,-0.8436852370994459,-2.190319440645728,-0.06640703634932024,55,1
s035,2.263906187417158,-0.9525456809988573,-2.2511534603059835,16,-1
s035,0.972328718974782,-2.692405876807831,-0.7518342816938434,55,1
s035,0.5380353200139776,-2.695220805316889,-0.8880923853626774,55,1
s035,1.1000380669719638,-3.1483308641786056,0.15745586220232657,11,-1
s035,-0.39282763620741534,-3.5146625101759787,-0.2973292588865008,55,1
s035,1.424505677094908,-2.5160113089213465,-1.6273310843932292,16,29
s035,-0.027144369965245857,-2.3644183722280947,-0.528642295736724,55,1
s035,0.12098834287636269,-3.0620360625155376,-0.8904375853591727,55,1
s035,0.010966462025768951,-3.3702497434146172,-0.4164828670983578,55,1
s035,0.5881912239773843,-2.8945775575821466,1.758150114612033,11,-1
s035,2.010743080080797,-2.179203841293767,-1.7661027744042956,54,-1
s035,-0.5194868075787276,-3.0217778491314564,-0.13389664990828762,55,1
s035,0.05273739999525299,-3.3661763685668187,-0.049809083065135,55,1
s035,-0.35217207473639933,-3.183890441712864,-0.13562626886212534,55,1
s035,1.1312196755424022,-2.4742656561614864,-1.701124016306496,16,-1
s035,-0.4175168209464437,-3.1999319510703312,-0.4290728150851408,55,1
s035,1.2772917784872901,-3.522798200496829,-0.48684115308427295,11,-1
s035,1.0358464527945617,-2.174976474566461,-1.6391919519032985,16,29
s035,-0.42812671578751504,-2.790794172765372,-0.42447260892116245,55,1
s035,0.589842961007269,-2.494251351656223,-1.5038227222867477,55,-1
s035,0.9018575294495101,-3.127700315923118,-0.3292660503536832,55,-1
s035,1.5273372230760907,-2.50277046708162,-1.4751574915389154,47,-1
s035,0.32995278853304044,-2.738879034161721,-0.722177337582159,55,1
s035,0.015762051436591748,-2.7637694273713933,-1.0774963685195416,55,1
s035,0.4019422182536008,-2.620092408999219,-0.636934101370385,55,1
s035,1.7574423139369635,-1.7623915192258248,0.035271417807911,52,-1
s035,-0.5653786487575836,-2.782705443440975,-0.4383083798903654,55,1
s035,0.9370235602188401,-2.5190772178200067,-0.8145866758546868,40,-1
s035,0.16631384372939567,-2.821856551857949,0.23036218983540302,55,1
s035,0.6539470612730148,-2.962393964733726,0.38696062543544746,11,1
s035,-0.7930039288901213,-3.046662549230338,-0.2850994450828132,55,1
s035,-0.7040575405573563,-3.0468728599621193,0.01493671047295406,55,1
s035,0.8941408200432699,-1.8048113485698976,-1.89835201273474,16,29
s035,-0.28316016064500327,-2.910829982255991,-0.39144063887748615,55,1
s035,-0.42415259098167335,-3.009047658942051,0.41768215146594523,55,1
s035,-0.3581371561899771,-2.5181373343101696,-0.16171359257875026,55,1
s035,0.8381030424494726,-0.8090813152122566,-0.7494378708762369,16,-1
s035,-0.8887880297830222,-2.1750603575301866,-0.16378513506033365,55,-1
s035,-0.25051175579461293,0.07832923877159606,-0.7104272442628522,44,-1
s035,-1.1410092120536028,-0.05956065242730779,1.1991527086796292,37,-1
s035,-1.666562278330362,-1.2642039362365265,-0.07942908114262984,53,1
s035,-1.349321164996578,-1.1455456284033005,-0.036339335329570954,12,1
s035,-1.032724870947902,-0.5870544854678105,0.5767733536169435,44,-1
s035,-0.7507514499442814,-1.9676233101978142,-0.337599993671822,55,1
s035,0.9834089668423065,-0.7962096639282712,-2.1064334208693127,16,-1
s035,1.0162062157956449,-0.8685561070138366,-2.1750304604760657,16,-1
s035,-0.7015581090216125,-2.1720078047090805,-0.3206570684929806,55,1
s035,-1.4480546411303234,-1.7367882551751683,0.018636578330336925,55,1
s035,-0.9587306960644165,-0.6483492457024549,-1.0220081131806933,6,-1
s035,-0.8346147864044032,-2.7255909974503947,-0.2697847273671059,55,1
s035,2.064060303627598,-1.1062199079712665,1.6055714965409795,36,-1
s035,0.5611440006766033,-1.2401384238424455,-1.9570493020520985,47,-1
s035,-1.6740509585339385,-1.3918886967345978,-0.35903402809615076,55,1
s035,-1.2311077226661402,-1.9181343346222544,-0.48373291966538756,55,1
s035,-1.11745320948873,-1.505913544677868,0.019810330661100002,55,1
s035,-0.35243863773268896,-1.1586776303667314,-0.33483381090522796,44,-1
s035,0.040056332526156896,-1.7122745614490373,-0.06520830840109292,55,-1
s035,-0.8557159917144044,-2.8155261234665283,0.20561501068373217,55,1
s035,-0.6064514721446667,-2.3065569622502125,0.24582138918605662,55,1
s035,-0.9432526395040274,-2.6661698316653633,-0.16657769344220705,55,1
s035,-0.7138000398223615,-1.6054538349928356,1.072519265728535,55,-1
s035,-1.4743882562558075,-1.7163750735493764,0.4837391195107213,55,1
s035,-1.3727873805964212,-2.383381110333544,0.22012070799759537,55,1
s035,-0.08089138377867812,-1.9307864872071334,-0.043505943474817885,55,-1
s035,0.7506755071810891,-2.260258348117002,0.45527152587813363,55,-1
s035,-0.10749134683048851,-1.1110954873300467,-1.0026167078535497,55,-1
s035,-0.5964209471816919,-1.909871570921504,-0.1060970461419472,55,1
s035,-0.7985282971366869,-2.040160099893751,0.20401776571679536,55,1
s035,1.9733641465484857,0.38979752163974046,-3.090700526431332,50,-1
s035,0.023622345658790112,-2.138954235204003,-0.545166969253577,55,1
s035,-0.07945385948167202,-2.279137613554768,-0.06773860696977035,55,1
s035,-0.45965460926562957,-2.0966461317325593,-0.26160193744241816,55,1
s035,-0.4630025719449391,-2.9034985706549223,0.20516065673510936,55,1
s035,-0.4234148323848993,-2.335203036634134,-0.0581188959764334,55,1
s035,-0.8318788370148651,-1.8029325360633344,-0.00011007186884934059,55,-1
s035,-0.5385400808588079,-2.3990743800031122,-0.21219711783677975,55,1
s035,-1.3691523981103575,-1.678869322654764,-0.0409522985868952,55,1
s035,-0.5185962257499147,-1.8575879933787065,-0.6289470263243967,55,-1
s035,-0.39562634363378085,-1.3904021520183154,0.7117721216759073,37,-1
s035,-1.0565879864206933,-1.6485454921333915,-0.14890671399234,55,1
s035,-1.4949976491640105,-1.5107861258749318,-0.2689079986696772,55,1
s035,-1.2832425595769366,-0.7551328149233849,-0.4307675440187916,6,-1
s035,-0.5200147177982699,-2.3362955403379138,0.28157413243074325,55,-1
s035,-1.4241079183326468,-2.0210044805747027,-0.17464922487293652,55,1
s035,0.14398278186805008,-2.5712017250164028,-0.554802401689277,55,-1
s035,-0.19724063747617035,-1.018563403651028,-0.22183922089171154,55,-1
s035,-0.18083383776964138,-2.2538448451436244,0.0923895356497049,55,-1
s035,-1.1696253250081643,-1.6504499121845073,0.1365630190389058,55,-1
s035,0.9839637135000628,0.6947609470853373,0.2244310930455889,38,-1
s035,-1.1856743685482078,-2.0352509647301447,0.08882855999967454,55,-1
s035,1.5745353519386833,-1.1240211161003826,-3.7242018214838812,50,-1
s035,-0.7325260382344537,-2.289369604016376,-0.5173530431897687,55,1
s035,0.12064687432307575,-2.4736387361402845,-1.450427978608916,55,1
s035,-0.37594063784031423,-2.9837169307712332,-0.5141311915330219,55,1
s035,-0.8192266431203248,-2.4012748632120884,-0.2333985601815648,55,1
s035,-0.8882055264653279,-2.860050871429325,-0.21468252650293954,55,1
s035,-1.1144813417906316,-2.2006160148345497,-0.32663684075091526,55,1
s035,0.300366089633848,-2.4528641587545557,-1.0917282929868601,55,-1
s035,-0.8153935863922065,-2.2861368243386364,-0.7233878473889466,55,1
s035,0.19243400249339132,-1.8058382140479783,-1.333371400404016,55,-1
s035,-0.6521136539410349,-1.7656549778516528,-0.707810499637401,55,1
s035,-0.20256315613630194,-2.5886908773306474,-0.6279277875773135,55,1
s035,3.262209805379385,-0.3284589857954563,5.645624515677843,52,-1
s035,-1.0922075682416337,-2.47585798957321,-0.41528431650218234,55,1
s035,-0.5919605864650154,-2.8539606639466015,-0.35790093899111525,55,1
s035,-1.0024969327475663,-2.492034605080362,-0.5308101987243458,55,1
s035,1.9479049180490187,-1.30944896103665,1.452930802095404,38,-1
s035,-0.2143667696304829,-3.161131532148875,-0.516823880958658,55,1
s035,-0.47833096990144075,-2.2320395909743938,-0.8464296027718536,55,1
s035,0.1587119286566665,-2.827022672070531,0.14975105840163208,55,1
s035,-1.166438431720558,-2.367816118662374,-0.4227037741139643,55,1
s035,-0.6335511954690987,-2.4198719166902767,0.25423100159655965,55,1
s035,-1.240397623000425,-2.5251784931599657,0.11203784330531394,55,1
s035,-0.22302834270048008,-1.6694989822054398,-0.12281304432487243,55,-1
s035,0.3327212324447128,-1.984341578635277,-1.575829894770452,16,29
s035,-0.7833940511284704,-2.345621494979471,-0.32377459474698705,55,1
s035,1.1060735275237756,-0.2092196909212155,-3.188519833623391,16,-1
s035,-0.9615435138871231,-2.0566683383817614,-0.022620152604077376,55,1
s035,-1.4328991468966985,-2.1163404837470083,-0.07196746663933885,55,1
s035,-0.15879062855553716,-1.594058189554658,-0.5490063237765477,55,1
s035,-0.5503449956527262,-0.8140343669469651,-0.9629643884948302,1,-1
s035,-0.34602630923688954,-1.1604455152905506,-1.0785099666355602,16,-1
s035,-0.6508043245479562,-1.1876846733902628,-0.8419431266227259,55,-1
s035,-0.788552507021004,-1.2821920236423558,-1.0482476594328118,55,-1
s035,-0.6926017567648309,-0.8097460060039964,-1.2092973289977502,12,-1
s035,-0.27593509447854314,-0.8953968514759615,-1.8267649864864797,50,-1
s035,-0.6405081708350813,-0.3687565592746802,-1.5746516107750488,16,-1
s035,-1.8679737135389323,-0.4136521525162973,-0.07972158086919108,1,-1
s035,-0.043871798488346145,1.4669358400357644,-2.97650643795104,16,-1
s035,-1.2804382381213901,-1.3379511191150188,-0.250940273523171,55,1
s035,-2.113704724434722,-0.21625200648119883,-0.3017624595101643,1,-1
s035,-0.7979694965813551,-1.2867109911183163,1.5062411276874086,35,-1
s035,-0.9752216385070483,-1.857077654395646,1.3456521368552932,14,-1
s035,-1.2259230072125136,-0.4831621091987401,-0.013394119612473639,9,-1
s035,-1.7321797516178796,-1.0314528493141772,0.27487974704851487,1,-1
s035,-0.32834271228291445,-1.4016852584008348,0.4114429369725146,6,-1
s035,-1.1837743552567233,-0.22770005685532926,-0.6615377391350458,1,-1
s035,-2.515589992265415,0.4076153433997643,-0.22487843855745124,1,-1
s035,-2.3761792330080103,0.15110221406094615,-0.34025273161461955,1,-1
s035,0.8924554574647175,0.7214190692543649,1.1096082698871568,38,-1
s035,-1.833283448466702,-0.8601673855565675,-0.557074664089206,1,1
s035,-1.2980814305024555,-1.8593515466371997,-0.32684475664502555,55,1
s035,-1.3333062563116942,-0.8973037591544444,-0.5477019188290149,6,-1
s035,-1.0309320346419852,-0.9418098993877254,0.0022819669503103615,6,-1
s035,-0.8221544404537975,-0.7219344327426565,0.32812352905418307,6,-1
s035,2.4713448406951173,-1.804718688745257,0.9764416700597198,40,-1
s035,-1.235774391491884,-2.383620534844481,0.007728263271643642,55,1
s035,0.7468371513545273,-1.638362006421193,2.9222114521357527,36,-1
s035,-1.1674253492245668,-2.112147027969954,0.07744488138189215,55,1
s035,-1.5684754987876521,-1.5736329426741713,-0.45087181648521,55,1
s035,-1.3795215682547548,-1.7947477494053699,0.13176568156677584,55,1
s035,-0.986568623313082,-2.3806773270902526,-0.5672786890883826,55,1
s035,-0.3026868215176262,-0.40634420501370083,-0.5680228988244569,6,-1
s035,-1.5329595066850383,-0.2521078324253273,-0.39802807735798484,6,-1
s035,0.4928060745682756,-0.4177836617182891,-0.06439900456155878,16,-1
s035,-1.5162705441226652,-0.39992832188654664,-0.8327307461652864,1,-1
s036,16.352306241611547,4.16778986213125,2.369350132211587,25,-1
s036,12.906140899379384,1.205644613959482,-0.4925957921275855,20,-1
s036,14.925119591643801,0.2926333692191709,-2.6551691841537486,20,-1
s036,15.306234317633875,1.7266711148416505,0.914330695927476,20,-1
s036,11.678847169769877,0.0225101695782474,1.526223700480469,34,-1
s036,14.150588293381201,1.6282752410090742,1.4618873221052888,20,-1
s036,14.012624126877839,2.396211597791341,0.8168132204079033,20,-1
s036,13.547628241674337,1.7194477360661444,1.8342138722889072,20,-1
s036,8.357185318774768,-1.6121276609219102,-0.1546623343091355,43,-1
s036,11.266872739176444,-0.0734295242677664,1.4466546403866956,20,-1
s036,8.066567033314385,-1.5876077683234613,-0.024170522363571544,20,-1
s036,10.10206859817619,0.35738970840345224,-0.8855240916841404,39,-1
s036,10.342122720559624,-0.477397988588853,-1.4366534738051553,39,-1
s036,8.100631732753365,-1.8374692236695531,0.1922857428991841,43,-1
s036,10.196974173751892,-0.5545768673046261,2.5750379455828223,20,-1
s036,9.593994487403183,-1.3232765225258152,1.7416411642428957,20,-1
s036,12.124248366279293,0.3966110791157233,2.1680187868888376,34,-1
s036,6.221941482585692,-2.166277610886951,-0.8473824105628972,28,30
s036,7.33123146753111,-2.1936708557210816,-0.38386586951161983,43,-1
s036,8.15348081886602,-2.108589703667815,0.17537618142208403,43,-1
s036,16.70668250034386,2.0840040375495077,5.521145726978482,34,-1
s036,11.883127591686469,-0.02263930125135358,-0.2936876287684419,39,-1
s036,20.299005996290923,4.836745621247456,2.195233286828123,51,-1
s036,16.714828883575326,4.41780814211908,-4.129496485234986,51,-1
s036,7.296890825501295,-1.3167445522721604,-0.4246738598463837,43,-1
s036,7.678925659470184,-1.719963113977909,3.3748420999515623,43,-1
s036,6.590037969892433,-2.1437666444452703,-0.17548854266893704,28,-1
s036,12.952262669191354,0.6720818349966238,-4.974928499834755,29,-1
s036,8.01726402502415,-1.5744842749110612,-0.4402162769172455,43,-1
s036,14.437342783519792,1.4280566616090262,-3.467182879439897,29,-1
s036,7.740834660202549,-0.7604762837052614,0.8716142388905369,3,-1
s036,8.5713846192719,-0.8557496827729663,-2.2219085212172316,39,-1
s036,11.429942770513708,-0.14952681537561496,3.4965287969027883,20,-1
s036,17.880163689270013,2.6841751636137876,8.251270928775668,13,-1
s036,7.019569000161669,-2.114917713045076,-0.14014134440108197,43,-1
s036,6.733165602473977,-2.175215233477764,0.49724311460275383,43,-1
s036,8.389425286638643,-0.6170464564316146,-3.5560079212336406,28,-1
s036,7.030610042481842,-1.9620905675922433,-0.48368422877466094,43,-1
s036,7.0121432128572,-1.7407708267328281,-2.5887105846790237,28,-1
s036,10.064413959610215,-0.6075332619908419,3.5147339232036696,18,-1
s036,8.898820655877316,-1.2713735966318866,-0.008292096027303155,43,-1
s036,16.153585676524493,2.4450605978461666,-0.622122542686905,25,-1
s036,10.277724128476274,-0.401139766153579,-1.4836491137265677,39,-1
s036,18.179219880272026,3.694115539879002,-4.851811168299261,51,-1
s036,12.577173183413878,0.6162731476670524,-2.7582096041798905,20,-1
s036,9.704319135645745,-0.6635517459279022,0.35849463664375153,3,-1
s036,16.105732307022265,4.160374259890279,2.8432128423954346,46,-1
s036,10.325146155336435,-0.5490918064175487,-1.7273852365613085,39,-1
s036,12.794248682324694,1.4062242820565187,9.635504244564776,18,-1
s036,6.413269511814851,-2.2410125570378225,-1.1226565542545945,28,-1
s036,8.507863878254518,-0.33787033877414935,-1.3055123361882235,39,-1
s036,8.205055617726407,-0.45808627345518604,2.1233241812420927,3,-1
s036,6.680022725862088,-1.65023133696243,-2.2440230891597164,43,-1
s036,8.097833933355684,-1.1055429819295488,-1.3561383135736325,43,-1
s036,6.041931655516738,-1.8753437050615902,-1.783112652137174,28,-1
s036,9.660537691235945,-0.5098698258493893,2.78758985201188,3,-1
s036,8.157384927278361,-1.2342558203898577,-1.271705912819307,43,-1
s036,10.210004671479549,-0.07099091077853732,-3.1239116185320106,20,-1
s036,8.527599499198857,-0.8069333634014741,-0.9645985349712219,43,-1
s036,9.2674585955134,-0.4289695615183079,0.644298850484087,34,-1
s036,6.401077202500524,-2.1272124847038807,-1.431493198188001,43,30
s036,6.706110676206531,-1.7346777110112777,-1.3159187814526367,43,-1
s036,7.14790759391993,-1.0959565762639338,-1.8588503135860739,43,-1
s036,6.9177150872004685,-1.5712517401976336,-0.7010904617921941,43,-1
s036,5.774406421049895,-2.3028695396439884,-1.358646688804164,43,30
s036,5.372599148079227,-1.6639386497089683,-1.8979941194129113,28,30
s036,5.6272637734654225,-2.8241864087173085,-1.3287845257982294,28,30
s036,7.055535657342207,-1.8363619771898365,-0.9351161938589908,43,-1
s036,8.61749990977155,-1.171181824965729,-2.389748733116438,39,-1
s036,7.1529583138190045,-1.1904585248166903,-1.8264459814323448,43,-1
s036,11.15221803017107,0.5296089728124904,-4.17124122719016,20,-1
s036,7.529968619850038,-0.8913184694830311,-1.7781638586516053,43,-1
s036,5.871815981259916,-1.9150927442748609,-1.880849353346139,43,-1
s036,7.8460020991312724,-0.6580081572669975,-2.82339799764419,43,-1
s036,6.653126911042783,-1.6501839706869863,-2.3054089646380147,43,-1
s036,6.154554505385227,-2.5738226729891442,-1.0786320064536932,28,-1
s036,4.929355304808141,-2.7950359123821995,-1.4744898858011029,28,30
s036,5.493729819452389,-2.889498447722228,-2.0372979292559847,28,30
s036,6.039697505138262,-1.984822824687429,-1.7683344996667623,28,-1
s036,5.337563886640415,-2.2438992664384694,-1.4101368243930965,28,-1
s036,5.867855351169154,-2.406386576400998,-1.6916600558514878,43,30
s036,5.204390286726988,-2.490928126685464,-0.7310821380805924,28,-1
s036,5.855295275351274,-1.9779607314738032,-1.7346124950934043,43,-1
s036,8.44901234139241,-1.3087219827547294,-0.7544203476443045,43,-1
s036,10.491235339702284,0.346601752502918,3.2901950308497416,13,-1
s036,4.3895993758783005,-2.6995158300725115,-1.4976998674237636,28,30
s036,4.748899191721146,-2.667702729140828,-1.435940991721356,28,30
s036,4.935535895785151,-3.1915385943684393,-0.869620051561922,28,30
s036,5.5380924588956635,-1.9699470061622069,-1.6457300739215952,28,-1
s036,4.9583422812297995,-2.509482803846542,-1.0560111461814925,28,-1
s036,5.340170294627599,-2.5250480796462287,-1.804385980891388,28,30
s036,4.368883258691002,-3.0218154382249933,-1.6958322885002253,28,30
s036,6.140320081891725,-1.45241455010198,-2.560480820149773,28,-1
s036,5.379912749944222,-2.340499294278088,-1.3292648530607853,28,30
s036,4.677906998916449,-2.251782638904159,-1.85403537767012,28,30
s036,5.227845542929527,-2.0843309134997887,-1.5730215815581894,28,30
s036,5.445750040704061,-2.1206574793138597,-1.7399981640254398,28,30
s036,4.545576351365245,-2.8259009625242113,-1.3113464668685362,28,30
s036,4.92080663045878,-2.767075618434443,-2.14115625429838,28,-1
s036,6.951826714080035,-2.115397180303731,-1.3479505079998242,43,-1
s036,6.986681521394555,-1.309152683362917,-0.9318682871113763,43,-1
s036,10.174836363354064,0.4409467247802951,-2.056141759213566,39,-1
s036,6.721822894586704,-2.084206217607952,-0.8280144743592123,43,-1
s036,7.758969904688041,-1.0485732084482868,-2.5608795387574355,43,-1
s036,7.529252338735124,-1.3833104854772733,-1.9271133148498563,43,-1
s036,10.785747627580735,0.48490168190449123,-5.381349594054152,20,-1
s036,7.648911298810442,-0.8152262327638132,0.8275911542956285,43,-1
s036,5.847657183269876,-1.567749609990945,-1.1116428512462673,43,30
s036,13.353504240970468,1.335906941599558,-0.2655951444439062,20,-1
s036,6.084695604706933,-1.5783810230762811,-0.26506627744031097,43,30
s036,8.513234517650803,-0.834732227228783,-0.24037380041238393,43,-1
s036,8.442293428474054,-0.22845691736488857,-2.5332549859600966,43,-1
s036,7.691213518972321,-0.619240918762757,-2.1538145156183104,43,-1
s036,8.371381545742382,-0.6891736265376948,-0.6031011474325119,43,-1
s036,8.582293168225101,-0.3600423784869952,2.515339846842416,43,-1
s036,5.605064075911321,-2.1765775453948217,-1.9837840621739282,28,30
s036,6.871486777780655,-1.9614904689820536,-3.638737428781287,28,-1
s036,4.799864978573816,-3.0681086631579464,-1.628041252949169,28,30
s036,5.1882912126978615,-2.1330588077233856,-1.7490201501931548,28,30
s036,6.08953551869804,-1.9555477113344708,-1.8490670217062832,43,-1
s036,9.078060252524264,-1.08757602698235,-2.6039400016546717,39,-1
s036,8.137674160898523,-0.3115763809553669,-0.4055096854406342,43,-1
s036,7.890548156220716,-1.3216505302217063,1.1673248249944521,43,-1
s036,6.440379681262494,-1.6118411528758414,-1.28755070155563,28,30
s036,5.107736734516615,-2.2782579123066777,-2.03557686639671,28,30
s036,5.605363051555656,-2.558302212614364,-1.1339357242286794,28,30
s036,9.927704942635021,0.9333441990428989,0.17613966353900468,46,-1
s036,6.469398543244527,-2.1635644909921647,-1.9292346961569204,43,30
s036,7.290054744223696,-1.3021372000775109,-3.133726872855522,43,-1
s036,6.756918015637651,-1.4125392040185791,-2.3755140152690863,28,-1
s036,6.381857152505296,-1.879383752271214,-1.9802096235103854,28,30
s036,6.219982804908353,-1.4609440789175392,-1.8740662604870517,43,30
s036,7.243647462145623,-1.6123796018337608,-0.4999010616165927,43,-1
s036,6.331701143095475,-1.706308042233201,-2.445948906776093,43,30
s036,6.039371919605976,-1.5195791172632058,-2.592481859969473,28,-1
s036,8.881257133321103,-0.4481782428566825,-2.4441966381095788,3,-1
s036,7.78315176733705,-1.0254865648353286,-0.30552548627562853,39,-1
s036,9.691353336720862,-1.0681353327020773,2.8104707055923264,13,-1
s036,5.785976337692109,-2.833430820897897,-2.141498188324811,28,30
s036,6.825131035471176,-2.077267057531181,-2.0291432873838957,43,-1
s036,8.926526784855461,-0.5200625936847806,-5.166129683444887,43,-1
s036,6.198653718130182,-2.376817540652545,-1.5127054221156786,28,30
s036,8.702873118686542,-0.7217994075247315,-3.672606529656183,43,-1
s036,7.607519733402262,-1.865308845388263,-0.6767295197437516,43,-1
s036,6.918917149086046,-2.348947453739441,-1.8413169282401007,43,30
s036,7.255321216550103,-1.8968875755518675,0.09086265480433786,43,-1
s036,6.366826692774454,-2.074199006080814,-2.438491696893827,28,30
s036,6.539401162656393,-2.0362993547134725,-1.9563747146460202,28,30
s036,9.95878140183467,-0.37293528924249175,-4.230329929028379,3,-1
s036,6.085960863375883,-2.2687725022746994,-1.3401548933109229,28,-1
s036,8.377037704290586,-0.3739152568902507,-0.549308414751384,43,-1
s036,6.403021211528308,-1.576588030742355,-1.7507806571193343,43,-1
s036,14.299818986525757,2.085720869799532,0.9309748794181487,20,-1
s036,8.599228395870187,-0.41505148470753905,0.4515596258006194,3,-1
s036,6.133616680498464,-2.1493630035501763,-1.3464075917896128,28,30
s036,6.309224901892123,-1.930127116437301,-1.753011495774814,43,30
s036,7.422202767434016,-0.6629597741187572,-2.0365286573794728,43,-1
s036,7.733817186567564,-1.2092473496015912,-1.9748842194382117,43,-1
s036,6.936479676606459,-1.696560616226653,-2.2335435378519595,28,-1
s036,7.522477562843018,-1.6473252310777338,1.1787514105840755,36,-1
s036,8.16919536087917,-1.0715522895298955,-1.116667105123739,43,-1
s036,6.120867521373254,-2.0437336304053733,-1.9679472415917447,28,30
s036,10.570094003222852,-0.05926790211902031,-0.38411378515452166,39,-1
s036,11.072803165560302,0.5273818037063469,1.5755827789580876,20,-1
s036,6.240378928774372,-2.0212176594530704,-1.6125893503659239,43,30
s036,7.984738397470474,-1.3276289758476,0.17216094342127342,43,-1
s036,8.276035346937668,-0.9278067861217585,-0.150630286163939,43,-1
s036,6.558198672860086,-1.8398993173300777,-0.6672602377555523,43,30
s036,6.378735678435537,-2.3317263246158237,-0.6330408849152603,43,-1
s036,9.85894961008052,-0.48287283107363055,-2.983595789799021,43,-1
s036,9.124968115062488,-0.8819378211830445,-1.700117186557457,3,-1
s036,6.84998253086402,-1.5865715683524906,-0.30933824120523096,43,-1
s036,7.593942978235694,-1.052282966635491,-2.5365977318335196,43,-1
s036,5.980081738120811,-1.8206168482445044,-2.78972881661962,28,30
s036,10.417673336993195,-0.4596817986335078,-0.3629562917175205,34,-1
s036,10.013555176709282,0.08821676917358481,-0.5212488844825609,3,-1
s036,5.579127100264926,-2.2566547376563872,-1.8681266609997953,28,30
s036,6.528547195505765,-1.866928878287714,-1.917896995991616,43,-1
s036,5.590497474978044,-2.203296904607405,-2.2907516333813036,28,30
s036,5.218694868496325,-3.1656500734398523,-1.57448797769912,28,30
s036,5.142844459219575,-2.5848587996089445,-1.6485497579156,28,30
s036,5.0816982358337075,-2.9290809241516578,-1.6162064428942746,28,30
s036,4.850300057719658,-2.399034762002838,-1.6722497065961823,28,30
s036,4.648042897887829,-2.581684171596502,-1.2179175224758434,28,30
s036,5.412800075841619,-2.3596780527129653,-1.5477732578147378,28,30
s036,5.841801229002311,-2.2693869684735755,-1.4770588018859623,28,30
s036,6.799117817939391,-1.6624714145621302,-2.058029117504316,28,-1
s036,8.006750455668984,-0.85627810566233,-0.859820702001889,3,-1
s036,9.63768204045544,0.06468709683944958,3.384366705128182,13,-1
s036,5.27915535395142,-2.254173158917264,-1.2786550499218103,28,30
s036,6.7093421333020995,-1.084778886972782,-3.400982830717273,43,-1
s036,9.024652843346438,-0.4858462008137133,1.0438814802774492,43,-1
s036,5.54863203326307,-2.179772470452237,-1.8821747170293865,28,30
s036,10.018060779660834,-0.2894544936555842,-2.2774480657259284,43,-1
s036,6.066891495612787,-2.3214769577505527,-1.0939977666962357,28,-1
s036,8.999442278955165,-0.670570517789298,-0.7362857256643615,43,-1
s036,5.47043345661956,-2.968308238174986,-1.4925707424656196,28,30
s036,6.213295727728782,-2.7582411870940464,-1.8800003828256717,28,30
s036,6.325482441977387,-2.1907450146393965,-3.031197612570654,28,-1
s036,7.155864284048327,-1.7935434288736725,-0.8489157888318378,28,-1
s036,7.702878789539244,-1.4018419554439465,-1.4085469263217776,43,-1
s036,6.74869878518761,-0.8897649944977837,-2.2875349022807674,43,30
s036,7.661064003808157,-1.031777665958568,-1.4143234844086268,43,-1
s036,6.051320942157054,-1.6513565083159325,-0.6159724443191283,43,-1
s036,6.677055917482686,-1.152427479703511,-2.2676879033974777,43,31
s036,6.4333098873145165,-1.7664761812601177,-2.008426734329578,43,31
s036,6.843374496410241,-1.1550688486105136,-0.1453387920703637,3,-1
s036,5.326301248283639,-2.397102038403377,-1.7506792399574163,28,30
s036,6.382771279454765,-1.0756487418971332,-2.2974273024910246,28,30
s036,7.33420421060854,-0.7704543419772136,-1.2582368155195434,43,-1
s036,7.206513067244978,-0.9359737936507101,-1.2572118570872348,43,-1
s036,7.191088324107394,-0.6223783331663912,-1.6502006607331206,43,-1
s036,7.770069941404141,-1.0487477790193862,-1.6442322338627795,43,-1
s036,6.699465107455098,-1.5122747079070646,-1.245305322549145,43,30
s036,5.308292647244816,-2.399637023280469,-1.4988041544901785,28,30
s036,6.042398619176094,-2.1827284713297233,-1.3933280511263948,28,30
s036,5.21213761222195,-2.2453584362961934,-2.045929133398576,28,30
s036,5.138029485846668,-1.7579456921145957,-2.2219768665005106,28,30
s036,5.3425769183646254,-1.9616130716267037,-2.0230503549601755,28,30
s036,4.953853939438145,-1.9362174048591536,-2.125531515472845,28,30
s036,5.075809051074574,-1.6979268723635033,-1.6391913867614853,28,30
s036,5.252266448875718,-1.6107835414942135,-2.2230859777003684,28,30
s036,5.370996451545797,-1.7130207341059311,-2.011303145924239,28,30
s036,5.987015081010724,-0.9464334251489689,-2.3415134095637575,43,-1
s036,6.568717430176862,-1.8956248382584766,-1.423998121060742,28,30
s036,5.1569995152401304,-2.0710681838223874,-1.67083816304839,28,30
s036,7.310130176812866,-1.3123671833455532,-3.376806073176575,43,-1
s036,7.569887524501744,-0.8236763462045872,1.628698574583095,3,-1
s036,7.805955791240296,-0.9357543811769318,-1.1449718340366146,3,-1
s036,5.7701998306373445,-2.0270840289345515,-1.4460033310495173,28,30
s036,5.702885054797122,-1.8276446352495892,-2.0036408719043353,28,30
s036,5.3164181694313655,-1.6626311759704402,-2.1313411114942786,28,30
s036,6.342580913330284,-1.5371585138797077,-0.6300512015179037,43,-1
s036,5.417475970474512,-2.081483878255397,-2.326051574066907,28,30
s036,6.365439245635786,-1.5747258122019154,-2.9997572093965186,43,-1
s036,8.800708293337003,-0.6395731281239878,-1.4099999593518115,3,-1
s036,5.743552122457614,-2.0101510526186006,-0.625662171870199,28,-1
s036,5.1555627515059355,-2.443451248494695,-2.3008417145402302,28,30
s036,5.367631340018016,-2.034234560095024,-2.6471894376798373,28,30
s036,7.091332230620322,-1.2980123561383083,-1.0333208125862432,43,-1
s036,6.855528873091628,-1.882475019718508,0.9541938982078086,43,-1
s036,6.577846328829255,-1.9185270978469295,-1.7929284700186077,43,31
s036,8.04764517661038,-0.8735158032366457,-3.3127588014561824,43,-1
s036,7.570835537395066,-0.4087995257020827,-2.4063443931387685,43,-1
s036,6.357360057702008,-1.7777588037119092,-0.1972711982462623,43,-1
s036,4.7884522432030865,-2.709133742444635,-1.896696326581468,28,30
s036,4.293563623870291,-3.0644027156729523,-1.6760906320536133,28,30
s036,5.642062725243985,-1.924687266066049,-2.2850858017949767,28,30
s036,5.32618491692894,-1.7483200570443387,-2.77743376798606,28,30
s036,5.2295674039557785,-1.674691281574466,-2.1971108632548204,28,30
s036,5.713747184566039,-1.331764502946576,-2.328807708925684,28,-1
s036,6.0351909475958125,-1.6662759428277192,1.140798873685363,36,-1
s036,5.183612212556146,-2.2086807097114605,-1.340510132101109,28,30
s036,5.638222840079645,-2.0023462316106486,-2.001673192689715,28,30
s036,4.7156140480446656,-1.8241387387111359,-1.680300720952818,28,30
s036,5.752334502517476,-1.6961969989495238,-2.0284503783094054,28,30
s036,4.751710846592507,-1.935335901357903,-1.8251772022034023,28,30
s036,5.117138777239894,-1.9057999757767339,-1.7060702252016386,28,-1
s036,4.784000872358388,-2.4570871210137524,-1.275037923592189,28,30
s036,4.747255426450149,-1.8885130988525378,-1.9413281507995044,28,30
s036,4.386199999667873,-2.291696451900246,-1.7388430450653458,28,30
s036,4.997866445123634,-2.568966802602459,-1.757712787560321,28,30
s036,4.868755283390145,-2.9245729474559647,-1.1689217772021876,28,30
s036,4.170407232280087,-2.092755544521746,-1.327628961242606,28,30
s036,4.372508305963879,-2.8694420818651847,-1.7047847926602346,28,30
s036,4.401690202808339,-2.7483802534145116,-1.5578908344702276,28,30
s036,4.079997984687942,-2.811598622328572,-1.5338779774665077,28,30
s036,4.2037218452919705,-2.4744614750747456,-1.2040415332001777,28,30
s036,4.648756523825393,-1.5587550986427996,-2.4445957727538454,28,30
s036,4.034802724635593,-2.4877179548828225,-1.15212357094225,28,30
s036,4.3788902602362025,-2.4764583917285137,-1.689060857246495,28,30
s036,3.8913675750573296,-2.3288464169976697,-1.4298254877711014,28,30
s036,5.255233148930016,-2.0318331432252457,-1.6428393760323983,28,30
s036,4.577785270932501,-3.0926718153150174,-1.224903603840254,28,30
s036,4.97219739700266,-2.851657261834471,-2.0989419935889617,28,30
s036,4.536664086724881,-2.747090684774042,-1.4115539489325473,28,30
s036,4.463152319763872,-3.01566828600805,-1.7479512233921346,28,30
s036,4.72563854692673,-2.458407634122141,-1.691944041521686,28,30
s036,5.510943701379027,-2.2955045143059527,-1.1853664318992616,28,30
s036,4.270658188934328,-2.5699790908266555,-1.5915879806521769,28,30
s036,6.050838927439073,-2.2839473543394053,-2.9273402454341495,28,30
s036,5.587156075552173,-2.198471853718348,-1.1450013989297771,28,30
s036,5.69996085917885,-3.0406036419072677,-1.614728038170644,28,30
s036,5.096579700313877,-1.9872795985544771,-1.9578130171302575,28,30
s036,5.0350789324700935,-1.9896559425607228,-1.7699297072008107,28,30
s036,4.972322699872765,-2.934167504928146,-1.4994303096535062,28,30
s036,4.819021733929194,-2.8469130878841615,-1.5450059777646399,28,30
s036,4.357917546492004,-2.729888728540338,-1.5586604236051396,28,30
s036,4.34068411134168,-2.7784568855194522,-1.7997460725034113,28,30
s036,4.631919358869561,-2.6472468580101323,-1.7251832735026433,28,30
s036,5.759323419194721,-1.7534364799513251,-1.5820062560843688,28,30
s036,6.72334536311678,-1.724745758473572,-2.7158018196111913,43,-1
s036,5.275175656163042,-2.4911466452086604,-1.442868794073685,28,30
s036,5.156831058000323,-3.0033806555786735,-1.9906638075268115,28,30
s036,4.5587674880567075,-1.9649505851730042,-1.1730030470589339,28,-1
s036,5.5587025910035965,-2.471836753925353,-1.4761895944161532,28,30
s036,5.265132048431742,-2.2355632926614053,-1.734405592473008,28,30
s036,4.781599491665988,-2.700670165222048,-1.5200618219927293,28,30
s036,5.562894739192763,-2.171357642144986,-1.8731258569825477,28,30
s036,5.850291909377626,-2.4232037555733936,-1.6284832422947235,28,30
s036,5.8132920346828465,-1.5598308317700011,-1.9669720077333985,28,-1
s036,7.103873467898563,-1.4493494054667944,-2.9848572484731557,43,-1
s036,5.135397960075304,-2.318877178989955,-1.6829395505268507,28,30
s036,5.390219131558082,-2.0057207887228423,-1.5279038090580956,28,30
s036,5.229608241016712,-2.6590414886674743,-0.9669340892981731,28,30
s036,4.9894310424597155,-2.4753567144110744,-2.0184644491866073,28,30
s036,4.938445383090753,-2.572029940073315,-1.516484989657285,28,30
s036,5.058107718228359,-2.0341395533531084,-2.3349513896188707,28,-1
s036,4.42052892231488,-2.0836309008490987,-1.738040875939512,28,30
s036,4.684526278829468,-2.595852180215911,-1.7361646756643032,28,30
s036,4.648363631505595,-2.0529174232382945,-1.4327655644341497,28,30
s036,4.7494437454464675,-2.3685616803823724,-1.412191359816502,28,30
s036,4.551810132581306,-2.089737833104807,-1.6369244439512278,28,30
s036,4.6815213495536625,-2.444624860416778,-1.8220955288227267,28,30
s036,4.788663897409915,-2.2458430847540707,-1.8464486612458335,28,30
s036,4.827035914527511,-2.7579832013095644,-1.3911984118347966,28,30
s036,5.021024683559043,-2.7947242656813955,-1.5701023778152619,28,30
s036,8.989280065561363,-0.4478814493990029,-2.0300485937211796,3,-1
s036,6.627864951197109,-1.699031706946184,-2.200812574894132,43,-1
s036,5.727163683280807,-2.2909741136163464,-1.8995113024328718,28,30
s036,5.535144744006347,-2.278529665840569,-1.2755298925847778,28,30
s036,6.100470543730097,-2.2186906176847514,-1.420711918169821,28,30
s036,5.263033926106674,-2.822269237330778,-1.8036952656343483,28,30
s036,5.248799141557459,-2.0869505956419596,-1.6181438980672354,28,30
s036,5.536256742972946,-2.3077467612470297,-1.955218709869321,28,30
s036,5.445528983308715,-2.169677739768287,-1.8220632591014836,28,30
s036,5.872378640632627,-2.2763916238569855,-1.9615306182052756,28,30
s036,5.645204988260395,-2.520492138829862,-1.5993472570751504,28,30
s036,5.679647637025794,-2.0155467164303444,-2.0342285830492646,28,30
s036,4.390266403849702,-2.6244186581943647,-1.8700375302594545,28,30
s036,5.1421344420536865,-2.78037282025568,-1.5059893037041594,28,30
s036,6.034353850224985,-2.450092458613419,-1.8280263483196657,28,30
s036,4.647329294360689,-2.1848727315198033,-1.905257333363946,28,30
s036,4.999025215469738,-2.3936331220889953,-1.6503472933097505,28,30
s036,5.490465390368245,-3.201513080616656,-1.3773092667142104,28,30
s036,5.914984165791814,-1.9247317535272945,-2.1148453338586064,28,-1
s036,5.293367036305369,-2.851566795258673,-1.6736119256392865,28,30
s036,4.8800230328619625,-2.616277774553955,-1.7964145180603057,28,30
s036,5.077039631716829,-2.0105083381558084,-1.7275805270496996,28,-1
s036,4.927942623178283,-2.174752968424729,-2.6188126308317186,28,30
s036,5.736225302839896,-2.3661369375095207,-1.2953540232347103,28,30
s036,6.104180829113835,-2.2534756125672297,-2.9489609698041046,28,-1
s036,5.197156739069961,-3.033725633977484,-1.7195452973602074,28,30
s036,5.811546248632763,-2.4894890720107887,-1.932023523509783,28,-1
s036,5.328447693867401,-2.4529269502254074,-1.9053226382273336,28,30
s036,5.348546830290358,-2.343552382098753,-1.8052927623276496,28,30
s036,5.551177600682868,-2.8030424001798626,-1.5494831072857642,28,30
s036,5.626710697942404,-3.049174148011887,-2.050381681422889,28,30
s036,6.205520457570093,-2.1214431615326137,-1.9214636331651547,28,-1
s036,5.976460087697328,-2.6083581686176576,-2.20757562470049,28,30
s036,8.836487265542896,0.18384527970529285,-1.1000422343609804,20,-1
s036,6.112896864680719,-1.3660903061604732,0.05265220085941538,43,-1
s036,9.150049392750612,0.896353451769359,-2.6769854557809496,43,-1
s036,9.40746749932927,1.122639519546458,3.2528289792536644,3,-1
s036,8.233531206013115,-0.08030577188682081,-1.9987360277250201,43,-1
s036,6.323236325245972,-1.223601259622594,-1.6782839941526815,43,-1
s036,10.553216360324482,1.6748883806605241,1.0255610638800159,3,-1
s036,8.86950760141809,-0.20293959616953908,-1.0828862373686823,3,-1
s036,7.4675580284078045,-0.472839798965818,-1.8966099968723042,3,-1
s036,11.392093267414877,0.19892137323405912,3.616877169771443,13,-1
s036,12.52578043086494,3.2448823528051984,0.11031852712865413,46,-1
s036,8.910712168323885,0.3038851711004875,-0.7005291409097348,3,-1
s036,6.578082544385766,-0.4320456085344951,-1.881193436598186,43,-1
s036,9.36400013524195,1.1341792647062765,-1.028427598930783,3,-1
s036,8.147931055527552,-0.5665988628890375,-1.304182214491609,3,-1
s036,6.656587953783595,-0.15101853535397386,-0.6162623644067502,38,-1
s036,5.8301559741704105,-0.708787396068583,-0.44162006582587876,28,-1
s036,7.713568607043416,-0.4916514800282264,0.12284195625639545,3,-1
s036,6.981518158740041,-0.8884942815492289,-1.269476391104391,43,-1
s036,6.553479873684021,-0.706929796150703,-2.1829028705789146,43,-1
s036,8.19416669917493,-0.3381079592740294,-3.5005170184918954,39,-1
s036,7.38495344957312,-0.8960580560715937,-1.1454582549043606,3,-1
s036,5.743696366513267,-1.76523411942113,0.08879350472722955,48,-1
s036,8.11320272451692,-0.16415265036291582,-2.064835122892163,3,-1
s036,6.149932169331656,-1.2878400382456252,-2.2426944535554236,43,-1
s036,6.3773365627605125,-0.5288529167755212,-3.4398151015743457,43,-1
s036,7.899941836690938,-0.465504508604549,0.578662542784416,3,-1
s036,6.838334919475856,-0.8099041696381143,-1.7932560546020688,28,-1
s036,7.997414275609306,-0.41846385328236196,-1.7860792432869568,43,-1
s036,5.167203381372681,-1.4080316366187513,-1.9972119460302369,28,30
s036,5.286964310748424,-1.2643967573356196,-1.6020820014208323,28,-1
s036,5.312963025893612,-1.4338595960814253,-1.804342540160891,28,30
s036,4.862686564086041,-1.582038227946067,-1.989048355900877,28,30
s036,5.886802488823279,-1.5548341206644631,-1.8823132197187695,43,30
s036,5.285089782946399,-1.609062833838238,-1.6473550361164804,28,30
s036,4.944152427509799,-1.6083284146570689,-1.8530780475751594,28,30
s036,6.613603506550323,-1.4501976547704427,-1.980022402126074,28,-1
s036,4.912077159785795,-2.1968007713663624,-1.3886545907946604,28,30
s036,4.643576753822358,-1.9169009730613598,-1.3748319796058401,28,30
s036,4.471681712425004,-2.6365680274904006,-1.704690304144299,28,30
s036,4.632854712035232,-2.171242622344166,-1.8742136067034487,28,30
s036,5.615533524232513,-1.3939255036307596,-1.7390190879602367,28,30
s036,6.200091726731897,-0.9172853060263013,-0.6335463370451693,43,-1
s036,4.859701279911519,-1.6998607649162454,-1.9923552292179618,28,30
s036,5.470967684507555,-1.439731274160289,-1.925657282924262,28,30
s036,6.153846229812232,-1.4340322210137737,-2.774086202500565,43,-1
s036,4.99314095393179,-2.14191784526137,-1.3024675786634543,28,30
s036,4.946148683348136,-1.6866432302933556,-1.8970930168554394,28,30
s036,5.117519342445812,-0.8285966393627455,-2.2638117977979784,28,-1
s036,4.689826141617009,-1.9524585465539501,-1.7167253697212295,28,30
s037,0.6156441591875548,1.130621582868745,1.1303271929244478,37,-1
s037,0.2193910148680192,2.1590946552629657,-0.7594965516066213,7,-1
s037,-2.0255605038698032,0.8736247088042417,0.20720723273108127,12,1
s037,1.6788481912810969,2.624667599393356,-0.8937963073408328,42,-1
s037,-2.9206642429577188,1.4276576916172241,0.42065102595385034,27,1
s037,-1.9069690184745833,1.8996630078067296,2.2643483831521407,45,-1
s037,-2.0822710417105204,-0.030424746339886267,0.35590819843155014,12,-1
s037,-2.662419382578132,-0.2055995127950104,0.4477917863212986,12,1
s037,-2.5155995440455987,0.23680540949694376,0.5710490352250279,27,1
s037,-2.6199365529223946,-0.20265689247989616,0.12008864962469244,12,1
s037,-2.6265040920684046,-0.14819008039055714,0.3175811742429473,12,1
s037,-1.548606168071738,0.25614896977642015,0.059604812183072765,44,-1
s037,-2.9664312501224686,0.22747798382172546,0.25129555273255855,27,1
s037,-2.651554497360928,0.012458789751270362,0.27197037001085306,12,1
s037,-1.7692434112820272,1.3049884722373177,0.5241131792764178,35,-1
s037,-2.5892537800415476,-0.050107781388541134,0.05099519425552402,12,1
s037,-2.472761690746143,0.6408183210617472,0.03216491157004608,27,1
s037,-2.6126705655114617,0.08961371713998252,0.3532790631022792,27,1
s037,-2.84964790300507,0.02565334037691134,0.274814708544171,12,1
s037,-2.7525774088655734,-0.5432856217503341,0.27365499763869827,12,1
s037,-2.0061677660106954,1.9913631408771673,0.5037840467911221,27,-1
s037,-1.8676006720798388,1.3121882611539033,-0.49911578330390244,27,-1
s037,-2.24683840446036,1.1737811399723324,0.3027412742154076,27,-1
s037,-3.0740309881985075,-0.16088089720865809,0.26426914455806944,9,1
s037,-2.9398338798896293,0.06547482238764919,0.40296552750318426,12,1
s037,-3.313269284759172,0.4536295328970086,0.4497550928252633,27,1
s037,-2.883389898279546,-0.029914938596190547,0.4004163705365692,12,1
s037,-1.3852776760935592,1.1795966745702926,-0.42024460040669576,44,-1
s037,-2.50200005419436,-0.15355864837485733,0.26366401930887595,12,1
s037,-2.383335082645371,0.561863790485973,1.5871552339259039,27,-1
s037,-1.7275620793972715,0.9572814523656475,-0.16589770727395545,27,-1
s037,-1.6734110664281392,0.8280855165879865,1.746553324488852,27,-1
s037,-1.5858220417043765,2.4802487387791623,1.8816713805448035,45,-1
s037,-2.5497084627544955,0.7116248179472668,0.5772763039617665,27,1
s037,-1.8776053865112399,1.323088599216961,0.8442935990608071,27,-1
s037,-2.003734918401691,-0.11344277308598802,0.6558673992453061,9,1
s037,-2.5456279227991643,1.108702189349466,0.303253516838347,27,-1
s037,4.179790164038852,1.918552007866376,-0.9743293094891127,32,-1
s037,0.0035914173812973764,1.4154016309428685,1.3074525150656584,35,-1
s037,-0.8379187500243171,1.5289944671912015,-0.18036267928393554,44,-1
s037,-1.6660082176495783,1.4524363739405823,0.9733219700802647,27,-1
s037,-2.406873732105219,0.6611623561875302,-0.03799400336847593,12,1
s037,-2.0929832686519725,-0.09182092039404584,0.3255827749802471,27,1
s037,-0.6922412627760457,1.0622322398287936,-1.343894577120355,47,-1
s037,-2.1624029056575305,1.2255365404901797,-0.0816511501240292,27,-1
s037,-2.008485660306781,1.2382294612645608,-0.20703957653519656,27,-1
s037,-1.0687804151234683,1.2888667636184046,0.0010250173809397752,44,-1
s037,-2.6564663936208857,0.1656494679656267,-0.0854089758195049,12,1
s037,-2.4717305406903973,-0.27358396743886426,-0.14063121324528802,9,1
s037,-2.5812210990379323,-0.6125118323929724,0.00686669614752742,12,1
s037,-1.6416509852777523,0.18302139051498467,-0.9446923357927466,12,-1
s037,-1.950836225362884,0.09385165160940116,0.11929791448785816,27,-1
s037,-3.0123957860665573,0.651902675307256,0.24290326770434056,27,1
s037,-2.9159853420626503,0.41582537785851387,0.32266565920973894,12,1
s037,-3.274543920582117,0.35549194995944244,0.3315483225706224,27,1
s037,-2.4528901517054997,-0.30048106496515486,0.007702455629662498,12,1
s037,-2.044747730622968,0.7143045041398665,-0.49478421208526224,27,-1
s037,-3.4822833949562466,0.8415180299335563,0.4547502275737466,27,1
s037,-3.2677487471206126,2.000578555274323,0.10233517264111736,27,-1
s037,-2.988538888408812,0.04985554339402701,0.009866638951071732,12,-1
s037,-3.172069241982023,0.4099918786050852,0.5292124271171612,27,1
s037,-3.105996479609196,1.48369595480289,0.38645361733630257,27,-1
s037,-3.331061306481316,0.6345229639614873,0.24518724792418292,27,1
s037,-3.0777076802670438,0.36471930408305564,0.13789394466645324,12,1
s037,-2.674962901925265,0.6783265686628028,0.7629697912077656,27,1
s037,-2.4818895378019974,1.2234665243038196,-0.4715951018009402,27,-1
s037,-2.861599559184886,1.5158912318447293,-0.17059248321867526,27,-1
s037,0.4901223345530275,-0.12811635125528223,-0.2700233829507234,40,-1
s037,-0.5902985563400425,-1.2869731785072915,-0.20883113442895157,44,1
s037,-1.4221740500210533,0.384663635221804,-0.3441592073978315,9,-1
s037,0.0023649694978683158,1.7172776031449855,0.4697279351847709,44,-1
s037,0.11602830095777729,0.08623007135454967,-1.4446463180811033,47,-1
s037,-2.0370453289840276,1.6147326258959434,0.062282838878917106,41,-1
s037,-1.358772581650146,0.8501492211266672,-0.47981524790932,44,-1
s037,-1.3454290763892875,0.89400254037786,-0.5611563645765714,0,-1
s037,-1.779308765804051,0.17470870470952288,-0.5483288159471907,9,1
s037,-2.046114332805647,0.3757412615971805,-0.12798809020346338,9,-1
s037,-1.3915539224257756,0.39535476127649,-0.44525333681878027,9,-1
s037,-1.1874079641579676,0.5023789236804607,-0.13228812710520318,44,-1
s037,-2.5876947851033547,-0.07399365779908113,0.10636746054772393,9,1
s037,-1.4315714780938407,-1.1931611878450519,-0.23858759102145283,9,-1
s037,-1.8188876088513068,-0.3112968594074746,-0.29206177545091816,9,1
s037,-2.3134822162985316,-0.23087440081664123,0.45982306708940396,9,-1
s037,-2.183244283879654,-0.14798190815872436,-0.02174277979350695,9,1
s037,-2.1049277052754567,0.08105662928653579,-0.045116160558448644,9,1
s037,-2.3726337774573434,0.23847297731145334,0.10023018212577577,9,-1
s037,-1.4123116679511722,-0.5692180410443629,-0.4240158036106601,9,-1
s037,-2.7323275986870037,0.640571485918225,0.6196449804304889,27,-1
s037,-2.6668192741129078,0.3496918925681746,0.425773119199242,27,1
s037,-2.6714129302097436,0.1264026508237646,0.2631636827349438,9,1
s037,-2.1522871971806503,-0.7216213991956061,0.1840341411501669,9,1
s037,-2.367214779712302,-0.13021104694254573,0.17668430905012222,9,1
s037,-2.5244577788860023,0.13467364419131386,0.21417435338630486,9,1
s037,-2.3305587423433574,0.07919610917548286,0.4322547823611234,9,1
s037,-2.6763832268965744,0.017240345310927704,0.29554883872472065,9,1
s037,-2.895218213572412,0.020083037423881362,0.5156380026461899,27,1
s037,0.8337174662072204,2.155061657198709,0.7632112622961805,52,-1
s037,-3.406708195994981,1.142866504988924,0.43785177317904217,27,-1
s037,-2.121349339841223,0.04140250899133764,-0.3318357889944954,9,1
s037,-2.4455505603004153,-0.5033149532384377,0.256778384436645,9,1
s037,-2.473372131010554,-0.7665234356014301,0.5239768317306617,12,1
s037,-2.6094995924611535,-0.580572519172893,0.16035551907960258,12,1
s037,-3.3860102050901535,0.9013741076756845,0.6714992648470269,27,1
s037,-3.1397246072074845,-0.048013349033696535,0.5645040427433886,12,1
s037,-3.3587998340405494,0.6641780824391527,0.4511533762987121,27,1
s037,-3.661706657802407,1.2282412939506748,0.6931180154914842,27,-1
s037,-3.2843797045555267,0.7661561688374886,0.7830544600732253,27,-1
s037,-3.3079895721860675,0.7668133210398285,0.6612434031539657,27,-1
s037,-1.5511211619881502,-0.8842051900859416,0.0609741635976327,44,1
s037,-1.8351558306261673,-0.4957460223400428,0.5758889169659306,12,1
s037,-1.7261495362077883,-1.2018417760893378,0.3356669928418422,12,-1
s037,-2.3895042605141277,-0.41698238739353116,0.3824295518001388,12,-1
s037,-2.2343972839106807,-0.4321554516023926,0.2660177598422508,12,1
s037,-2.5705707815598178,-0.3401580344683572,0.26689547146391834,12,1
s037,-2.953670963371308,0.0221870206946818,0.012767807594399895,9,-1
s037,-3.0004146860373857,0.17621475969056194,0.16760018175798858,12,1
s037,-1.9911018790126536,0.3245486540473013,0.14238965631323233,12,-1
s037,-3.067504295180131,-0.10025970530351687,-0.15248276934244573,12,1
s037,-3.307093648667071,0.3141071751706009,0.45845978157841355,12,1
s037,-2.7578167697010265,-0.43611593940130194,-0.16592589440111846,12,1
s037,-1.8660660465182062,0.5982212321699122,0.19020965347411167,27,-1
s037,-2.1450926567398927,-0.3722905295250609,-0.654056420467424,12,1
s037,-1.5951100652470975,-0.17167514580525187,0.16194515613502442,12,-1
s037,-0.7469495844221004,1.6274577895071736,-1.826151968847505,50,-1
s037,-0.6074879320231931,-0.25757493027910267,1.8376804551439332,52,-1
s037,-1.3019055649360245,0.23000990090807266,-0.02785262906629124,44,-1
s037,-2.8725095644970273,-0.3011998063454706,-0.05195579872115405,12,1
s037,-2.7102122285987194,-0.8652285362263117,-0.13464209114935374,12,1
s037,-0.9155523599533082,-0.2940102223494363,1.8259339543848192,35,-1
s037,-1.1677856602114565,-0.595901526336528,1.3137904018202737,35,-1
s037,-1.721543687117069,-0.26370834112208086,0.24214861081925812,12,1
s037,-1.8559768466730002,-1.1119699041314453,-0.28035581156777967,12,1
s037,-1.9362698894794537,-1.5155542655824938,-0.33210026887674554,12,1
s037,-2.2485792378930847,-1.0840838003359075,-0.30648013447422406,12,1
s037,-2.2418888728162543,-0.8044703181559401,-0.3896567102452983,12,1
s037,-1.4826788830735391,-1.386567560954057,-0.29402364960010213,44,-1
s037,-2.2486797184863936,-1.3871794074760608,-0.13727740664849872,12,1
s037,-2.036070197895514,-1.6185651328772936,-0.1399365126506322,12,1
s037,-2.325849334338433,-1.3626701865096205,-0.08071691231783294,12,1
s037,-2.4316835554325804,2.3034013686395802,-1.7496598587545327,16,-1
s037,-2.9095216738115797,0.5457562862587205,-0.02411475508758549,12,1
s037,-1.6018516541636822,-1.1576823666602418,0.32475920887302695,44,-1
s037,-1.595098464586231,-0.9787913426810961,0.21774860891624076,44,1
s037,-1.9732935917575731,-1.6271725995791475,-0.11629064529755757,9,1
s037,-1.6040534656591847,-2.197737146874537,-0.19252935238393712,55,1
s037,-2.1661022897294306,-1.1932945055469328,-0.22229202717886878,9,1
s037,-2.091591847510126,-1.6435141238708815,0.02135721400646843,12,1
s037,-1.6721630840908546,-2.175458154736331,-0.2238529129419771,55,1
s037,-2.082228979976021,-1.6678628557477793,-0.1658861183458302,12,1
s037,-2.403612210507575,-1.495239985239944,-0.10931584649774112,12,1
s037,-2.134442020399,-1.3643719938071746,0.08283541316601692,12,1
s037,-0.025267065881890725,1.3236964236320425,0.24349579411396766,35,-1
s037,-1.5456241798206363,-1.8200898248662327,0.5799666615833443,0,-1
s037,-1.5441398478514314,-1.5107728038410075,0.032072275167288854,44,1
s037,-2.246083937286787,-1.5473669306641564,0.25885714218103445,12,1
s037,-2.027612264802342,-1.7707503411023302,-0.09669632663441866,12,1
s037,-1.5517525026726877,-2.117108537871263,-0.4429885133168956,55,1
s037,-0.6606308562036067,-1.633044957101503,-0.9433485005222696,55,-1
s037,-1.9742831952025262,-2.019995042137576,-0.20254335814396307,53,1
s037,-1.3780384076537848,-2.0525625958739746,-0.058945282355059594,55,1
s037,-2.4026635709172273,-1.198687246225164,0.14443611744728072,12,1
s037,-1.5984754853496987,-2.2485084851594483,-0.18548921131638174,53,1
s037,-1.9503181354058747,-1.9437980165217792,-0.1729877256485019,12,1
s037,-1.3435361087016966,-1.8845978694041814,0.09705996364205281,53,-1
s037,-1.2927868980012969,-2.7142008608983565,-0.45770757926538697,55,1
s037,-1.5260029402266704,-2.2860765180962135,-0.22153631811533891,55,1
s037,-1.5262180257116027,-2.1725856264795955,-0.22542947679393782,55,1
s037,-1.956745530900617,-1.2834161527684405,-0.08534743472629122,9,1
s037,-1.5183542905998348,-2.135674200238287,-0.4527389982961924,53,1
s037,-1.3678016236545893,-2.1673914046457736,0.09351475848939857,55,1
s038,3.95656289165732,1.155366582034508,0.5285670860796384,38,-1
s038,2.886669529724856,-0.5110489705253249,1.9046227686698458,40,-1
s038,4.922162186394035,0.3589444859291047,2.179128256272607,52,-1
s038,-0.06964818194633353,-1.5336216369446107,-0.21002799154244126,44,1
s038,2.0791665396003944,-1.8446780850544442,0.28276996865163684,40,-1
s038,1.8317611147461723,-1.5112169130593858,-0.5807551882971335,40,-1
s038,1.1307758964006949,-1.6854120216921837,-0.027459820721921907,40,1
s038,4.187023082139944,-1.9696800799137537,0.36597042793507306,40,-1
s038,-0.01772096387787304,-1.6870110532726585,-0.27764944896522126,2,-1
s038,5.1902304151166465,-0.20545183648050958,-2.175595331300806,29,-1
s038,0.22871297977666807,-2.010284759392511,-0.288339982523648,2,1
s038,2.998184835397751,-0.6103505625469692,-0.21125832972938785,52,-1
s038,-0.11217679756636087,-0.6053624500162045,-0.41294102954198486,44,-1
s038,0.8676879262452435,-0.6921833430156208,-0.5322180786815933,40,-1
s038,2.216719444483288,-0.8027123266781241,-1.3618123954172674,47,-1
s038,3.105356810718352,-0.7481338151136318,0.4063922237982674,37,-1
s038,0.44587041260762306,-1.3475048357714867,-0.6651485640739978,40,-1
s038,0.9038769547964539,-0.9819558887056294,0.5346018997452837,44,-1
s038,4.310134201725925,0.7867973398105121,-3.3078824301554035,32,-1
s038,1.1179710666672873,-1.2645097449223432,0.8272153136339979,2,-1
s038,2.4895732947927187,-0.41730259996995295,0.1703272381153086,37,-1
s038,1.2512495346392223,-0.39252298971358984,-2.067384473054098,47,-1
s038,1.6657692729744094,0.4678617466283845,0.15355904795711156,47,-1
s038,0.06738713253621198,-1.469387501934753,0.2243391742973841,44,1
s038,1.4948694472858124,0.02977226398986507,-0.03895120892170846,35,-1
s038,0.784526000342231,-0.8922401140852294,-0.8235502960052028,47,-1
s038,0.9972847415040418,-0.9010518751238009,-0.507171868461242,44,-1
s038,0.3666362978920309,-1.008241025861434,0.3973032902779212,44,-1
s038,1.1793616722912528,-0.7877279780618337,-0.7343772573884758,42,-1
s038,0.26442729873963156,-1.2140950647891287,-1.0938850617309253,44,-1
s038,4.796440015975564,0.7703438342556402,-0.18064860871257402,37,-1
s038,0.43037831000716953,-1.126090427273444,0.904956863595476,2,1
s038,0.11777675154021852,-2.365906992306255,0.030143738965671765,2,1
s038,-0.9448294129529918,-1.1364639732650483,-0.02766497060078139,44,1
s038,0.017024132122356258,-1.7650480429963344,0.15891737294320216,2,1
s038,-0.3977934843869407,-1.4929243687279323,-0.2176452592903498,44,1
s038,-0.10204060961749753,-1.7171777394706478,-0.2264810275960205,44,1
s038,0.33439643462656377,-1.4624490679858646,0.9346749421142891,2,-1
s038,0.9959310718027442,-1.498641037080529,-0.14986438626039122,0,-1
s038,1.9610943079048944,0.2908763830109201,0.9841394300817298,38,-1
s038,-0.021212117617133545,-1.3904948316837,0.39962679916281535,44,1
s038,0.5411193839817464,-0.8856785110531464,0.44851725559462574,2,-1
s038,-1.1853702665036923,0.07498429920368957,0.6180339198991566,44,-1
s038,-0.45855791092365983,-1.3014492535059978,0.30162486038602687,44,1
s038,-0.8742421734629009,-1.3349996710183858,-0.13744415196197557,44,1
s038,1.4394711250984473,0.3898689209962497,-2.029684986914331,50,-1
s038,0.054337629330952694,-1.1343497180552125,0.6808983397517696,44,1
s038,4.800157311833624,1.5121581998387337,-4.100182168887006,30,-1
s038,3.617222509542695,-1.593146123185877,-0.37743987692838854,32,-1
s038,1.5308474100182166,-2.176200005836962,-0.3838609920559934,2,-1
s038,-0.697042820637612,-0.6351372477108186,-0.5569144657963343,44,1
s038,1.2806733975539188,-2.1522476490893236,-0.6629208406633647,40,-1
s038,-0.05313327711200755,-2.1437409988522043,-0.0027193073730973787,2,1
s038,-0.05376878734674688,-1.9969502438827382,-0.4710522443098652,2,1
s038,0.959783749889937,-1.83766401529744,-0.14645893080411024,2,-1
s038,3.6204667107339485,0.11635088290454501,-2.9461191318903346,29,-1
s038,0.6604121836741245,-0.27041658125962187,3.3315379234217297,44,-1
s038,-0.01833096737297249,-2.4421823525376984,-0.3105631286225133,2,1
s038,2.2101780625376013,1.7807772154715054,0.2228111898778164,32,-1
s038,2.311128729413969,1.964690060363241,-0.4474359693765965,38,-1
s038,0.10211723790921225,-0.05444420104586948,-1.496393280352146,44,-1
s038,0.6355467542976314,-1.5270836651044883,0.16648735450457333,2,-1
s038,-0.40908429882334824,-1.7572806822496674,-0.5740406119226832,44,1
s038,-0.3426806603305756,-1.4872746825060845,-0.20811240012275398,44,1
s038,1.1070804093925264,-0.22273085575754434,-1.2253429180703699,42,-1
s038,1.2445458726228646,-1.3636556457735007,-0.751637988364318,47,-1
s038,0.31104987575711024,-1.1717752936200818,-0.9805801821886245,44,-1
s038,-0.4097933984738649,-1.7306971916828273,-0.19200737063452059,44,1
s038,2.640784435518956,0.6671941184634734,-1.1511279663866223,31,-1
s038,1.900380278294096,0.2115644436508179,1.502859888799691,37,-1
s038,-1.0067654699563384,-1.555013906679402,-0.2805458353754772,44,1
s038,-0.47642662215326914,-1.8953341643838297,-0.4962412542433668,2,1
s038,1.4644986946931517,0.10908135821366623,2.2978347834855053,37,-1
s038,-0.8823428295626105,-1.2235856830785488,-0.39284630009944216,44,1
s038,1.368809734113611,1.5024235278203362,-0.537108587253524,35,-1
s038,-0.3404111613781463,-0.725838589103019,-0.2414971604717655,44,-1
s038,1.3871488030665557,-0.29585910967435186,-1.1426137804199668,42,-1
s038,-0.8765438770974457,-1.0304455824685506,-0.2948291172010812,44,1
s038,-1.3009014378256838,-0.4980162382901973,-0.2948914512465997,44,1
s038,-0.1640464074914619,-1.1401271183024975,0.17812652813366517,44,1
s038,-0.634932330743988,-1.1920217832477178,-0.01613877813163858,44,1
s038,-0.7532356732158011,-0.7649336562029749,-0.18699015605496747,44,1
s038,1.079117168511302,-0.8215468137221497,0.889193838849795,37,-1
s038,-1.5494262535538312,-0.6913898391485431,-0.12721652433175903,44,1
s038,-1.2224143212209777,-0.6431739686958782,0.25924519667057866,44,-1
s038,1.4018372909020904,-1.125995629243351,0.12340754753213085,40,-1
s038,3.122634568735427,2.011414910397655,1.971698371673593,52,-1
s038,-0.7571743067862085,-0.6202514118906136,-0.47940555123241735,44,1
s038,0.8089090641338561,-1.6127815886956451,0.3270675507752852,8,-1
s038,3.1261587875779564,-0.1308036784610096,2.961938027029022,40,-1
s038,-0.8748417438564737,-1.4649578962281735,-0.1898552490340318,44,1
s038,-0.8861832816247958,-0.8359685434234153,-0.27569411349091766,44,1
s038,-0.5491486866363177,0.3400466413737921,0.8382504513380613,44,-1
s038,-0.8111037350704,-0.7994065039877818,-0.4479561794679017,44,1
s038,-1.6358131344159133,-0.9048733507119607,-0.3293466284383771,44,1
s038,-1.331211072323666,-0.8589726319083129,0.09458473685869653,44,-1
s038,-1.5495396114541902,0.17558108860789984,-0.4136807780985849,44,1
s038,1.2441162690889063,0.49935577821497756,-0.23149266478685113,32,-1
s038,-1.167441229365281,-1.1493963545068866,-0.3928673964730229,44,1
s038,-0.6938190712440594,-1.3180565064747098,-0.4358338974162347,44,-1
s038,-1.230431407114736,-0.39716006708092483,-0.03965080336273021,44,1
s038,-0.06461463004241051,-0.11466698762685104,-0.48417367967189234,40,-1
s038,0.14562021496033353,-0.5672007191881913,0.8137261446625657,44,-1
s038,-1.4258622564037904,-0.7121138405472753,-0.61787704472743,44,1
s038,-1.0039042327413972,-1.0126206791739458,-0.397862089280355,44,1
s038,-1.0022906318970277,-0.8120790590047545,-0.15662213839238184,44,1
s038,-1.247805474278592,-0.8092564733186345,-0.5602043140989464,44,1
s038,-0.06595339903062673,-0.7755414594955045,1.125068120056145,44,-1
s038,-0.6991432532283604,-1.5430525060572675,-0.5277281471869409,44,1
s038,-1.4396637708804267,-0.7461812103797346,-0.4578119374623929,44,1
s038,-0.4468011648104822,-0.7368138220383933,-0.6237879649048984,44,-1
s038,-0.19866893800308366,-1.4028687767125518,0.42527424185359575,44,1
s038,5.6280557900311905,2.821667056591082,-8.308636426359483,30,-1
s038,-0.813256207687111,-0.8503290553404365,0.016005374545543908,44,1
s038,-1.1946985693565286,-0.9682124729177588,-0.4646371219426319,44,1
s038,-0.80363437182094,-1.4969664509916427,-0.1709633093348051,44,1
s038,0.5667547057165586,-1.0848892935892924,1.81931167814062,52,-1
s038,1.3455261603324207,-0.4850175377085657,0.9329023932852327,40,-1
s038,-1.7581007932186616,0.11430739138031613,-0.5043643184806692,44,-1
s038,-0.2506089009785823,-0.821694258760985,-0.8981958030547658,44,1
s038,-0.8242341943532628,-0.7484379924193593,-0.43418318603813444,44,1
s038,0.4999760803077341,-0.3616778746226363,0.07784236538509423,44,-1
s038,-0.5853188060929024,-1.103561193926319,-0.5115636448744865,44,1
s038,-1.0979147507388203,-0.5065060248146269,-0.3773933032877117,44,1
s038,-0.9968393326415254,-1.5048922434779404,-0.22498810363545454,44,1
s038,-1.0945400461217782,-0.955414468767046,-0.4436497458559955,44,1
s038,-1.3343971518208175,-0.5815584047554484,-0.38602394274400104,44,1
s038,-1.04708955686665,-1.5763005417553737,-0.5819205727444023,44,1
s038,-1.1002815891960211,-1.1428891783611037,-0.4129495565260396,44,1
s038,-1.2684562852479864,-0.7190693507346937,-0.6438168835691082,44,1
s038,-0.624332167168795,-0.28908942760498757,-0.7755522501738182,44,-1
s038,-1.2942288338754797,-1.2722559312786912,-0.32526667099715256,44,1
s038,-1.8131633055191136,-0.38748879390942015,-0.3697456107764504,44,1
s038,-1.216970743474417,0.14623016399193497,0.3530493029555587,44,-1
s038,-0.33755193497175495,0.09845753328472451,1.1583988636464042,35,-1
s038,-0.7077040604961895,-0.6267143556623674,0.402829675389183,44,1
s038,-1.2528791941700297,-0.5488300064668273,-0.47745233237718054,44,1
s038,-1.5598700065972746,-0.24755260139901808,-0.2619205176187773,44,1
s038,-1.4129509049938442,0.2658262668760032,-0.23871956829762386,44,1
s038,-0.849384150593868,-1.4867424414729697,0.10504452703763584,44,1
s038,-0.6329338597750503,-1.7897119016583776,-0.15881746099510033,44,1
s038,-0.6880699818601732,-1.6089474295862949,-0.27262571366913596,44,1
s038,-1.0209535235612721,-1.1613894578492123,-0.4486927926467613,44,1
s038,-1.2514128012326544,-0.88066365556226,-0.3205226288735586,12,1
s038,-1.0718193623583112,-1.106057748682311,-0.14669679679859948,44,1
s038,-0.8042660234595285,-1.2025852820262433,-0.20783975266441435,44,1
s038,-0.913822909366803,-0.9740329459325092,-0.48496131543488064,44,1
s038,-1.2376306797433958,-0.8269895417113801,-0.22255166388211195,44,1
s038,-1.2918542202146899,-0.7476661125006443,-0.4817536701016498,44,1
s038,-1.493098441541663,-0.5596501127371911,-0.3461385785710992,44,1
s038,-1.2767170843474869,0.3521970399277877,-0.30387574028053477,44,1
s038,-1.4477964727046586,-0.3034649462440993,-0.19835678502768067,44,1
s038,-1.4300740853341098,-0.5959563110539016,-0.5354749140038142,44,1
s038,-1.322423407620355,-0.7161507062378634,0.1254565200777425,44,1
s038,-0.24814084365993522,-0.75217502466171,0.47635735381663064,37,-1
s038,-1.533902510625702,-1.0275601517226087,-0.1767032907331122,44,1
s038,-1.1528275697774772,-0.2635707061425445,0.3869086976680547,44,1
s038,-1.655664624720868,0.21660091856679722,0.08879496876266428,44,1
s038,-1.38471390545877,-0.8498736216304782,-0.2185964542607023,44,1
s038,0.20648064167032518,0.16288418884438746,1.1740446820321622,37,-1
s038,-1.9293267675462364,-0.5870407290954868,-0.16312122355440725,44,1
s038,-0.3303816534250557,-1.591501938655142,-0.37587189030282936,44,1
s038,-0.8357720165264565,-0.8092893945549842,-0.16140610618475695,44,1
s038,0.04426157482635898,-1.4384915215191942,-0.7927804563835936,44,-1
s038,4.474335719499065,0.2271814865937759,-2.147282329333837,32,-1
s038,1.3497771686284172,-0.21822968517110644,-2.50181509025709,47,-1
s038,0.7153350763537815,-0.7984777093755534,-1.119747547459858,44,-1
s038,0.6733944376151164,-0.6092530677914273,-2.0479207635957275,44,-1
s038,0.8424818996265475,-0.6837009660880597,-1.4627846278416285,44,-1
s038,1.0413040875426565,-0.4360625707352802,-0.504838813162092,40,-1
s038,2.0544429702237266,0.9199185516793171,-0.9352279721095942,32,-1
s038,-0.1501440358397783,-1.617166068809325,-0.5485137510004103,44,1
s038,-0.45143716201181683,-1.1122576914889128,-0.7628211534975634,44,1
s038,-0.8665685255103666,-0.8143201015808487,-0.5762200817808861,44,1
s038,0.2772316626245385,-0.199001088887184,0.6821738515062415,44,-1
s038,-1.0751711769383647,-0.6573635896020134,-0.3401312466074373,44,1
s038,2.8193564606170587,0.8355849326895285,-1.6282645046594835,32,-1
s038,-0.6664438218523693,-1.0289536993033155,-0.5465709854799015,44,1
s038,-1.1225066836999407,-0.6132925605334144,-0.42534360544320726,44,1
s038,-0.8860818895079177,-0.9607846740111193,-0.7008060029480357,44,1
s038,-0.6373222504480023,-1.0004836781866957,-0.4325389734912738,44,1
s038,-0.5070955308417248,-1.2325034504654195,-0.4052998049716175,44,1
s038,-0.49630090394238685,-1.536363532801652,-0.2521596319416714,44,1
s038,0.18622903285215103,-0.9938426078330473,-0.8430899891570338,44,1
s038,-0.6719275088640221,-1.0524403026125062,-0.5792762491775186,44,1
s038,-1.5963655006843618,-0.9076828410511939,-0.2377974474998798,44,1
s038,-0.1856505469701227,-0.3197860232212534,0.19918313674471838,44,1
s038,1.1860481722690186,0.5868354623444253,0.4789965194341972,38,-1
s038,0.8765289075966908,0.5757209879564458,5.049774401600625,18,-1
s038,-1.245285426230024,-1.2390403588883823,-0.08638408053170149,44,1
s038,-0.8725526177629082,-0.8557313390560186,-0.36045599566707365,44,1
s038,-0.25225262268309107,-2.197095679124891,0.15549756998386463,2,-1
s038,-0.3330619368558614,-0.8761036803557777,-0.16995404173753922,44,1
s038,-0.8010176009031323,-1.136983914312004,-0.2902549267395892,44,1
s038,-1.1132727891117198,-1.0082958118919765,-0.5188663323933204,44,1
s038,-0.9331378372386879,-0.8203204102116085,-0.5882568611651431,44,1
s038,-0.7024587805412082,-1.1786437230945723,-0.44136295128599284,44,1
s038,-1.27950835099038,-0.8841103567110653,-0.3966548729808745,44,1
s038,-0.8113778906265482,-1.0470565863782635,-0.3983463761863466,44,1
s038,-1.2982227411148968,-0.7109948295297958,-0.5788172931764649,44,1
s038,-0.7603914979153059,-0.23008978484696327,-0.8150800097475575,44,1
s038,-1.2779590407795465,-0.40093902687833466,-0.35837986269947697,44,1
s038,-1.1240520331602535,-0.7565717953695725,-0.3150747157470756,44,1
s038,1.2168883296282056,0.045977667957956804,2.871914691746745,52,-1
s038,-0.980812370953682,-0.7036082705200425,0.2921291443081511,44,1
s038,-1.130829774996933,-1.2227268291027529,-0.6249475392125028,44,1
s038,-1.1235865003969252,-1.0282964815895717,-0.19847603583002543,44,1
s038,0.6649635620888659,-0.24941275231802779,0.10357213077264762,38,-1
s038,-0.6256723963055567,-0.36537406814001305,-0.609411659487855,44,-1
s038,-0.47970691179730424,0.7268752691176121,1.655470791345102,35,-1
s038,-0.5715887828826232,-1.0018377322954126,-0.5543884199852049,44,-1
s038,-1.7277617840490926,-0.3353379885952342,-0.30700912208364317,44,1
s038,-2.1507951764588475,0.08408383678051876,-0.27524835052540786,44,1
s038,-1.807488133216831,-0.13624239333131827,-0.2580746011203237,44,1
s038,-2.053543900806675,-0.08548731355479562,-0.3611136869492219,44,1
s038,-1.6305889601864316,0.4311045425133304,0.0037996389500039255,44,1
s038,-1.798785810070499,-0.1409501772214735,-0.3592230982494941,44,1
s038,-2.168988482731518,-0.35204917002627556,0.030526725564927155,44,1
s038,-1.38558297921014,-0.8027126920443075,-0.2982408909349142,44,1
s038,-1.3050282674731275,-0.2630781725980723,0.29534743831830784,44,1
s039,3.21010639958639,1.633866751551286,1.2630565864907677,40,-1
s039,1.4407874821988067,1.3263742549918738,-0.651774180093048,35,-1
s039,1.7464417308227493,1.038872810590365,-2.0194148585328957,16,-1
s039,0.6734597122944961,0.23817332592119667,-0.27486097228103246,6,-1
s039,0.3314213428730928,-0.47949758228736394,0.546376975795084,35,-1
s039,1.0848379548280682,-0.3639501375008857,-0.3125518197034138,40,-1
s039,0.6497159562645012,0.3419992167788185,-0.6968693726635883,35,-1
s039,-0.5959650376332963,-1.078930244119568,0.6093004199608109,35,-1
s039,3.792113965067646,1.3268277459543099,-3.1130442850379367,29,-1
s039,-0.4723481265978897,-0.5077477141707626,-0.42648506233032757,1,-1
s039,-1.0444733932504042,-0.6996736193767488,-0.373784620353513,1,-1
s039,-0.18237193105488636,-0.041786772849484385,-0.08961233953181737,35,-1
s039,-1.1177499268200954,0.17735958871299834,0.20642365965331472,1,1
s039,-1.176124616055653,0.32324789218583316,1.4127435750318222,35,32
s039,-1.4835121055191136,0.07806268683899156,0.05632942768575118,1,1
s039,-1.169925146681159,0.5457282189632301,-0.010636500460528038,1,1
s039,-1.368777213266574,0.3442806151455035,0.004145776980189149,1,1
s039,-1.5762673756249284,-0.34858718967475066,0.5654167838805882,1,1
s039,-1.3862284538679932,0.3579031494847575,0.4555333981473499,1,1
s039,-0.9892276314891164,0.3534895262775773,-0.1268040776612274,1,1
s039,-2.2173584479161925,-0.12360776589666417,0.1541970006897267,1,1
s039,-2.1421563982919682,0.19162425158865945,0.2428033042401784,1,1
s039,-2.182777403472751,0.2815044586516881,0.31128891950871407,1,1
s039,0.7033929372214942,0.8682329235514266,1.4851765697941952,52,-1
s039,-2.187028983973528,0.3652611675882363,0.11328715658357404,1,1
s039,-0.8628698792636749,1.6643760657856745,-1.7505383820615192,16,-1
s039,-2.541377860646782,0.07656608623905495,0.19818509480269764,1,1
s039,-2.224587429742449,-0.37337500217402975,0.20455026386035327,1,1
s039,-2.096808328378976,-0.23267878145476906,-0.10668457040458652,1,1
s039,-2.467184298334134,0.9239335216573601,0.76943504301758,1,1
s039,-2.1896258388066907,0.07082694597671861,0.3052173969064735,1,1
s039,-2.325213762861041,0.3555205284407085,-0.21529358103352503,1,1
s039,-2.771117044977277,0.5112698411015006,0.07790564164753092,1,1
s039,-2.41282738906593,0.4649262971914663,0.11732678753945931,1,1
s039,-2.1866747543187657,1.2309391944594432,0.3317495911922918,1,1
s039,-2.4635555407479672,0.8848750650478442,0.1018655286187621,1,1
s039,-2.128723640060992,0.20193630108665866,-0.2240345656768389,1,1
s039,-2.1677047969005003,0.6574120563244752,0.05514527428641293,1,1
s039,-2.87319385529587,0.9215859734355655,0.0411984564046798,1,1
s039,-2.3942695929183495,-0.05888194728402791,-0.0933015882651845,1,1
s039,-1.785578799964816,0.33813622886199257,0.3357539469338575,1,1
s039,-2.093965770249269,-0.07151312968439362,-0.003375316936155634,1,1
s039,6.221488497251435,6.990715745310274,-3.4995267680632796,15,-1
s039,1.6618533941561777,1.8304026688574977,-1.9058334811256508,47,-1
s039,-0.1401056334063241,0.2440064504867691,-1.2770276997531935,1,-1
s039,-0.07538224565222901,1.0167413669464302,-0.1906828346841508,35,-1
s039,-0.5452371798082913,-0.15861363399389888,-0.2314601770168562,1,1
s039,0.20844157627211393,-0.266200558948288,-0.8941621154056931,44,-1
s039,-0.6641357662169084,-0.6725887894550627,-0.06938933013305552,9,-1
s039,-0.17378888937866302,0.3110705776045398,-0.7303666123915693,42,-1
s039,-1.1646719628970439,-0.6033607450206273,-0.21380722565381718,1,1
s039,-1.193187171079314,0.535030862407853,0.09405452092438256,1,-1
s039,-1.6191971804713394,-0.24865912024322304,-0.1159788407743873,1,1
s039,-1.374936004351628,0.20537227409664963,0.5159005458861898,1,1
s039,-1.7091767294010878,0.32274531688636765,0.028376850156152624,1,1
s039,-2.0231024061960037,0.14663299311788297,-0.2657470429769186,1,1
s039,-1.7363071807472976,0.23791729842692375,-0.24833132368806696,1,1
s039,-1.2665248845221775,0.18006461401594412,0.5774464537306632,37,-1
s039,-1.1130639486208336,-0.19540752884637125,0.24243322262314576,1,-1
s039,-1.4397215076737309,-0.7980732407826193,0.1655223461853011,1,-1
s039,-1.6372428230962632,0.300700946131718,0.8125928674324385,1,-1
s039,-2.5912748183389267,1.0158335268812482,-0.09098758575968123,1,1
s039,-1.594420700510367,0.803067020285245,0.2215039693623513,1,1
s039,-1.8860238962137765,0.3672405987850575,-0.14538910887072745,1,1
s039,-2.055487643866975,0.07966837448379464,-0.15814638458404565,1,1
s039,-2.663463061838461,0.6493204415385646,-0.17467208020174935,1,1
s039,-2.619206696464615,1.0838125101145275,0.046694338082596945,1,1
s039,-2.4879818525092943,0.3594204103896517,-0.2732696293267554,1,1
s039,-2.527569806299773,1.153470539688242,-0.1277589347622284,1,1
s039,-1.4923658748153346,0.5693610661784733,-0.6355427774755094,1,1
s039,-2.4509250514576375,1.257704965317879,0.07940932910445198,1,1
s039,-1.2397505979871546,2.361729791699254,-0.7173183361077824,49,-1
s039,-2.9730961156329165,1.5658818958455485,-0.3110799458840536,1,1
s039,-2.9064506347676398,1.796819032922535,-0.3552166588802018,49,1
s039,-2.5190772873515543,0.2590916551165886,-0.2999736493406001,1,1
s039,-2.2520283721201477,1.9450975226524874,0.17899232417480854,1,-1
s039,-2.321955455783835,-0.0846019911231328,-0.4953495385351375,1,1
s039,-2.349183412946304,0.07459552713906482,-0.11738153822745023,1,1
s039,-2.3677932014049925,0.6210127723682217,-0.3140624277009818,1,1
s039,0.16327733316885817,2.7103725940318686,0.7292984708345851,38,-1
s039,-1.768033831887534,0.3055052148862712,0.11968939075972325,1,1
s039,-2.349215332255784,0.797245009960651,-0.017762320968102006,1,1
s039,-2.5100600179624495,0.41197811508906745,-0.052084559389117935,1,1
s039,-2.6500599523450905,1.0990264037138744,0.21128545927607775,1,1
s039,-2.84713254206404,1.2933710653425503,0.022229760554774006,1,1
s039,-1.7655500790644671,1.9957881219725748,1.8434214508807139,35,-1
s039,-2.3843511282836327,0.5373731672164433,-0.36017677400089126,1,1
s039,-2.6308347824919673,1.265306569893175,-0.05292170526756727,1,1
s039,0.08719577049427771,1.0217861222563078,1.3106821006504408,35,-1
s039,-0.5068825244746146,1.2587110444501286,-1.6415579591397034,16,-1
s039,-1.2106222472200467,0.6743910005974231,0.6885716364244316,1,-1
s039,-1.7377575426574638,0.4304707711852162,-0.05387296903944761,1,1
s039,-2.144195005133382,0.36066730121603063,-0.20805313866839653,1,1
s039,-1.5223201921147804,1.2457517648733536,-0.21030348420014433,1,-1
s039,-1.5603922419329146,-0.7692787045070115,-0.5121959573208413,1,-1
s039,-1.214041524468527,1.5784483961522922,0.4821002896380782,38,-1
s039,-2.194762880810252,0.23607032146286655,0.018572401940192253,1,1
s039,1.1411136022050195,1.413567003417439,-1.2656101613277275,42,-1
s039,-2.7958122119820854,0.625050538962302,-0.1321833797822916,1,1
s039,-1.383757998562207,1.5060486595415354,2.795983171108562,45,-1
s039,-2.655644488528782,0.7404312265734154,0.43070604230883996,1,1
s039,-2.6287332654452675,0.02879590269277546,-0.24803568320033442,1,1
s039,-2.5294714409379444,0.44079994198089395,-0.23118205530869634,1,1
s039,-2.575910925196283,0.48971342276599394,-0.10799261452191489,1,1
s039,-2.447546077499042,0.013067680302832865,-0.09648056087292067,1,1
s039,-2.7373384130239424,0.04884362343588622,-0.1701210109066931,1,1
s039,-1.7012989800543492,0.9869537905572886,-0.30132702707737274,1,1
s039,-2.7591332204627985,0.709236551615745,0.12798197082176177,1,1
s039,-2.403158137259013,0.22309923237087026,-0.12191410556267569,1,1
s039,-1.7214944972512816,1.0181775139237954,0.009922404808944841,1,-1
s039,-2.3047673365223935,0.34613020107559905,-0.2584272800989894,1,1
s039,-1.9886471311877703,0.008995631427592202,-0.1659621641712152,1,1
s039,-2.3252592408827386,-0.1749949219414557,-0.1994611890992202,1,1
s039,-2.586665680265611,0.3332785377492397,-0.24651699609647967,1,1
s039,-2.43799539156238,0.018692548737345507,-0.1122078846378567,1,1
s039,-2.407220660886426,0.1693414340098812,-0.35006502338832,1,1
s039,-2.7146209723833397,0.4227280900332322,-0.08841019879328196,1,1
s039,-1.819822463863233,0.6399173969741655,-0.2618594277920977,1,1
s039,-2.4911019095329765,0.4474964144539266,-0.22142251268519095,1,1
s039,-2.2857388788057493,0.9011683691102597,0.14183478991143728,1,1
s039,-2.2211177321014723,0.2741198895558589,-0.152554908193706,1,1
s039,-2.492079494551149,0.16662167360119148,-0.2321208117535717,1,1
s039,-0.7850752832514362,1.2248916085802044,1.190232737454197,35,-1
s039,-1.2526974974549712,0.16957050617144181,0.6408460095532472,37,-1
s039,-2.2401532797017554,-0.10385962659804897,-0.21864354602202132,1,1
s039,-2.0862199030018047,0.22596313087390205,-0.2597506754452149,1,1
s039,-1.952798915046825,0.5158425188733029,0.41013153954394777,1,1
s039,-1.9617439456325594,0.4333641560086774,-0.4858589705945623,1,1
s039,-2.252830979297898,0.02557600217647904,-0.3382986611011234,1,1
s039,-1.5286703637284174,0.01714473670889355,-0.22881889695520274,1,1
s039,-2.0190011186128376,0.1483757228722957,-0.3240534246371911,1,1
s039,-2.216867150035804,0.08145409420238486,-0.2262047358588192,1,1
s039,-2.3743772111568164,0.3983552387367682,-0.2859210719052963,1,1
s039,-1.6480100414485575,0.8074632889709071,0.008661815118908038,1,1
s039,-1.3027021837350248,0.14454737709787135,1.6212012943238323,35,32
s039,-1.6585357996735852,0.732277361870032,-0.38304425246585483,1,1
s039,-1.547470745533517,1.0422610462535022,-1.437194922627928,1,-1
s039,-2.0841517792853157,-0.14770082698980883,-0.2967785258134392,1,1
s039,0.680900784986161,2.1688855815766086,-3.920288599687605,16,-1
s039,-0.9109153055133135,0.5525653165083355,1.821067941869282,35,32
s039,-1.7749166947881936,0.8012405164948555,0.5972478024283469,1,1
s039,-1.7601184815671356,0.8230578274734959,-0.02390039944225534,1,1
s039,1.9735197542055825,2.668736391247225,-2.1920025131362078,32,-1
s039,-2.757397041528036,0.30223085438147845,-0.20029658631114058,1,1
s039,-2.3353494649985054,0.6495578748036597,-0.2945079658716321,1,1
s039,-2.4005581825077336,0.3981887726043492,-0.3341592377021987,1,1
s039,-1.8323406583435127,0.6312615529544362,-0.8034188112838558,1,1
s039,-1.7818767455946167,0.7951248792155615,-1.2873344665521058,1,-1
s039,-2.414965113327036,0.6567050803621682,-0.22634810018354162,1,1
s039,-2.419109161498554,-0.11064218645212322,-0.28147689767044604,1,1
s039,-2.2854394599131367,-0.005845078726403019,-0.4522592275270577,1,1
s039,-2.4333395121124326,0.4273173253406894,-0.08939867629772574,1,1
s039,-2.4381178372214576,0.13672041242207245,-0.39649718854744176,1,1
s039,-2.2401301188345144,0.13129758014578216,-0.10852831705281937,1,1
s039,-2.481894977221735,0.09293010760237862,-0.27006432381797335,1,1
s039,-1.9542476799929376,1.3330517935278603,-0.5876373614270844,1,-1
s039,-2.1575842803866543,1.0484841709274657,-0.3078495390281667,1,1
s039,-2.9065976202740593,-0.04134835490402914,-0.2141591135771542,1,1
s039,-2.5278458168513662,0.5772399721258605,-0.5100678781177297,1,1
s039,2.8063723391700015,4.172884946183203,-4.338967412276729,29,-1
s039,-3.1715739068425117,2.032783016981432,-0.07014462944159384,1,1
s039,-2.4983851997014983,2.369560222487863,-0.8901049131217456,1,-1
s039,-1.474954355375857,1.0474175754233852,-0.39333587841805345,1,-1
s039,-2.899359536937959,0.8991864196316821,-0.2904461519993504,1,1
s039,-2.697006330259831,1.5016645998868854,0.3061669659980178,1,1
s039,-2.244816004111307,1.5092302457598974,-0.0878530975468699,1,-1
s039,-1.1849936269195658,0.8639340198859323,0.22110910797392883,37,-1
s039,-2.1743106324445978,0.4791139479452163,0.13087913308120705,1,1
s039,-2.754824852369126,0.8185799181209322,-0.35507174707416705,1,1
s039,-2.2453407772527654,0.813833549724386,-0.0770402336481973,1,1
s039,-1.8324777897324223,2.7026650321556813,3.022442303775732,45,-1
s039,-0.7006562225254668,2.362131493945564,5.502390448305383,18,-1
s039,-2.9337737529211836,1.0760279762089573,-0.057765241584034524,1,1
s039,-2.84521057401503,1.0378459684206052,-0.27263820185430226,1,1
s039,-3.201327763430369,0.9873484291859664,-0.26017131096648055,1,1
s039,-2.2223332722262286,0.07289123841562185,-0.40902515758390967,1,1
s039,-2.3306040885060733,0.41291233965324653,0.1476695591078792,1,1
s039,-2.7393859799433766,1.3200245923111316,-0.08163784213494873,1,1
s039,-2.7061168973322287,0.9888701011554232,0.008214522387920977,1,1
s039,-2.3219930124353074,0.9978785172412636,-0.4088908819514885,1,1
s039,-2.5706972788147118,1.5872140008390507,0.07671418525990617,1,1
s039,-2.5949729849290186,0.6141022575332237,-0.22872860751173732,1,1
s039,-1.9928364669032155,1.712916455438101,1.1021537551265088,35,-1
s039,-2.2973252454277424,0.4666546397148213,-0.18535008620107954,1,1
s039,-2.2206998025485456,0.6445901424390329,-0.5753755387519242,1,1
s039,0.571260453140747,0.6988545741858734,1.3915382881889469,37,-1
s039,-2.0412156758983118,-0.51302911937317,-0.27806903047968223,1,1
s039,-1.7161659251397858,0.07186136726554009,0.3215069174516326,1,1
s039,-1.811491943327487,-0.2723578934739742,-0.08248102432795892,1,1
s039,-1.941530694701209,-0.8583789015689387,0.23373385015456125,1,1
s039,-1.6850464106450271,0.42116207045919785,0.7042106282461431,1,1
s039,-2.8260974864649606,0.7869406530477405,-0.03067927269286999,1,1
s039,-2.273100984560771,-0.2831607407855702,-0.2524521019944367,1,1
s039,-2.054459669475936,-0.02889376953220472,-0.12017414501971063,1,1
s039,-1.921814051839322,-0.09226204709311966,-0.17635866250488552,1,1
s039,-2.200688812491464,-0.04401991866364804,-0.16847116945360383,1,1
s039,-2.513849639660521,0.11874390581191412,-0.2184232193174392,1,1
s039,-2.352927270984131,-0.21103432579247944,-0.24517913082850137,1,1
s039,-1.8175752152883056,0.29138103054338754,0.1851497323501566,1,1
s039,-2.2774311254781066,-0.804629978109539,-0.23230548757540304,1,1
s039,-2.1804796977291763,0.43048941133090646,0.38628682042700585,1,1
s039,-2.9214251768647057,0.8071655478455645,-0.2946488799391255,1,1
s039,-2.261999207306125,0.011453243461889624,0.023901609744548868,1,1
s039,-0.7793511380625193,1.2922240960783977,1.8515858729822359,35,-1
s039,-2.8120572755376525,0.639412549529141,-0.38780550298283484,1,1
s039,-2.177354367919013,0.6589190918523927,-0.39737596954667925,1,1
s039,-2.545239056754075,-0.07780085815883209,-0.1919227961384609,1,1
s039,-2.808180920495866,-0.0006638076461234393,-0.15511529422099507,1,1
s039,-2.7069177356175764,-0.2615143388209351,-0.24613485963763548,1,1
s039,-2.1622185366427393,-0.036309488785588824,-0.36149133378099696,1,1
s039,-2.4858436465527523,1.0421269493195429,0.4260068226495641,1,1
s039,-2.05672243939123,0.037342711521206925,-0.2853204592311722,1,1
s039,-2.140660507413663,0.6998239305830235,-0.2755421975602021,1,1
s039,-1.1007941137944874,0.8490131169503078,0.8697043685189987,1,-1
s039,-1.388913369186506,0.6922708934344294,0.789295364373343,1,-1
s039,-2.4553935649563017,0.23065609734936093,-0.280796815606791,1,1
s039,-1.6686976373973725,0.5842672702434502,1.3325275124725404,35,-1
s039,-2.835686666111173,1.123495449982477,0.7248016707825219,1,-1
s039,-2.4936846593409228,-0.23211499769993613,-0.12559879218869982,1,1
s039,-2.254567156050343,1.0563076882635272,0.3099481291308501,1,1
s039,-2.747529414439149,-0.11637669118706358,0.055693153871542694,1,1
s039,-0.3666013605968243,1.0698179911624808,3.7737388983628817,45,-1
s039,-2.641113754763713,0.01779204053121181,-0.2053185564813581,1,1
s039,-2.2343812747798006,0.12509814798215582,0.24369222340930596,1,1
s039,-2.4298097787093806,0.8484021883426757,-0.8244095909694965,1,1
s039,-2.256957794381406,1.4601869557735356,0.3016346879553902,1,-1
s039,-2.7978613728233688,0.2962810411033929,-0.2780280907797597,1,1
s039,-2.4794470167320712,0.569655266806077,0.05180113705744409,1,1
s039,-2.3447076732459333,0.7319663338981661,-0.36215865975032846,1,1
s039,-2.230238048891137,0.566736712551276,-0.025831094996857182,1,1
s039,-2.714917464128462,0.46833639501231045,-0.20593433618020746,1,1
s039,-2.4669476905004832,0.4556533239550947,0.006507603141948295,1,1
s039,-2.649974738325378,0.09618336792003003,-0.12283323948474019,1,1
s039,-2.4958740806185498,-0.08684529030282068,-0.2036896124828754,1,1
s039,-2.4488564693780717,0.014061767047456012,-0.15112581157176289,1,1
s039,-1.9518277408472775,-0.1911472639105988,-0.0830545519685624,1,1
s039,-0.5139639983783444,-0.3250973337350959,-1.5056962155454672,16,-1
s039,-1.5257867026406269,-0.6205633185120043,0.2055265176018282,1,1
s039,-1.769547408127052,-0.37833956652502043,-0.16114957389579843,1,1
s039,-1.0113856491265907,0.2287156490192242,1.8476550678425934,1,-1
s039,-1.7842513898322732,0.20805910983701606,0.17975063559885893,1,1
s039,-2.338978454472376,0.08339996586385119,-0.12403132945187242,1,1
s039,0.22799192258574313,1.2275892651662037,5.449476307854732,18,-1
s039,-2.544487722908635,-0.11120564279181205,-0.11292746472554253,1,1
s039,-2.217211416957649,-0.04238022035832395,-0.1415418799431477,1,1
s039,2.706742898324812,4.247713349966278,-4.560970884384588,47,-1
s039,-2.1915684074765283,0.5491820053879665,0.3963519283739848,1,1
s039,-2.309236513330916,0.22421543265345317,-0.31424241485144505,1,1
s039,-2.499420864676378,0.4103725274628748,-0.34000926414559524,1,1
s039,-2.4292182926860146,0.10465524243987716,-0.37419777270159205,1,1
s039,-2.334985202097605,0.19666824316531548,-0.19619670367869235,1,1
s039,-2.4242905275721527,0.11094859359372299,-0.28822351423362313,1,1
s039,-2.5898057110188852,0.11797331281456294,-0.16527882093025167,1,1
s039,-2.5258230828942887,0.11521727409184786,-0.3767041232424862,1,1
s039,-3.041830320626938,0.6533965575403486,-0.1299931128936051,1,1
s039,-2.7618258729923544,0.2626020224417576,-0.12032164470540366,1,1
s039,2.0989032003803607,1.9089173132449215,-4.5875146856524,29,-1
s039,-2.6730920119671695,0.35456257656687734,-0.4749433518028947,1,1
s039,-3.0005519786006714,0.9193545721511232,-0.2288248541520365,1,1
s039,-1.5726582527878628,1.2418784786518635,1.522757643137387,1,-1
s039,-2.6910300477508153,-0.20773107893133533,-0.3405852526188719,1,1
s039,-2.858685988068173,0.36999979513301545,-0.2941488737315257,1,1
s039,-3.0193876018297683,0.7154856366588279,-0.06106894341107409,1,1
s039,-3.100912594596077,0.9752919087240322,-0.300595170941471,1,1
s039,-1.4652531467719925,0.9032217751379652,-0.6069246777666216,1,-1
s039,-2.9294742201274033,0.592847976771835,-0.39212587142988065,1,1
s039,-2.5827846444561136,0.22003560744788198,-0.49236064519434464,1,1
s039,-2.7214213734726016,0.4065874295052014,-0.36808321003065697,1,1
s039,-2.91550313186267,0.2274612579885352,-0.2327538987810856,1,1
s039,-2.979809531505182,0.44430773724808564,-0.18463234815241283,1,1
s039,-2.9943540558202955,0.5598692370525199,-0.3253961045069084,1,1
s039,-3.0031877663129287,0.5054280706615988,-0.2119633381819362,1,1
s039,-2.982652293032586,0.6260297484459793,-0.2905422213892976,1,1
s039,-2.55201707651427,0.03289787003538179,-0.5253168456438668,1,1
s039,-2.829851766575774,0.359552298875998,-0.17753542888942533,1,1
s039,-2.8117637750462454,0.2813905602273088,-0.39936896545404604,1,1
s039,-2.140269793694816,0.8679315347534338,-0.14326102167889918,1,1
s039,-2.531564225465838,0.5523734882558887,-0.5522210714316953,1,1
s039,-2.366786984364945,-0.09731643694193547,-0.33849628358801204,1,1
s039,-3.074497991812762,0.8826603693491327,-0.40089303897960377,1,1
s039,-2.1522613801962107,0.39022375444734086,-0.06013235665513931,1,1
s039,-2.2400992231697763,0.5377815631755833,-0.007269026462545331,1,1
s039,-2.389107786958738,0.18024422493096634,-0.2129211593549856,1,1
s039,-2.286912638839113,0.029225486912854287,-0.2047634403407562,1,1
s039,-2.0186010401780616,0.06135939976683839,-0.31243071757476654,1,1
s039,-1.5988983737373559,0.2081326834122157,-0.10113028979726375,1,1
s039,-2.4250678642800407,0.9904376739976518,-0.15442311710571224,1,1
s039,-2.1350571885922918,-0.07797598251223965,-0.2684401649153185,1,1
s039,2.2684545190491034,4.137731173595078,0.2445599443030962,42,-1
s039,-2.499921077709321,0.897061067715172,0.4254285504325275,1,1
s039,-2.94071223181346,0.3026987837932056,-0.2845879375744927,1,1
s039,2.806801599926809,3.0509991444963207,8.720510207128594,13,-1
s039,-2.849681326298896,0.4172485343046952,-0.18704323941679646,1,1
s039,-2.510016747504765,-0.12562238598046788,-0.48200837823383197,1,1
s039,-2.5178778427217074,0.5833807476495297,-0.4232706880983389,1,1
s039,-2.5205449288925044,-0.23291240258955045,-0.2352670593150187,1,1
s039,-2.344443581810465,1.0356264948828764,-0.43337688599572444,1,1
s039,-2.2121347106400333,0.022931775998619165,-0.10920053143882011,1,1
s039,-2.646744208871869,0.5358656807201849,-0.2400904072624938,1,1
s039,-2.7777248936553898,0.30442716507878564,-0.27303553352356386,1,1
s039,-3.072568336970321,1.3335558659528635,-0.1840006021859955,1,1
s039,-0.21754614500002648,1.751918420722337,4.460054718161151,52,-1
s039,-3.1971232895537374,0.9428875382390399,-0.33054578336653895,1,1
s039,-2.7748428889149888,0.4171464926287495,-0.38791357262640075,1,1
s039,-2.5969872577356137,0.33616795852796383,-0.4791635728627426,1,1
s039,-2.7258182905642987,0.2206174628319375,-0.2942843220405191,1,1
s039,-2.6022867839043644,0.6921309710837765,0.10291538556484905,1,1
s039,-2.4509900539706675,1.6025630471362495,0.5616134473137778,1,1
s039,-2.550121872202026,1.076062600310747,-0.4035395496188143,1,1
s039,-2.76487039892992,1.2803139876981873,-0.1534024191343969,1,1
s039,-2.86463518180867,1.0499676780625522,-0.41879666195817566,1,1
s039,-2.282136426294325,1.467109444058068,-0.7670871240181937,1,-1
s039,-2.9769723663904784,0.5057604705052975,-0.3580740658666509,1,1
s039,-3.2994097068617085,1.3341268470231589,-0.01849989834900169,1,1
s039,-3.4623389610879505,1.0680396670293395,-0.2928990965022096,1,1
s039,-3.026362165054545,0.3593177280575776,-0.2116121134847747,1,1
s039,-2.754955177555863,0.37946585437310626,-0.4818170160801508,1,1
s039,-2.8774188065448856,0.18387547367396953,-0.4247494490997885,1,1
s039,-3.0392092754078304,0.5892648486302097,-0.5972746610131002,1,1
s039,-3.2909833505290793,0.8834701717136737,-0.38249308487822203,1,1
s039,-2.976122450431979,0.8699533811757135,-0.28177192527293654,1,1
s039,-2.9442387720083767,0.5670782370184612,-0.2005131029646463,1,1
s039,-2.5718353753728707,1.5972945573989943,-0.18874414778403775,1,1
s039,-2.1513007784023723,0.0745899136867138,-0.1685623495400619,1,1
s039,-2.2411685152778964,0.4577599639612436,-0.0896301446271918,1,1
s039,-2.1852698773020816,-0.5038475359658817,-0.3786607809861593,1,1
s039,-1.9987669778869326,-0.20797931310835285,-0.12180888065127284,1,1
s039,-2.312623417796429,-0.23547467141976006,-0.45413231664208625,1,1
s039,-1.9945888822550315,-0.32519967347478684,-0.2181490730425067,1,1
s039,-0.6982821059219586,1.1576652763352717,1.9692252610183334,35,-1
s039,-1.9091849910929959,0.7754936088547563,0.02238907842921713,1,1
s039,-2.3152805547100814,-0.042300325256430106,0.26079319711977383,1,1
s039,-2.06356311637955,-1.0666493142690443,-0.23875405314031284,1,1
s039,-2.157831935252823,0.40110563765321827,-0.6422719318555921,1,1
s039,-2.505105937383465,-0.18789248943032363,-0.23807830302030816,1,1
s039,-2.927690109006624,0.21007153486618088,-0.07954242366579765,1,1
s039,-2.9185028430215887,0.1267997382393539,-0.18990210580484157,1,1
s039,-2.7538112569237976,-0.018349173579291004,-0.3217604637059448,1,1
s039,-2.7726452956079455,0.08167608133225915,-0.22584596729548517,1,1
s039,-3.238282007318791,0.986293773215261,-0.11563887587983991,1,1
s039,-3.2183819981104644,0.42002277021836665,-0.22680584623182887,1,1
s039,-3.3504909779322922,0.6619868871028916,-0.3161492415156331,1,1
s039,-2.930525901292087,0.38259028464798356,0.02976736843568605,1,1
s039,-3.2618045683453336,0.8297391472409774,-0.19486277692432655,1,1
s039,-3.2757621082159414,0.44289279267772863,-0.3170429690332534,1,1
s039,-3.1782400334188274,0.7126977910602239,-0.14691432555422002,1,1
s039,-1.8781792429775241,2.2044707520636413,-0.07455251788236238,1,-1
s039,-3.710805494480747,0.9886117848853994,-0.14542361775868895,1,-1
s039,-2.9989528174845863,1.394260635163284,-0.5842426481607116,1,-1
s039,-3.140555107703695,0.334202219360547,-0.2479271353167311,1,1
s039,-2.9917421661809924,1.1111311795084866,0.24361428451783837,1,1
s040,3.2619349642390154,12.114062200310325,-0.31555205251037766,56,-1
s040,0.027427959359807276,7.638403485242143,-0.12466372532055996,17,-1
s040,0.6196306290370687,3.8517553007145557,2.7410829901380986,45,-1
s040,-1.5085908920447089,3.8650814132423448,0.46297074553298573,17,-1
s040,-0.3496035138378743,2.2431713110718676,-0.08598066616541639,41,-1
s040,-1.7755019360175688,3.153033465924275,0.37868677168415876,41,-1
s040,-0.9726734742080667,2.8946528025635176,0.036427373790213824,41,-1
s040,-1.4484308778502295,3.087953423672887,0.4025092595853582,41,-1
s040,0.2455272431142553,2.438099729181319,-1.5390748616844885,16,-1
s040,-2.047600024893989,2.4179851535840147,0.3204862679654317,41,-1
s040,-0.4894180052041932,2.5038549221507793,-0.7672611648558387,41,-1
s040,-1.7863397365279448,1.9590623658513004,0.38872812029455994,27,-1
s040,-2.0994108885289977,2.3467667424625454,0.6833489899207817,27,-1
s040,-0.07913446283022757,1.8109777771303253,0.7194872355243576,37,-1
s040,-0.38051550984910726,5.286889131720336,0.5409084796464054,17,-1
s040,2.677282145128039,4.049270294393941,5.501977261197329,45,-1
s040,2.3177178682614303,6.43280345943357,-2.3976753224973826,17,-1
s040,0.9709212528576755,5.017178172543295,1.080128815853969,17,-1
s040,-2.0704889392008314,3.392141246802252,-0.6901291743364423,41,-1
s040,2.459512184831096,3.834386407431865,0.34437419396014307,37,-1
s040,0.017747440090529035,2.1807987893742897,0.01951741041299692,10,-1
s040,2.0587538535891667,5.81602698898594,-3.9696986480312275,30,-1
s040,0.730279139162462,3.771946226765828,-1.4673693148783642,17,-1
s040,0.895049218844285,3.852002423288765,-3.7616251264933624,30,-1
s040,-0.21220143504561662,3.2737833288309246,-1.7424770211806948,41,-1
s040,-1.5763472195613377,1.5724800842637032,-0.6769041163009188,49,-1
s040,0.025019963316963958,3.8764825170168056,-0.7837143713069862,7,-1
s040,-0.7795319607832353,3.508046743762268,-2.0437395586179017,7,-1
s040,-1.2498200539656898,3.6741757083595465,-0.4755230099229,7,-1
s040,-2.1143788157344163,3.423581749730207,-0.1899974990284689,41,-1
s040,1.662981363022341,2.639291097924782,-0.8282339573469824,31,-1
s040,0.41991028731418084,4.095922255253292,0.6366954199193261,38,-1
s040,-2.582567483899584,3.5519023917011627,-0.17787535807514043,49,-1
s040,-1.1559088346759618,3.6998328499354103,-2.799037721302869,50,-1
s040,-0.9824143730674327,3.7580818413703128,0.3945383604229017,17,-1
s040,-0.9151795112677927,2.9267088638544974,-0.07471159845571886,27,-1
s040,-0.4823411033486938,4.08554092770069,0.6003505657901671,7,-1
s040,-2.398650779159395,3.255362614401631,0.8339252882794833,27,-1
s040,-0.41070568147305636,2.9327636221063105,-1.9139313536645368,7,-1
s040,0.040118862337937815,4.1576959607099475,-0.03859445125852298,7,-1
s040,-1.8416993941342406,3.364723061361052,-0.41416038843893765,41,-1
s040,0.17616957567005218,4.416189759275738,-3.4403265381364565,30,-1
s040,-1.164673491289742,3.557533122399279,1.8918339247906228,27,-1
s040,1.2083687253847955,4.71416954908287,0.6636335465546079,7,-1
s040,-2.4996375800040984,2.5018559986838724,0.042116915007230006,41,-1
s040,-1.5730686653937274,3.9886286011398084,1.0213563793210596,41,-1
s040,0.06663894890518032,3.571062194068082,2.2131476524544187,45,-1
s040,-0.4096599811736353,4.281715163313446,-0.8000594273193808,7,-1
s040,-1.1269177064230131,3.5383089640929106,0.19998088403828543,41,-1
s040,1.0997591373589664,5.694183934791196,-1.8426537196867554,17,-1
s040,-1.689075083586917,2.794818649983472,0.2018454525920845,41,-1
s040,-1.468219237368527,5.742743152861931,-2.5737132837354633,7,-1
s040,-1.6381346507528933,5.0197754192708945,-0.5868888295987384,7,-1
s040,-1.6846527352774099,6.081715324473707,0.19173382306323702,4,-1
s040,-1.3753004930628827,6.031206504203977,1.3691299769408098,17,-1
s040,-0.4091068297470006,4.396943308628844,-0.012226368657861055,7,-1
s040,-2.7422658776860946,4.2273614477875565,-0.9426723065626905,41,-1
s040,-2.8727627432465876,4.614494276113184,-1.4414610025326233,4,-1
s040,-1.4272730225681833,4.1911548971412,0.10553895394835207,41,-1
s040,0.7070773919083185,5.471509713198529,0.43532641928660926,37,-1
s040,-1.3440372143434913,4.5750364514945305,-0.14842386103353225,17,-1
s040,-1.8141771667975166,3.818152321747422,-1.886443796536984,7,-1
s040,-0.44266685087008545,1.548321242432526,0.2851101347363032,27,-1
s040,-1.6305935527676385,2.5839485234030346,0.5549514243735323,41,-1
s040,1.7603767687690393,4.189633580495048,3.6549546189591573,31,-1
s040,-3.865891362815721,3.696706471192258,-0.3841718603272224,4,-1
s040,1.976177326360068,7.806864107352935,2.609843500763476,17,-1
s040,-2.3845060320497673,5.716831724506955,-1.4078124421229283,4,-1
s040,-2.12454473166361,3.3195685565103195,-1.026175768389873,41,-1
s040,-2.7772192096359514,3.483915191527012,-0.5309106441925182,41,-1
s040,0.4127945102138138,3.7525794984267167,-4.012517131058716,16,-1
s040,-0.28981740497758285,5.0851852696206485,-2.3037484812239764,30,-1
s040,-1.3744467804636966,4.021594577074461,-1.6991363636202597,41,-1
s041,0.35202994616748307,5.224951159494941,1.8141433715355113,7,-1
s041,-1.8886420515794613,4.375514806190219,-0.6679579693889547,4,-1
s041,-3.452321917090119,3.0266903955051156,-0.29932506175898316,41,-1
s041,-1.2728286272751226,2.69398431084626,-0.6248557514055075,27,-1
s041,-1.615244839569959,2.167502040051392,-1.2513841576730085,41,-1
s041,-3.343024707452951,2.5155091957798894,0.15972805475651455,27,-1
s041,-3.249473610370909,4.702136277428264,0.6247911317062124,4,-1
s041,-2.796349637810339,6.916948609463381,-2.7667503948613867,4,-1
s041,-1.24634619553742,6.648930025064554,0.22882074241778297,4,-1
s041,-2.4576563811571455,5.012251201719354,-1.5047809773722713,4,-1
s041,-0.1304200566461955,6.370914149058063,0.4005828326929656,38,-1
s041,-3.5144531093709803,5.16495794423163,-0.2602949968682524,4,-1
s041,-3.439652937601175,4.551853397895173,0.47567604091102195,41,-1
s041,-3.057463852163616,2.4755255469104163,0.007121323773298124,41,-1
s041,-2.7781909266717815,2.8183222922370086,0.2038169180901067,49,-1
s041,-3.0507187859238636,2.7798974038066495,-0.06792875490123966,49,-1
s041,-3.796689359310503,3.945650400651892,-0.19909026052791728,41,-1
s041,-3.2709917823139643,4.228853366098152,0.21640527539722407,49,-1
s041,0.051801849976467564,6.761312100456767,6.239985691399984,45,-1
s041,-2.2841205516804632,4.146883344942487,-1.0021139973139068,49,-1
s041,-0.4492119050946724,3.294152010956733,-2.622639407218372,16,-1
s041,0.5655978100088018,7.4662044157883525,-5.419246180616058,15,-1
s041,-2.2868819665786217,3.415376786449287,-0.9598028425876461,7,-1
s041,-2.9413812814487508,3.909424318376954,0.616054973678593,41,-1
s041,1.0809439973494894,6.338282837346292,0.3197979203992433,17,-1
s041,-1.2932441966334296,8.971134437831148,1.053521490482447,17,-1
s041,-3.2371061650006636,5.336733451613559,0.05678794849565049,4,-1
s041,-3.16030523281275,7.2373951465284,0.8389951023409301,4,-1
s041,-2.5138393980315317,7.695671021112343,0.25575874322185677,17,-1
s041,-3.9265825765238813,5.404299962437116,-0.06030932043154117,4,-1
s041,-3.4512969761523156,6.889503047680113,0.24864975936809713,4,-1
s041,0.4871504634560962,8.864145135441248,-5.667298981772694,15,-1
s041,-3.8493309819062076,6.944752870330832,-1.4551782940064297,4,-1
s041,-5.820747343093469,8.747757688644395,-0.661588477194698,4,-1
s041,-4.467027045923586,8.243720594286248,-1.247982671021024,17,-1
s041,-2.167641388869336,4.068903931940095,-0.9488936665452965,27,-1
s041,-4.222002316795902,4.734990983784195,-0.6643504360420316,4,-1
s041,-3.1465456744954734,3.341036125028347,-0.2714267881726694,41,-1
s041,-2.864803556004508,4.99001774580366,-3.024177548467215,30,-1
s041,-4.897043714992885,6.227931983953609,-0.04224857767259348,4,-1
s041,-2.3553724412714754,6.052445321535201,0.17758251960577978,4,-1
s041,-6.038755000403854,8.889301919698472,0.08432575282207802,4,-1
s041,-2.742654652027041,8.0016640592875,1.4746420864063248,4,-1
s041,-4.5523404095531665,8.232971548275003,1.6234210430156735,4,-1
s041,-4.471675502121784,5.205031094764636,-0.49255054601396103,4,-1
s041,-3.7491786465910364,6.5657195650658,1.3277222779984914,4,-1
s041,-3.856451431038093,7.620251183152455,-2.7578653163188758,4,-1
s041,-4.626022199478229,5.578309314228195,2.185855946729023,4,-1
s042,2.5801694473784593,-1.4559285082334754,0.752334147417412,40,-1
s042,5.339582804082403,-0.34662393326959834,-1.8925900501780903,47,-1
s042,1.331387214320825,-0.610595530942389,0.869343871783372,40,-1
s042,2.353430816852078,-1.0272274979746805,1.105340125288736,40,-1
s042,0.7361258700054201,-0.7295642400695698,0.627321186638925,40,-1
s042,1.213335552273339,-0.8860656031762479,0.29307721721801483,40,-1
s042,2.498165137907886,-1.16949571092054,-0.0752389454050503,52,-1
s042,0.28242832747452934,-0.5727966180031089,0.9670408448826812,40,-1
s042,3.3861996769304556,2.142566751499269,-3.406854918394605,30,-1
s042,0.5979267764436926,-1.4098456763149902,0.5575584193276931,40,-1
s042,-0.46522616686083196,-1.323454922923942,0.5579372664957515,0,-1
s042,-0.7792008339577713,-1.1303362135006776,0.2176378968354028,53,-1
s042,-0.09998232428181796,-1.251303092997027,0.1364561916286327,0,-1
s042,-0.9806604896475055,-0.35350168020902895,0.7138652222571645,27,-1
s042,-0.48622944070265717,-0.49447012842240706,0.10240288318700802,12,33
s042,0.1986305065318314,-1.8433278379281377,-0.07413981053161915,2,-1
s042,-1.00692671572628,-0.754647489764385,0.5788854416526644,0,-1
s042,-0.7505925756761387,-0.6960758008006329,0.3588873219899968,12,33
s042,-0.6173106673987054,-1.4161619285077325,-0.2965630074472941,53,-1
s042,-2.450306872968904,-0.5209251539727691,0.4419271461099306,27,33
s042,-2.3911329169674684,-0.5196756281827826,0.679824194413682,27,-1
s042,-2.0080416102432084,-1.0910492592183556,0.3971582088783909,12,33
s042,-2.3350614045477003,-0.5329760872899826,0.5782528479447839,27,33
s042,-1.146728945506729,-0.9277609838919,0.5309770107332452,53,-1
s042,-1.6533919124202734,-0.8686505823300176,0.3249668253074364,12,33
s042,-1.2654356464501317,-1.0979192129409021,0.08594661043539746,9,-1
s042,1.7668047444054609,1.4761267771619817,1.109303213705685,40,-1
s042,-0.13462591748480732,0.7570359784065464,0.7734701625353874,35,-1
s042,-1.201946552542609,0.4057582000508792,0.46522729241029603,27,-1
s042,-1.04810210126915,-0.22066724416860725,1.0711419662663337,27,33
s042,-1.686678639190035,0.04302988244056227,0.6357195002204733,27,33
s042,-0.9753305000887845,-0.11225884032967147,-0.14862504484822955,12,-1
s042,-2.5400744416166106,0.9864299046692702,0.7604188651983322,27,33
s042,-2.2737777408061346,0.3777736222238847,0.5873101533834285,27,33
s042,-1.796378919135264,0.12371881547420177,0.4829835189539562,27,33
s042,-2.5905775711019836,0.7624728692096405,0.7587531195952603,27,33
s042,-1.7563282736612469,0.45941869330870433,0.5941122154063472,27,33
s042,-2.7777842487207534,1.4131139687554284,0.5505976604639368,27,33
s042,-2.0033694698564064,0.9569632279521432,0.39186998429858827,27,33
s042,-2.7575821107325997,2.4923939236103436,1.2351726141068287,27,-1
s042,-2.3896164817908185,1.0956371521214947,0.7719678222610498,27,33
s042,-2.3927566369598976,1.5857272683996504,0.33036603394260533,27,-1
s042,-3.4945141809075393,2.425166639655881,0.9843279846029481,27,-1
s042,-2.9671033985188684,1.6123273516947674,0.8582958130095453,27,33
s042,0.7329440203832751,2.6892910243979125,0.008644577748980553,7,-1
s042,0.4530622340410013,-0.010448352596900204,-0.897589281517263,12,-1
s042,-2.501837859246613,0.44924918520021706,0.3026789435808015,27,33
s042,-2.2170361712163125,0.43339637882623844,0.2950623068702802,27,-1
s042,-0.7001560810259243,1.8111815701575469,-1.4307415579196434,50,-1
s042,-0.7280348671643218,0.3326349648858387,-0.4674653979715734,6,-1
s042,-2.441416271372885,0.23632855325180993,0.5644066480669484,27,33
s042,-2.0879063018427297,-0.7351032884394151,0.45413988056542615,27,33
s042,-0.8447576182053301,-0.4790930372964996,0.3791190766633511,27,-1
s042,-2.442648133909456,-0.22377812948783413,0.7538112451784061,27,33
s042,-2.474311724806927,0.35890758582652216,0.35019837311890206,27,33
s042,-2.9900037609514323,0.7203961587476749,0.8597579900081935,27,-1
s042,0.38028974574506474,-0.9288214276673393,-1.6313132729980877,47,-1
s043,10.623109566850877,2.7147824125217155,4.4496858901086425,18,-1
s043,8.737641528879163,0.5445259028683938,7.159170105624932,18,-1
s043,6.897622360114423,-0.13498682610649432,5.12842989586014,36,-1
s043,6.48433852929619,-0.08890659041477565,0.4476145869575437,36,-1
s043,7.873841618048364,1.711199476170262,-0.6261726569745691,39,-1
s043,4.028533669321569,-1.1519120642916172,1.6401673577419151,36,-1
s043,5.653420033944216,-0.47327592711577443,3.037665587324786,36,-1
s043,5.994289243355125,-0.7653120806034509,0.344452150755724,36,-1
s043,3.2369463618299683,-1.0677125677119403,0.5389673655368142,36,-1
s043,4.4889510636578365,-1.2343791587720219,2.9632892585544672,36,-1
s043,3.8072965488815886,-0.7161398052617545,3.161271506401407,36,-1
s043,3.7250303840373333,-1.8521426251820925,1.4049238617078912,36,-1
s043,3.5661794034927277,-1.3299480333992855,2.351977426967569,36,-1
s043,3.152647843329711,-1.6792025666262274,1.640578799208998,36,-1
s043,4.976305454807824,-0.669034914274489,2.6799091491599687,36,-1
s043,5.212359733280379,-0.4044358472002229,2.576352675178131,36,-1
s043,4.959466994834967,-0.6935760148659267,3.2587251712301004,36,-1
s043,5.065194671756859,-1.225372236937091,4.298522475180248,36,-1
s043,3.222435344271667,-1.620970821984942,0.9317660007487615,36,-1
s043,3.517729706476679,-1.4654443283196796,1.3897065789938088,36,-1
s043,5.3025805298507604,-0.4340711205121895,1.4322228712029117,48,-1
s043,3.4142662036475087,-0.6763262794029172,2.578344254228288,36,-1
s043,2.646176345598841,-1.1770431102980174,1.3112066904855906,36,34
s043,4.435204904116407,0.23243196084646944,3.33392251052275,48,-1
s043,2.5417345882183664,-1.8835947298591433,0.5939796412493348,8,1
s043,3.9864373149113796,-0.771933553961601,2.355861488638388,36,-1
s043,4.248775201099629,-0.8842026265556762,1.3108168910596274,48,-1
s043,3.9681105769275047,-0.3312913393642307,3.6977830550004303,52,-1
s043,3.6861450368836355,-0.28514766978610684,3.179441190962545,36,-1
s043,3.779517044818957,-1.4607469385720084,2.239267456732543,36,-1
s043,2.149395571541881,-1.0594632735286786,0.9094122808337041,8,1
s043,3.39615698614847,-0.7251176453332595,2.0516406207355704,48,-1
s043,2.2037523351363024,-1.4096667929857367,0.37315829831126734,8,1
s043,2.744260986804234,-1.043063472396251,1.2064732652518373,36,1
s043,4.030920669262614,-0.6585732690735683,1.7830667195704497,36,-1
s043,2.1706692465243793,-0.5810037043042895,1.3202294588585899,8,-1
s043,2.921574974984687,-1.336464122791279,1.8731793523939333,36,34
s043,4.087676048712852,-0.7979944834659527,1.2843089484081018,36,-1
s043,3.0832184379703644,-1.8759547780526786,1.2247511546439058,8,-1
s043,2.24534033343335,-1.0844042911332197,0.30203792648358513,8,1
s043,3.3874578269493845,-0.8358591670626041,0.8667713045316623,8,-1
s043,3.647970971737183,-0.893131170558777,1.6023442036335658,36,-1
s043,2.7012885643241002,-1.7005338732515827,0.5167018169323214,8,1
s043,2.2940189800046995,-1.5550070083956506,0.02345827889642133,8,1
s043,2.9825616854769015,-1.326809604720581,0.5470287105735603,8,1
s043,2.9597591796119227,-1.8849734179721482,0.6520406684762453,8,1
s043,2.617886968933203,-1.1205200727184879,0.06102452775840693,8,-1
s043,3.4556008464733816,-1.0534320086668498,1.5075126624521789,36,34
s043,3.6305141572376365,-1.1535154142797626,1.7373230410826797,48,-1
s043,3.139338620599351,-1.507449852698822,1.257445498019911,48,-1
s043,2.483030271870441,-0.6741781302694059,0.5093045188730416,40,-1
s043,4.204615475181223,-0.9553561090873198,0.5381851329296646,48,-1
s043,5.194187724381632,-0.012765898102335178,1.6366576440688816,48,-1
s043,5.458092176558377,-0.42934735478424757,1.2015135554621872,36,-1
s043,3.3850777023126577,-0.15579891971667373,1.1416622366566216,36,-1
s043,5.410185946825756,-0.3470094547314911,5.029085773387494,52,-1
s043,3.145298604998297,-0.8555660732151191,1.6254989368154926,36,-1
s043,5.843118956232197,0.28376246533844257,0.5587689828649538,39,-1
s043,5.232592853885065,1.1982304785215312,3.454293310615075,38,-1
s043,2.6618137681904215,-1.5381274195301768,0.4497833687849304,54,-1
s043,3.0893824067198574,-1.8940708136334659,0.026848790986125724,8,-1
s043,3.2126827811775627,-1.1241194543789073,1.583078277957109,48,-1
s043,3.153821228508915,-1.3676703099084,1.0704316979829018,54,34
s043,3.149859390377447,-1.2576794093753714,0.1664719685905885,8,1
s043,2.992796691065045,-1.1058341099797582,0.334453022097695,8,-1
s043,2.150882052255206,-1.7944512196432296,0.4107503847834878,8,1
s043,2.4593006151190573,-2.023870183196614,0.27411144473289834,8,1
s043,2.479565160061038,-1.9117057272904119,0.5583225267455654,8,1
s043,2.365248618686808,-0.8525713626884381,0.6257329228913779,8,1
s043,2.5338643760985553,-1.9404249142511132,0.24482412344772458,8,1
s043,2.389322985568669,-1.3252580331782964,0.342339327430929,8,1
s043,2.05155799037019,-1.0457784129175782,0.6092379179522281,8,1
s043,2.324001449005486,-1.6522035210124326,0.3357601770104857,8,1
s043,2.789849725225071,-1.6459262563203652,1.0478720168609763,8,1
s043,4.178994181550554,-1.471248027005118,-0.2505665923624982,54,-1
s043,1.8075806595911907,-2.3394761364974146,0.1188127168455367,8,1
s043,2.32535950210344,-1.743023034030155,0.6196432476040434,8,1
s043,1.872245064622883,-1.1750038727978447,-0.10623832392170603,8,1
s043,1.6911179872058941,-1.7416758862121917,0.3532740936757599,8,1
s043,2.4232091502013797,-2.082616728655362,0.6453560065303865,8,1
s043,2.238302128344459,-2.565837034139201,-0.10784946253440747,8,1
s043,1.9761122185964788,-1.3943194948759516,0.6646221057084386,8,1
s043,1.715479847609334,-2.0823238773581103,0.31643118465422077,8,1
s043,1.6523945390733872,-1.2343850076198193,0.453265312290879,8,1
s043,2.6356568519192733,-1.3910711757504437,0.31806417781287716,8,1
s043,1.9439105269021242,-1.6806555182318006,0.13811002646411585,8,1
s043,1.6402079116265678,-1.4003691536862677,0.08672044521581938,8,1
s043,1.5083524834206545,-1.3987613092114333,0.26738934895811306,8,1
s043,3.8458070463586504,-1.7386431362783676,2.4981766471267948,48,-1
s043,2.0987208378069457,-0.8634683356573791,1.2303221441356647,8,-1
s043,1.6865605983161338,-1.6268166556337749,0.1903421984931327,8,1
s043,3.9898838988707093,-0.6905704594387028,-0.07449834040015248,8,-1
s043,3.184370103431245,-2.0231963028517015,1.020541745170565,48,-1
s043,1.495176783189841,-1.5849371879840757,-0.07589022562413829,8,1
s043,2.001220679095024,-1.7350585842212851,-0.12854291623441563,8,1
s043,2.14391666000221,-2.2636819311393213,-0.053818204134085994,8,1
s043,1.8225787456321105,-1.5933778473205666,-0.031876093889517454,8,1
s043,3.033362121786485,-1.990435019753556,0.7308153341203334,8,-1
s043,2.3598559834624004,-0.8191297670462137,1.1183336891479299,8,-1
s043,4.377070175462105,-0.5051494849386161,3.2991072523072984,36,-1
s043,6.2892314144840284,-0.6315124029905094,1.24071773460229,36,-1
s043,4.884981774781242,-0.5546677503067904,3.189429162678295,36,-1
s043,3.2895160099338274,-1.192320706384578,0.5703352998828655,8,-1
s043,5.140945661211856,-0.7298616543982378,4.30672148456003,36,-1
s043,3.474138690746541,-0.59873172515574,-1.753650562586963,28,-1
s043,3.1935879687627904,-0.08726344990496157,-0.28137229455868495,8,-1
s043,2.700992872746336,-0.6901792426995056,-0.022839196275981462,8,-1
s043,4.166037057964196,-0.7723568341730069,1.3576127662915207,36,-1
s043,1.994209777093701,-1.283292079338429,0.4946292561650982,8,1
s043,2.1282542171899634,-1.4633258074138564,0.09156438173718051,8,1
s043,1.7719656704827536,-1.3576116241209988,0.1341526770155836,8,1
s043,2.4855974493947945,-1.480573398412182,-1.0266506881676647,8,1
s043,3.1368723477210496,-0.4981888290963358,-1.177722871385719,8,-1
s043,1.9149073980625,-1.3520643112758348,0.168049899582792,8,1
s043,1.1017788618904367,-1.0931907529655256,-0.28457047066409,8,1
s043,1.026424775208665,-1.5807611589932806,-0.49548510516118355,8,1
s043,2.103720337471044,-2.0492483087288726,0.16393493989200247,8,1
s043,3.153119615985986,-0.2505124033276928,1.2097816159840913,8,-1
s043,1.8651721475250902,-1.2811079354109094,-0.8236181443777032,8,1
s043,1.6846363923577383,-1.6759263122536223,-0.1553278804437067,8,1
s043,2.600021438427258,-1.4006442766473661,1.6628298082555464,8,-1
s043,1.1463343963859525,-1.7185813525359177,-0.02414470936475571,8,1
s043,1.5361412074958436,-1.7425307437754411,-0.134663648812427,8,1
s043,1.2233697328785196,-1.754895373956826,-0.2532090100101017,8,1
s043,23.22061867664784,7.1924728104902576,14.613086365593194,26,-1
s043,2.5318679071817765,-0.7984293686763939,-1.3163949256733254,8,-1
s043,1.6804042330336546,-1.4758598755031718,-0.3416421929958289,8,1
s043,2.902131897518001,-0.5910338899683997,-1.3229686346497231,8,-1
s043,2.2172206775759724,-0.8677242679861308,0.7943602394622683,8,-1
s043,1.1281728155594102,-1.6883150206708428,-0.3133964774243605,8,1
s043,2.4978804743458403,-1.0915746599664524,-1.1689201792505755,8,-1
s043,2.4297814636202038,-0.9674559373159498,0.9694116360499805,8,-1
s043,1.9139913004189246,-1.4703512694177576,0.2347829735972126,8,1
s043,3.1414686790629713,-1.1353509994081634,2.5958037044027003,52,-1
s043,1.3653447521334752,-1.5542389394186553,-0.5178971759976656,8,1
s043,2.06445863457041,-1.950559121347906,-1.0615899367433008,8,1
s043,1.4104089377063187,-1.5989191126889477,-0.4603002245887745,8,1
s043,1.5330769183954585,-1.6641510140620077,-0.4179969255342344,8,1
s043,1.2093345676153224,-1.4426233695265342,-0.6599937529190907,8,1
s043,1.4322893574126698,-1.5731705621238978,-0.4035957481307104,8,1
s043,2.500297469046023,-1.543794133566448,-0.5010039188514618,8,-1
s043,2.070449555052404,-1.531101209247405,0.08472083652799568,8,1
s043,5.265880811639658,0.4685897559698236,-3.7165815759081013,30,-1
s043,1.9747750830639892,-2.1829620635475315,0.4241418397929969,8,-1
s043,3.023881612383188,-0.9677807756904988,0.710918508478393,8,-1
s043,2.823245848699289,-1.1244799822677927,-0.13882996757683028,8,-1
s043,3.1707019133942365,-0.6793916324530834,0.19531191773610274,8,-1
s043,3.440746049663595,-0.21764087851344505,-0.5783392866881047,8,-1
s043,2.3578918102298663,-0.056962855420504374,0.36995790718072324,8,-1
s043,2.661854085172593,-0.9972738032012066,-0.09019197487492676,8,1
s043,2.2769330174321665,-1.6598799586184512,-0.16877164361825778,8,1
s043,2.0945473718181327,-1.3082146748999526,-0.2802252435221222,8,1
s043,2.2200980206397536,-1.5724314349232094,-0.5472347426884532,8,1
s043,2.691094765148729,-1.549753353952985,-0.24836968112231947,8,1
s043,2.3767321984017618,-1.430998011877428,0.11976837605622934,8,1
s043,2.789683280031285,-1.1823901567837283,0.7959028152146106,8,-1
s043,1.7044188381947936,-1.12996090854329,0.08040182697856282,8,1
s043,1.8757616320509396,-2.696962000425296,-0.3974046382508052,8,-1
s043,2.263554212573983,-1.1792888067779315,0.0006742282975426464,8,1
s043,1.8210946105220696,-1.6179646126880034,-0.6937067427593231,8,1
s043,3.4053950766905907,-0.7797517063756272,-0.16349743218976764,8,-1
s043,2.445639799473188,-1.1104201694980391,-0.18977984437212023,8,1
s043,2.09089505195423,-1.163594250637525,-0.336669449827617,8,1
s043,1.8901802372435768,-0.981437123725579,-0.5109262172471313,8,1
s043,1.763337059665325,-1.7641405236462369,-0.5526418838556467,8,1
s043,1.807084813720116,-1.398233462936772,-0.6626960329193305,8,1
s043,1.8471217816294745,-1.2234603177269863,-0.3893207301376536,8,1
s043,1.399180928404709,-1.2243990827808973,-0.5065734943759352,8,1
s043,2.0134016816709743,-0.9416528547420386,0.1978279411268046,8,1
s043,1.8510852769292547,-1.7550493597217771,-0.5291278075608592,8,1
s043,2.125658446185268,-1.6431945208753278,-0.36223498414769967,8,1
s043,1.7101959753830522,-1.3352117707468174,-0.6238984594632941,8,1
s043,2.120204038068968,-1.4021977339546436,-0.20206701477824474,8,1
s043,2.0147311642944494,-1.1741203582654463,-0.3608328706681864,8,1
s043,1.4513219532386437,-1.4894468061700936,-0.5519234374387433,8,1
s043,1.775572371930016,-2.1222818831912305,-0.6714429630103286,8,1
s043,1.6583416086168448,-1.8916909106613269,0.3595737585571557,8,1
s043,1.2513865509710351,-1.7642599287039016,-0.572536525886271,8,1
s043,2.544351831888103,-1.6644484449511843,1.0040373024261735,8,-1
s043,2.715905247001152,-1.065819896836496,-2.045487361368922,8,-1
s043,1.6145656412721798,-1.9082702105298097,-0.024858475133522864,8,1
s043,1.6187459983336225,-2.0809628568469445,-0.37068938987999817,8,1
s043,1.893692623569087,-1.824859063366158,-0.37261706572737446,8,1
s043,2.7040974693172277,-1.4358433126451888,-0.48210844499718125,8,1
s043,1.689950288763176,-2.400843250668902,-0.37402557086931876,8,1
s043,1.8507756339111057,-2.3979239139217827,0.35029106697811235,8,1
s043,2.8669491711225064,-1.2356009005230655,-1.1542796011690477,40,-1
s043,1.838751040227061,-1.8930249234953627,-0.02199742478305976,8,1
s043,1.303455976869739,-2.072125632132239,-0.3191859162336198,8,1
s043,2.6273964903687275,-0.9531418386976361,-0.7319261564911033,8,-1
s043,1.3294133271107704,-1.8722195743436996,-0.5087819696176742,8,1
s043,1.4158087862164113,-1.8041962269251797,-0.3121352692167014,8,1
s043,1.2714680410357133,-1.70378726556477,-0.599087020126014,8,1
s043,1.4516739754545223,0.5065448264040999,0.9523254166637807,8,-1
s043,2.953515205947497,-0.4847741836926931,-0.7356153582560047,8,-1
s043,3.129619571282877,-0.2841275034443504,-1.4691951532217877,8,-1
s043,2.4318495319540023,-1.1045469960561523,-0.43304580744311333,8,1
s043,2.781044171639976,-0.9265387930561293,-0.7650352572633494,8,-1
s043,1.6360658686426697,-1.713752770272458,0.12989058698005207,8,1
s043,1.5976569316441929,-1.313051266956631,0.05300981716276211,8,1
s043,2.3359967897221776,-1.046448436131336,0.8371086012700863,8,-1
s043,2.191081767040644,-1.8195826011213438,-0.3256410282990982,8,1
s043,1.7300014634928493,-1.348734696999933,-0.838569049031226,8,1
s043,2.847155589938296,-0.40540760613957005,-1.5458553291234056,8,-1
s043,1.1780185221320716,-2.008946429350614,-0.5771175877157533,8,1
s043,1.8834197137002175,-1.4471641599881702,-0.07277706427161082,8,1
s043,1.8247886830331785,-1.9810384626608126,-0.10093538259727948,8,1
s043,2.4766202099600156,-1.7362641717733973,0.5457347352585824,8,-1
s043,1.6285020270646777,-1.5217752546564445,-0.21785717463829832,8,1
s043,1.5448528528741885,-2.2620453840746215,-0.49108430791354213,8,1
s043,1.3509263233428008,-2.0492309284286225,-0.5954782142690391,8,1
s043,1.9027169926518213,-1.8082558672870361,0.04281157441773442,8,1
s043,1.621305621584039,-2.214183909007738,-0.1547566019580081,8,1
s043,1.8738500155393356,-1.6476205740899,0.23635803718458423,8,1
s043,1.6438610774751345,-1.16833530622809,-0.35056508059247105,8,-1
s043,1.4620162240258032,-1.3412337429005012,-0.41661962625124227,8,1
s043,1.429326635124216,-1.9718055719659553,-0.3294947363586735,8,1
s043,1.3355815354123373,-1.7154880065219187,0.06804617387791781,8,1
s043,1.2600798595150842,-1.7337089750375065,-0.60615852335401,8,1
s043,1.0806688826345643,-1.8928418068070254,-0.2609350916363239,8,1
s043,1.6810107301531108,-1.4039694435898888,0.5198085877665101,8,1
s043,1.4073005542099557,-1.5526425170944211,-0.254205503551543,8,1
s043,1.6777447622759007,-1.7644552557871758,-0.23880410311188424,8,1
s043,1.3685210353804798,-1.7549693384030192,-0.4259322247356439,8,1
s043,2.4671692235191722,-1.15396572330619,-0.7103363569178811,8,1
s043,1.2421113348552941,-1.321738285854941,-0.5263877012590559,8,1
s043,1.1615166343927967,-1.4333630765225651,-0.4778166309241881,8,1
s043,1.787284669685552,-1.726789853901432,-0.6579734603657627,8,1
s043,2.8071333422312588,-1.294235470809431,3.483588072410539,36,-1
s043,2.814810563222501,-0.6238254118735561,0.7496208122358023,8,-1
s043,0.8805580414274601,-1.6691424952785623,-0.40581814289212065,8,1
s043,2.093646503351954,-1.0059896880838008,0.017595751448513414,8,-1
s043,1.1949111286076979,-1.729320882138649,-0.14571811507524618,8,1
s043,1.0882163674094087,-1.6924994311794248,-0.4608615545230247,8,1
s043,1.5356862682262766,-2.3115983014466708,-0.6318868578236689,8,1
s043,1.1160249476339639,-1.5688597214852082,-0.30850811023473446,8,1
s043,1.671743595595261,-1.9032067764932976,0.09286664268633951,8,1
s043,1.654558843300738,-0.7769800853374395,-0.766928818705021,8,-1
s043,2.4630548934853795,-1.6474280228900973,-1.1900618146708466,8,-1
s043,1.876767368038537,-1.825518271090767,-0.0691795543457574,8,1
s043,2.141173610805644,-1.6568768898924215,-0.23155830518382942,8,1
s043,2.2354206014058153,-1.9568303433289842,-0.5127123422219672,8,1
s043,2.7448333038620754,-0.5565817058210478,-1.0150686932316388,8,-1
s043,1.8314798442047635,-1.6725456882578633,-0.24869080833671664,8,1
s043,1.7723300268879858,-2.4518605996086924,-0.8660691804641578,8,1
s043,2.789283292165265,-1.9629135449311412,-1.3240220028248348,8,-1
s043,2.6623553446774464,-2.015654096010948,0.36633970962996903,8,1
s043,1.5191526851844739,-1.9024495597643787,-0.03264617102479899,8,1
s043,1.9599052680617743,-2.1431748326892737,-0.24639089633368252,8,1
s043,1.869026158167485,-1.4724619509268582,-0.4903991149594258,8,1
s043,1.0240164734386188,-1.8887503495852123,-0.6122108784256226,8,1
s043,1.8460995696732048,-2.201525723737035,-0.06796513385964441,8,1
s043,1.3917733472127778,-2.408129207432469,-0.5858001822650992,8,1
s043,1.8685822762315258,-2.707093439716832,-0.22533678307222307,8,1
s043,1.8397466071330506,-2.6624083856446603,-0.5725999516861019,8,1
s043,2.774586370082211,-1.5136478183775481,-0.13940749786897766,8,-1
s043,2.3579483794637244,-2.2879072682788792,-0.15576191024695893,8,1
s043,2.431114642143385,-2.2938936077079326,-0.35474624855181336,8,1
s043,1.698434662674119,-2.79233850444259,-0.7795094722603713,8,1
s043,2.1503489585065076,-1.4429302808915998,-0.4872686539102516,8,-1
s043,1.8620149904383372,-2.4658458494037894,-0.40079564010786767,8,1
s043,2.1379768350406034,-2.764688184873537,-0.7518439832080267,8,1
s043,1.4028018449370472,-2.2993111147777396,-1.0795127708307666,8,1
s043,1.5357420074464638,-2.510931081363705,-0.7540768114448365,8,1
s043,1.6051597742442993,-2.564119612191039,-0.7053224021392428,8,1
s043,2.564873255943001,-2.4373792269425283,0.48026398715474955,8,-1
s043,1.5305599383943518,-2.1691443558511447,-0.3824209068308496,8,1
s043,1.4923893507371588,-2.618544741375884,-0.597868455325627,8,1
s043,1.8915168816120476,-2.8272241076492532,-0.32585143397757665,8,1
s043,2.194187470280863,-2.1702010806012297,-0.4960951222744453,8,1
s043,2.4851419165824655,-2.9161831506152125,-0.8934452366584887,8,1
s043,1.470614379570122,-2.0638681878989225,-0.1933360676600055,8,1
s043,2.003278656545234,-2.232360554391142,0.245883261677197,8,1
s043,2.1855788344397187,-2.310531216468027,-0.4611319539929566,8,1
s043,1.5787274396586772,-2.665587990751785,-0.7339020049888001,8,1
s043,2.0496028219762743,-3.1199377824955263,-0.4807185088858171,8,1
s043,1.7997465411742302,-1.2196522964502419,-1.422485212362974,8,-1
s043,2.28661135736433,-1.609706837174442,-0.22739963847196262,8,35
s043,1.7425875690757795,-2.650781807793768,-0.7856067469026801,8,1
s043,1.743705058910295,-2.115227498932923,-0.2523703921631585,8,1
s043,1.5076008312684994,-2.00173884548154,-0.9675951577999166,8,1
s043,1.5434781242802733,-2.404658571284318,-0.6735244227104075,8,1
s043,1.3429658494263883,-2.1579264563180662,-0.8766004762674745,8,1
s043,1.8733309978133852,-1.9789093987680773,-0.48253564996777065,8,1
s043,1.493203081545572,-2.5863637494906104,-0.602082447964812,8,1
s043,2.05621065470363,-2.0872450789954393,-0.09976826881432048,8,1
s043,1.9553319547944037,-2.4374662290454476,-0.19760092216135555,8,1
s043,1.730225531313361,-0.7561970038536933,-0.05226720265794594,8,-1
s043,2.910304649308164,-0.9031079582902463,-1.9539222769434237,8,-1
s043,1.4015308427626325,-1.7195881659318726,-0.5154378575669215,8,1
s043,2.283370773585404,-1.961963188406162,-0.26038024430013734,8,1
s043,2.7593439871788568,-1.5963595917976665,-0.8232087099431435,8,1
s043,3.7404928585066677,-1.1190844691248447,-0.9606541365748337,8,-1
s043,2.2781194830389313,-2.1608962517024155,-0.15570280688675067,8,1
s043,2.0923124943987808,-1.6470179035384085,0.11537953730656272,8,1
s043,1.7452353910230072,-2.029458317719857,-0.40786396278908965,8,1
s043,1.9447172084999629,-2.2944360978646454,-0.24686978737618956,8,1
s043,2.0681543610184776,-2.517701320536428,-0.40569293355126096,8,1
s043,3.385204760590617,-2.2135968874582854,2.0839454797559616,52,-1
s043,1.5472444806372965,-2.490691468088359,-0.3336980310634888,8,1
s043,2.0737106484547967,-2.782141094154501,-0.5657964332396068,8,1
s043,1.5835503179073782,-2.9651165348135757,-0.4617106682535476,8,1
s043,1.9667245209882096,-2.6471660153161802,-0.5018194905422219,8,1
s043,1.9519375525080627,-2.0031466360548267,-0.29427128938478514,8,1
s043,1.385800268645784,-2.6718215461734403,-0.4358584764647122,8,1
s043,2.009196331005996,-2.9694319510431604,-0.43048594152620195,8,1
s043,2.989917711301391,-1.7965189428466253,2.133060811200678,52,-1
s043,1.219457696747442,-2.4912555957905127,-0.5166370365415134,8,1
s043,1.5329011056767057,-2.4260504762728194,-0.3990344603851703,8,1
s043,2.149863412555514,-2.8685052268396425,-0.1661075807736413,8,1
s043,2.0732129612415418,-1.5340177407157434,1.4933548771630238,8,-1
s043,1.3184374768507476,-1.3783782606849915,-0.031362714292456906,8,1
s043,1.4246332230764427,-1.7841925469487863,-0.4162759314400766,8,1
s043,0.951740884047236,-1.7983138991890861,-0.4120222635796601,8,1
s043,1.1641509700902268,-1.8812195118062767,-0.29105075908289174,8,1
s043,1.0299479430317264,-1.760635058668639,-0.13838782805273273,8,1
s043,1.2612796130343464,-1.6938864606356157,-0.14214214303379588,8,1
s043,1.0815174664603404,-1.1938367654199422,-0.42561969031664276,8,1
s043,1.1038315883428955,-1.9438542041799176,-0.17856906526059854,8,1
s043,1.179175157797181,-1.9817201822042698,-0.5185323330911837,8,1
s043,2.118085329517916,-1.6550978113853352,0.6869061710330425,8,1
s043,4.146574302884507,-1.0251561159952582,-1.2634645549481225,32,-1
s043,3.722196629746995,-0.9460658405939939,4.416338118655007,36,-1
s043,1.122459183209155,-2.7362081674164136,-0.4668569256709255,8,1
s043,1.8691674694619622,-1.131286938347325,0.2595953774951588,8,35
s043,1.8410573271052058,-0.5903667254993465,0.2203863303485186,8,35
s043,2.8258434971236444,-0.42899108289531157,0.7744743813929665,38,-1
s043,1.4357023117196486,-1.3723100084211943,0.44747721362805387,8,-1
s043,1.316149717741772,-1.9555659916915278,-0.018879983944952442,8,1
s043,1.1905810795400464,-1.6504270796248721,-0.6388034559926528,8,1
s043,1.5743961078463409,-1.9455609286116669,0.11075501864288612,8,1
s043,2.57386373372572,-1.600626668723608,1.492639593145649,52,-1
s043,1.4263778201765804,-1.87610698628471,-0.34399628148377676,8,1
s043,1.0136690985002201,-1.5131596032237056,-0.2762440860582704,8,1
s043,1.2499430164618637,-1.9446175798376624,-0.1537611515050938,8,1
s043,1.21829412552184,-2.2995266861831287,-0.2771739959277468,8,1
s043,1.6623322848654827,-2.3019711212021092,0.06471746720513744,8,1
s043,1.619659846674843,-1.3990543229838748,-0.15107695645123737,8,1
s043,2.083054513468569,-0.5010172375125771,-0.589552032333024,8,-1
s043,1.4975956449959726,-1.17735522108599,-0.3604852160356718,8,1
s043,1.3960272279782557,-1.7496962925307968,-0.34957411014075035,8,1
s043,1.7066005751781237,-1.8246184166572263,0.10252366358774777,8,1
s043,2.448443152709694,-1.5839572808423734,0.015968823131829405,8,-1
s043,2.526760100650513,-1.5869608268637823,0.36074678608396893,8,1
s043,2.188757810105495,-1.5119180909281065,-0.4818159562597282,8,1
s043,1.5982303593156522,-1.9413629410131978,-0.2439309529843194,8,1
s043,2.256561422860157,-1.523166206337534,1.2931151532678893,8,-1
s043,1.5076792610094873,-2.302488843194093,-0.13998452942334383,8,1
s043,1.9367482222144365,-2.1276486569274073,-0.3324256524303965,8,1
s043,1.7127770293135185,-2.0803243707890036,-0.2123453796265345,8,1
s043,3.528854694942706,-1.2022987413424076,0.3528521977404759,38,-1
s043,1.7645415125684512,-2.00458235464214,0.11625044382700217,8,1
s043,1.8135210991446846,-2.0029246383236825,-0.259418223640615,8,1
s043,3.4851242230347133,-1.2799921165946277,1.6095263743284292,37,-1
s043,1.5341676961043325,-2.097902162775557,0.15696242095162072,8,1
s043,1.1866391221505868,-2.0691253258013202,-0.37892438404942114,8,1
s043,1.236522941835809,-2.174404652424377,-0.1414019633053327,8,1
s043,2.6302554991350813,-1.5906861407711772,0.430090502720013,8,1
s043,2.506485556770545,-2.657076115548281,0.18914441785607253,8,-1
s043,1.0756617006220166,-1.552071541582269,-0.5089188510596797,8,1
s043,7.205748382532633,3.672976408194316,-9.953784318922132,23,-1
s043,2.1200165186999027,-1.0439892754525202,-0.07936220648359597,8,1
s043,1.4892060910157643,-2.2011200649031193,-0.5998244266507835,8,1
s043,0.9350451807696147,-1.8125236128686328,-0.17998786214699347,8,1
s043,1.069752160883793,-2.1378698175133106,-0.03049185828382296,8,1
s043,1.2488151383351938,-2.1294444031926436,-0.33240922714187576,8,1
s043,2.291479690752885,-1.334329216775316,-1.1256058599435854,8,1
s043,1.2294101846965755,-1.9015779332609581,-0.34748484790320544,8,1
s043,1.423267352512109,-2.456619305709547,-0.14795821353681188,8,1
s043,1.4971454227330656,-1.607193281011393,-0.10636506341531662,8,1
s043,1.0838654999690573,-1.2008837215886838,-0.6027036048101175,8,1
s043,3.5108186014989977,-1.0626892153492207,-0.05080627051304285,40,-1
s043,1.1826861251844913,-1.9045345260711883,-0.38055531869883985,8,1
s043,1.0486477940358536,-1.5515537904536056,-0.39476961286959306,8,1
s043,0.9582976347834181,-1.5417951615714267,-0.6699424070865975,8,1
s043,2.0402478207033092,-1.2516841941690329,-0.24358799140489065,8,1
s043,1.4278091330895877,-1.7195772134424157,0.09374478422238613,8,1
s043,1.3934471995117634,-2.017438325699051,-0.11395132564895662,8,1
s043,1.0612382797342408,-1.8719589586936791,-0.27991768217877666,8,1
s043,1.3947964168375144,-1.3018626612329625,0.1994252297347947,8,1
s043,1.2636328156458088,-1.469734044283026,-0.5296651661395596,8,1
s043,1.676428543324236,-1.5236090181529862,0.7895168541707609,8,1
s043,1.4201760644695725,-1.9428942291997968,-0.27224226015386466,8,1
s043,1.839541771807344,-1.872604908001252,0.8324033753027935,8,-1
s044,10.282978805897509,0.7385430319775748,2.278510387810676,3,-1
s044,7.5765501137878255,0.43091763904382036,-0.2976626257658065,3,-1
s044,9.868686119013653,1.3580388358633082,-3.056580812076175,3,-1
s044,2.65036280537954,-1.5451688014924916,1.2418434862262204,40,-1
s044,6.962184906486948,-0.44149215436529393,2.0994423079419637,3,-1
s044,3.9104161451368307,-1.7950373798284716,1.9016602916228051,40,-1
s044,3.123250086196532,-1.4980106652498042,1.9274905885396478,40,-1
s044,2.9062867444438645,-1.7811576619076095,1.392553309486882,52,-1
s044,1.5180603167724354,-2.007500327469413,0.8211994488879566,40,-1
s044,2.2691905255238427,-1.3719833233694585,0.19542688347610296,40,-1
s044,3.9804947029475146,-0.7578010971845089,-1.072943391781973,28,-1
s044,0.8147309365819753,-2.21576841405963,0.7384746956401855,2,1
s044,0.9049961910827266,-2.0525541589896825,0.7910735427319897,2,1
s044,1.497330411295276,-2.7793938655197614,0.22780807345911386,2,-1
s044,2.0046739450931215,-0.22680506668724454,-1.6539916779327362,16,-1
s044,0.9919567411437954,-2.77667486398334,-0.03118546461947958,2,1
s044,1.156666717816659,-2.687636015760775,0.8059316085918372,11,-1
s044,2.7378001100496854,-0.7715512534238158,-0.3377207220543866,16,-1
s044,3.0318314002539495,-0.414186759042729,-2.0940265722876363,54,-1
s044,5.13976848096638,-0.3048046077218596,-1.7329985986259417,32,-1
s044,1.3984358551252996,-2.2037927521337126,0.6979185694913331,11,-1
s044,0.21800050928216877,-1.684149012089608,0.18549631572225772,2,1
s044,0.6880070478719635,-2.543744281377349,-0.37221923097398707,2,1
s044,0.4349368708671118,-2.3817933149412944,-0.39812342862941713,2,1
s044,1.2575770654740186,-2.5061226965036436,0.7190119391103765,11,-1
s044,0.5539408085257129,-3.476092251805302,-0.08046694636853412,2,1
s044,0.6333625049442997,-2.8504735245610857,-0.06219746065919271,2,1
s044,2.359197826577937,-0.9915562987819755,0.9965954721089184,38,-1
s044,0.6782728414893426,-2.2510437045457277,0.6441088287674064,2,1
s044,0.5934432421572992,-2.734933401534672,0.04786652035037925,2,1
s044,0.7570930233745801,-2.890135548349239,-0.07297183953236391,2,1
s044,0.41696198209890795,-2.7402843282161267,0.6342924769903018,11,1
s044,0.8012376433658375,-3.0139301936407237,-0.09362097790885812,2,1
s044,4.807412734807295,-1.9512196444952676,1.368788236440221,32,-1
s044,0.5160540124836341,-3.3361532363902517,0.16512650536598308,2,1
s044,-0.009202422715283397,-2.6841079041260323,0.4766325342264819,2,1
s044,0.7607836803486863,-2.4631763871463916,1.7146263498441485,52,-1
s044,0.6989238118364899,-3.3139531190534712,0.17043846230250642,2,1
s044,0.6159182489998882,-3.4905131811038888,0.07651208059339759,2,1
s044,0.7938409181300432,-2.9987381692962365,-0.4125782887072552,2,1
s044,0.8059603579802971,-2.9556402180910064,-0.14830704423572408,2,1
s044,1.2104110772573282,-2.971917036822418,1.3313289408789912,11,-1
s044,3.7341364572212505,-1.9790419663517729,-0.4140321409616368,32,-1
s044,0.8081767917459328,-3.2550431327269678,0.07738815806943666,2,1
s044,0.8190425008463479,-2.6155014012426476,-0.3976157475470889,2,1
s044,3.386341060511637,-2.092875368072598,-0.3524379819957905,32,-1
s044,3.588754357414873,-2.3890598972010224,2.287727617762914,37,-1
s044,1.0771326076277485,-3.2151685970913575,0.9627962993198277,2,-1
s044,0.02111927917459357,-2.594708633900314,0.001085720870501533,2,1
s044,4.597108094266613,-1.6613560752026437,3.2009706176480397,36,-1
s044,1.612754287946579,-2.6314323738740955,0.40230209345471113,11,1
s044,0.9862840320460531,-2.2261381620577474,-0.06343359785988868,2,1
s044,1.4648464216312873,-2.3590294322945016,0.4185449231209704,2,-1
s044,0.6867543626639376,-2.0232954777068373,0.49054469888613444,2,1
s044,0.440024653236048,-2.345630544826301,0.37886523190480864,40,-1
s044,1.9584139364457795,-1.764673559311443,-1.7181128361178994,16,36
s044,1.801827555369518,-2.5622878110011627,0.01378077273547432,40,1
s044,0.16542398200868075,-1.8086668618936472,0.025694244660999017,2,1
s044,1.018780084538554,-1.657380883156518,-0.3666245574545147,2,1
s044,0.998120985270534,-2.2368364259943005,-0.3872508288971901,2,1
s044,3.354172675326955,-1.8312478917667736,-0.569253904019755,32,-1
s044,0.5387734666083178,-2.556267573572824,-0.03360975308122889,2,1
s044,0.6900813275706654,-2.565440681685945,-0.25111796927878227,2,1
s044,1.5042706578628111,-1.8724847249558483,-1.4716072188570908,54,36
s044,0.3880615429391209,-2.1875032546590045,0.002460329279250193,2,1
s044,0.42074147122673033,-2.672916273074077,-0.3631414931573975,2,1
s044,3.257633655320811,-0.27401837808575125,-3.6721423650245972,16,-1
s044,4.458781834272161,-1.700098793700604,0.6188544960418613,32,-1
s044,-0.19228940758200105,-2.1516821175048086,-0.13888190304708986,2,1
s044,-0.1415231881602805,-2.565075727292248,0.1493870961328521,2,1
s044,-0.1505386004067246,-1.9489835421897665,-0.36379513716463163,2,1
s044,6.172440749688898,-0.5878412097979089,-1.5114960568659255,32,-1
s044,-0.12960529189123332,-2.422838261981242,0.04308595557323012,2,1
s044,1.7427400735653984,-2.4808121278068276,-0.34483419711824037,40,1
s044,2.06824231979594,-1.7932157448574155,-1.3180769375107262,40,-1
s044,3.500923463867073,0.1162963629193938,-1.9829160123193144,47,-1
s044,0.7942183892982481,-2.482290738969455,-0.25641804055875694,2,1
s044,2.799365827796257,-1.0284206902854192,1.0257879165724124,40,-1
s044,2.9809459869517574,-1.399066157137177,-0.2769287375734452,40,-1
s044,1.3311238131771126,-2.2881877531648245,-0.3226212484192821,40,1
s044,2.123292583449798,-2.3051150757689296,0.2544511988240493,40,1
s044,3.8017672334128396,-2.117537510064534,-0.5277303396834854,40,-1
s044,1.2662506512965601,-2.2797023216404995,-0.2670676765026874,40,1
s044,1.488407087744817,-2.093006426599728,-0.3602201989068761,40,1
s044,2.6478134760830394,-1.7543555101432242,2.297018887721126,37,-1
s044,0.8709538491815131,-3.4486376373084453,-0.19824606918797041,2,1
s044,2.5415910496346608,-2.636777522140233,1.8958643550090113,37,-1
s044,2.2324881931765708,-2.089240006165291,1.0418785858144917,2,-1
s044,1.40791197423188,-3.0608529964668048,-0.020836789275918262,40,1
s044,3.623828414832292,-2.1713265662741845,1.3027137067415298,37,-1
s044,2.722319782065822,-2.4643824834284263,1.6579194081242525,52,-1
s044,1.1645868437100129,-3.2433331476354725,0.2276983130010015,11,1
s044,7.166358694700531,-0.7259895656599187,4.358335651435461,34,-1
s044,1.430391954902102,-2.6132573227765663,1.3518683617111658,2,-1
s044,2.131718674332989,-1.7712881713124986,0.3311011281104547,40,-1
s044,0.8903004733119124,-2.8394439527624753,-0.22691630504404198,2,1
s044,1.3772062371872993,-2.6500061675565973,-0.10849625425174902,40,1
s044,4.659548675858286,0.047212603379808316,3.3856294693269677,52,-1
s044,0.8943375924122468,-2.5237313140724456,1.2977053086159367,2,-1
s044,0.2931942180366205,-2.94342039455612,0.4501026098984273,2,-1
s044,3.5650770888435495,-1.0011705595054674,0.2538631929180565,52,-1
s044,1.743119543632054,-2.3635164024634747,0.014006147489174892,2,1
s044,1.1438466338566484,-3.051588316648791,0.16497050666824745,2,1
s044,3.0147057237979165,-1.1009536838837375,0.38798284390547777,40,-1
s044,1.5647420964543561,-2.009660765886547,-0.7627369178567279,2,-1
s044,2.078736711583736,-1.9843341459518178,-0.6398567909030161,40,-1
s044,1.6838440624183237,-2.091941831378344,-0.4492371784212871,40,1
s044,0.7444775587287448,-2.386539450707682,-0.18387920604429933,2,1
s044,0.1861396714814113,-2.0184836000184787,-0.02819235118495025,2,1
s044,1.2739620223294834,-1.781096565577233,0.4744672834597597,2,-1
s044,0.9080768026734062,-1.9294010979194902,0.23323074370778016,2,-1
s044,0.49352798507883594,-2.2899437513209255,-0.05594981097803044,2,1
s044,0.31246186180187113,-2.673767559841385,0.08068306925339407,2,1
s044,0.7321465292127599,-1.503801667460643,0.2018887691967244,2,-1
s044,-0.23361351589414384,-1.783988352204384,0.21602556662176065,2,1
s044,0.18927095571270697,-1.9938677927564457,0.18208943943249117,2,1
s044,0.09261443453752458,-1.8954962024577713,0.133155634631684,2,1
s044,2.563524496182019,-2.0494891472900916,-0.30734147775793336,40,-1
s044,-0.8686510784435768,-1.4985946925905007,0.22643191005728172,2,1
s044,1.3913086200835665,-1.225215635098499,3.7728105283414544,52,-1
s044,-0.41406148599437853,-1.5784834880466165,0.30393196730614963,2,1
s044,1.629512921369772,-1.7166992474296223,-0.2020328852894383,40,-1
s044,0.8658753104602697,-0.3937724815845675,-1.4447298873588879,16,-1
s044,-0.2437169694730376,-1.9426473227793506,0.16036099255616135,2,1
s044,-0.7512606572658348,-2.0450089972778858,0.25356757227896576,2,1
s044,-0.39618395738511814,-2.5743612450568985,-0.09206132833951433,2,1
s044,-0.32264684411062083,-2.1281407893953403,0.09808866672878917,2,1
s044,0.5787806918478822,-1.3842997258266936,0.3273357517184657,2,-1
s044,-0.43578909897935675,-1.7912832849360718,0.02204947748082577,2,1
s044,0.3823861344918227,-2.69078473984437,0.027553035025589985,2,1
s044,1.2824726271210427,-0.8177134054918301,-0.2994002845454405,40,-1
s044,-0.4869337159930338,-2.0323687419628382,0.32310764864766245,2,1
s044,-0.5922025545459404,-1.9974514662998797,0.10600345132144344,2,1
s044,-0.5412052639043304,-2.672740444673952,-0.007931345157172696,2,1
s044,-0.4279213631770666,-2.242771655903977,-0.12962821560980228,2,1
s044,-0.39863973947625314,-2.53186530856915,0.20838414536279498,2,1
s044,-0.38847396401101364,-2.957457487817717,-0.04493887349238931,2,1
s044,-0.08080471950487937,-1.8390369083964189,0.5783634307828187,2,1
s044,1.401880246591503,-1.0717559019653855,3.6446406624388823,52,-1
s044,0.6177580929713367,-2.0110689550422034,-0.17173137840841615,40,1
s044,0.15933734860468698,-1.5549263014454788,2.1895159920346083,52,-1
s044,-0.5962246297858445,-2.61473622528119,0.049381093900551294,2,1
s044,0.35549057087316654,-1.9979214031619905,-0.041733339510277245,2,1
s044,-0.08725346531794273,-2.499087123071051,0.07279481734786054,2,1
s044,-0.37527445550528604,-1.8210040136924557,-0.05123738435138136,2,1
s044,-0.6201757169951069,-1.7853745297629835,-0.25748993961888905,2,1
s044,-0.724103896799123,-2.31330007776083,-0.004291799125475419,2,1
s044,1.1509621151109426,-1.8528401482192633,-0.2540292589799748,40,-1
s044,-0.7421523630750603,-2.4936742719656078,0.10974567309102459,2,1
s044,-0.12034996444794117,-1.7695066996627051,-0.045092189096711595,2,1
s044,5.120409447444443,-1.0097275570581505,1.5996301057843951,24,-1
s044,2.300926889036618,-2.332331537404704,-0.26874151079526226,40,-1
s044,2.2095485295031,-1.6572363234286376,3.0164282168911702,52,-1
s044,0.5938025614203228,-2.6725711179101803,0.38769675695395545,2,1
s044,1.5634411679130829,-2.160672160564556,-1.4049407322200145,54,36
s044,0.6492279264349461,-2.3849781487271353,-0.8350794588470644,2,-1
s044,-0.19091684960473346,-2.8706147990670776,0.006068822768597747,2,1
s044,2.192676160231463,-1.761513255001868,0.12990183900430236,40,-1
s044,-0.02486011210098385,-2.34255291882751,-0.43112842690895053,2,1
s044,-0.14168165052499632,-2.502214685436035,-0.19673637038226163,2,1
s044,0.3786761177275378,-3.1013111423828255,-0.42164966801021875,2,1
s044,-0.46562022084687366,-2.93444401404311,-0.13742449278432856,2,1
s044,-0.029420743711507602,-2.814953171856118,-0.41924168781283894,2,1
s044,-0.19368170075955296,-2.376852029370927,-0.37728654370109554,2,1
s044,0.8505267746623891,-3.028802273098532,-0.49940324163929845,2,1
s044,-0.058510301092035685,-2.4130716975682227,-0.35610596001890954,2,1
s044,0.32318641511015955,-2.1114834703079706,-0.6816735237603506,2,1
s044,-0.022615315628765856,-3.0566026783894156,-0.1974477630928703,2,1
s044,-0.10862536798766013,-2.8209907355743606,-0.29830416941348986,2,1
s044,-0.3015458644811607,-2.832593654736792,-0.12258439990104487,2,1
s044,-0.4401347189399959,-2.648956052726517,-0.22988561323550558,2,1
s044,-0.5030236550035153,-2.656284094993985,-0.44412906405878483,2,1
s044,-0.23119039551503903,-2.9658060254788388,-0.2857383912223894,2,1
s044,-0.27934374930240746,-2.9915005021344063,-0.33683556562357375,2,1
s044,1.0829219894411972,-2.9693227901275865,-9.799423283867702e-05,2,-1
s044,0.03641121583854588,-2.7727091654876204,-0.4181626853347456,2,1
s044,1.4232350818826602,-1.845736827518345,0.15233180100037735,40,-1
s044,0.47794080130002564,-1.2406106433086788,-0.2198692486832316,40,-1
s044,-0.22912830968217435,-1.8633341909456052,0.026102140336746824,2,1
s044,0.8748006092475141,-2.334268335359778,0.5907459083625481,2,-1
s044,-0.1806020796291,-1.2055007601676946,0.46519913725928524,2,1
s044,-0.3772367783403833,-1.9040386310401747,0.015724333300302564,2,1
s044,-0.34984466268559133,-2.0006483533410186,-0.3669416194023293,2,1
s044,0.37875146347392447,-1.0048550214412653,0.5152036391915803,40,-1
s044,-0.5621777891718044,-2.390755859876695,-0.15200510306720164,2,1
s044,-0.524283315002514,-1.1279259492310885,0.08152024145070894,44,1
s044,-0.16338578775990836,-2.2860615252541163,-0.40638473857335616,2,1
s044,-0.2612799740802481,-2.4616802429042184,-0.17646745747264755,2,1
s044,-0.15911570521838275,-2.966312042842402,-0.33679179309127444,2,1
s044,2.182892765213888,-1.588000542150076,2.2067193601671775,52,-1
s044,1.0146158630284,-1.4536946723254196,-1.6255474017849627,16,36
s044,0.3279466773084094,-2.7477217518458636,-0.2803913125036889,2,1
s044,1.7493529296381451,-1.2503161013325448,-0.08020973414449406,54,-1
s044,0.486588885757704,-2.2771421153018214,0.5117902041934965,2,-1
s044,-0.4787164434096104,-2.3797982943007523,-0.19682349429636165,2,1
s044,3.0814045663852174,-1.3522554867549412,-0.3699458756967047,32,-1
s044,-0.819623417462607,-2.0378136094039476,-0.057868379740194785,2,1
s044,-0.5894211316701224,-2.377421541843676,-0.14211017587967917,2,1
s044,2.0054855521470745,-2.9740851975722293,-0.9956931605157638,40,-1
s044,0.8350652415109041,-2.550765508668406,-0.6931861881842456,40,1
s044,0.7006094768446621,-2.087438629032897,-0.5637699371758125,40,1
s044,1.889190381959138,-0.6643155863627581,-1.4016548735146468,16,-1
s044,0.964708728264226,-2.6349014275608926,-0.48328733145070996,2,1
s044,0.14221645005340897,-2.9828171828940997,-0.42540643264272354,2,1
s044,0.7385131733702749,-2.8120828927318415,-0.3330960039004396,40,1
s044,-0.7407756405081262,-2.314554227155731,-0.24521885580259845,2,1
s044,0.693032103040263,-2.571425596620098,-1.1011507823886422,2,-1
s044,-0.372094722893638,-1.9860497114987525,-0.022544384049055354,2,1
s044,0.18095648538257092,-3.1012433322212294,-0.4988499783997649,2,1
s044,-0.40981586450017476,-2.4152192177188145,-0.23842459999298263,2,1
s044,-0.19396597796656653,-2.2545893005484086,-0.12782106286360384,2,1
s044,0.1619413565203387,-1.6452070821622287,-0.08824184280520597,2,1
s044,-0.4910681666731005,-2.5916893456898427,-0.2559909999974425,2,1
s044,-0.5346643080575936,-2.6328540056663945,-0.007277385698619617,2,1
s044,-0.22955779630738743,-2.2450848039585325,-0.14329084962222882,2,1
s044,0.4042406394078505,-2.5180666740935806,-0.0928104699878749,2,1
s044,-0.39275684715564213,-3.0332643046147876,-0.07132964885456852,55,1
s044,-0.2985241909290001,-2.437735717301206,0.045304542941806684,2,1
s044,-0.5638717869614357,-2.427332687767051,0.27636145101111365,2,1
s044,-0.43791084791988233,-3.02385362793151,-0.008055028811771905,2,1
s044,-0.4940729433668466,-2.6514375280331675,-0.10654208761251684,2,1
s044,-0.4877222718209859,-2.055359168522636,0.2280636496575162,55,-1
s044,-0.47856946086101126,-1.8401214340491576,-0.30899555467351814,2,1
s044,0.05331417803725511,-1.902191157706847,-0.06781683410221831,2,1
s044,4.121485705099437,0.7548004276306354,-3.2333808055429487,16,-1
s044,1.5425716010520574,-1.6114325224507682,-0.5939765580638119,40,-1
s044,1.5258603308446927,-1.5053894150533549,-0.4828969302589529,40,-1
s044,1.7236268431181208,-1.8214598640257742,-0.7881929482442316,40,-1
s044,1.667857945656289,-2.397249643446218,-0.22208405973917555,40,1
s044,1.8649375746919823,-2.669477067565701,-0.19377122751751918,40,-1
s044,1.9884245226670023,-2.608232293738195,-0.44720754107048916,40,-1
s044,1.398596285245891,-1.8054319640794574,0.1747647417164939,2,-1
s044,1.0305316595233913,-1.4053719831479081,-1.2760133248514667,50,37
s044,0.0814293789551597,-1.5241323092289039,-0.07508585620827196,2,1
s044,0.7946448473490515,-1.6394884000518197,-0.40946934630796017,40,1
s044,-0.18548809849001893,-1.654212623589945,-0.10692666922271371,2,1
s044,1.0862563059693986,-1.9407881754283092,-0.9108813325156513,2,37
s044,1.4815625554963372,-2.2770194069125935,1.1190238874397072,2,-1
s044,0.7913873341747503,-2.908884790593012,0.5813932131337062,11,1
s044,0.48146394240302304,-2.543410734871967,-0.3093425122662356,2,1
s044,1.9705622690833609,-0.039257075599748725,-2.6603187689756744,16,-1
s044,0.37764626946752466,-1.731753139696943,-0.2887261666715362,2,1
s044,0.34870672284427096,-1.5439890125633042,-0.517601373618884,2,1
s044,3.9904330159152743,1.4948099756969286,-4.429463312751837,16,-1
s044,0.09621527744788187,-2.023163509447799,-0.4986674646376375,2,1
s044,-0.16097252900909667,-1.5619072419570585,-0.6420956550517547,2,1
s044,1.905741992015132,-1.4630116740897787,-0.6804469289757779,40,1
s044,-0.028067750136425186,-1.927328314651368,-0.2993953888323497,2,1
s044,-0.5361389847694742,-1.978382572532627,-0.46979562365591276,2,1
s044,-0.42753600329774777,-2.115543406072668,-0.5552927511978117,2,1
s044,-0.11369765864410615,-1.9087891883283075,-0.37487268251766154,2,1
s044,0.06614785374825473,-1.3112514688342365,0.13415104466843514,2,1
s044,-0.02267778306028749,-2.0726434706752426,-0.22488600971806277,2,1
s044,-0.3637395468136525,-1.8579987481894749,-0.22245783561663143,2,1
s044,0.5128232959803105,-1.163797708951413,-0.011862697283158126,2,1
s044,0.41491411691476476,-2.3636505608607554,0.2967941252668189,2,1
s044,1.0264508638438976,-1.1990183398216303,-1.7185287146911636,2,36
s044,0.2278414714883827,-1.367174159806537,0.02658168746547182,2,1
s044,0.2726672007667042,-2.44597767656526,-0.6097537279630472,2,1
s044,-0.2654649239790823,-1.641116574034312,-0.07853894923667723,2,1
s044,-0.10729891566059278,-1.9950674900057168,-0.08025665180531177,2,1
s044,-0.14916068344783096,-1.8390727897903745,-0.6703672118643349,2,1
s044,-0.13324950565998933,-1.8265437164439267,-0.1454550729158107,2,1
s044,-0.046680612132637224,-1.665748686043924,-0.294398147781639,2,1
s044,-0.46591324161505693,-2.5920659667243755,-0.1781134843871043,2,1
s044,-0.33597955769610727,-2.0580964032016764,-0.26511122791100156,2,1
s044,-0.487341222760936,-2.4952715981938765,-0.43761121209425224,2,1
s044,-0.5586561911132492,-2.2061047660486164,-0.09494474792648869,2,1
s044,-0.5973926118430752,-1.8942485376152263,-0.2514760552377524,2,1
s044,-0.049910729031928815,-2.5462020946510813,-0.24479862602238603,2,1
s044,0.09297978957507401,-3.115520097129752,-0.07883045185168434,2,1
s044,0.9140783631657716,-1.2512754071271663,-1.3838544450077697,16,36
s044,0.4469181698243133,-2.5629730075647457,-0.5737870925207602,2,1
s044,0.4951470452315382,-2.3529337698595314,0.16515078044518577,2,1
s044,2.1099434093268283,-0.7888348427050456,-0.4823940515649845,40,-1
s044,-0.2721464893021241,-0.8598323683950762,0.1028449653448258,44,1
s044,0.9149571672354474,-1.7571696215408517,-0.14269937032574842,40,1
s044,0.4056619363486596,-0.7201127811924629,-0.37641305873020353,44,1
s044,0.14230050423217683,-1.1248693118935937,0.08242420205420127,44,1
s044,0.09486199207564733,-2.0664526024287695,-0.2715185586935251,2,37
s044,0.6346662215012261,-1.4657967279525497,-0.4245181239796375,2,1
s044,1.1142038136515209,-2.3338999409012646,0.4344532505995968,2,-1
s044,1.536675328868158,-2.004984978002549,-0.5198409035159245,2,-1
s044,0.34601700943913155,-2.571440763269796,0.04014308081781174,2,1
s044,0.004016408989228062,-2.766266160757703,-0.2813774119494637,2,1
s044,0.20133789606459898,-2.8984327947951574,-0.2248899173606611,2,1
s044,-0.3562366552615283,-2.4753097003279034,-0.11668392629371495,2,1
s044,-0.06274379287263981,-2.0355884797437347,-0.6244024214369456,53,-1
s044,1.2829863991742974,-1.6418320365247931,-0.20331914295419928,2,-1
s044,2.9944643069879517,-0.8001094437904136,2.0954118655040515,40,-1
s044,0.6417336842169119,-1.5061871293616582,0.4856268701906259,2,-1
s044,3.66226585411489,-0.1902516162488807,-3.2157087658089587,16,-1
s044,1.010495453933293,-1.119555159991662,-0.6576664273797476,2,-1
s044,0.49736436608344875,-1.5754208032816344,-0.14167226497496016,2,-1
s044,-0.2947598503567685,-1.5150566911877181,-0.18589605745710588,2,1
s044,-0.1550520724747935,-2.5206879090663206,0.14988779917470094,2,1
s044,-0.7951449662949891,-1.4664673335737983,-0.1816468062599682,44,1
s044,1.3516164082808935,-2.018057015811248,-1.0792005851711837,2,-1
s044,-0.4331264404647185,-2.1016703261105354,-0.21776163861298764,2,1
s044,0.12213271398779028,-1.9924321462457295,-0.03195602295457236,2,1
s044,-0.35708323379000234,-1.7470308343170515,-0.15415251018221757,2,1
s044,0.03369523394664532,-0.9413572565665218,-0.10418655847167992,2,1
s044,0.4799322425985883,-1.3265338692627133,-0.3825851884677433,2,1
s044,0.30989945992645757,-1.9189274435435255,0.13320969599129717,2,1
s044,-0.3967578221190802,-1.3721591292390516,0.14483490024124776,2,1
s044,-0.3324106249233084,-2.310331325124432,-0.15893123471338064,2,1
s044,-0.5666644729679284,-2.1867656485065954,-0.13190963849095141,55,1
s044,-0.2969345838379374,-3.0232207258602037,-0.3965074935607119,55,1
s044,-0.3872959889896065,-2.4051040771006154,-0.32348678153362476,2,1
s044,-0.05156323114502373,-3.403390914624477,-0.37087245573328276,2,1
s044,-0.2410997133673967,-3.025187910312584,-0.37618998620425403,2,1
s044,0.2609032640389022,-2.3438276755877467,-0.5859328093769247,2,1
s044,1.187078688974258,-1.7669232160162245,-0.41688835189491785,40,-1
s044,1.5968564617255265,-0.8821386839676023,-1.2502075154334018,16,-1
s044,0.401872225323593,-2.223911090075332,-0.3840787688820232,2,-1
s044,0.2634237730990179,-1.4590044482273552,-0.2644977885370744,40,1
s044,0.8599489191632054,-1.7574381395955607,0.4803440493492772,40,-1
s044,-0.21070757101731513,-2.0642268198618883,0.08334575304634843,2,1
s044,0.6815522734488425,-2.5752733250113335,-0.9551136363015768,2,37
s044,-0.12867920409502256,-3.403392562152323,-0.1896351168122669,2,1
s044,0.7364376333305819,-2.7054335279567407,-0.06442167224789212,2,1
s044,-0.5347275542123265,-2.831070642987477,-0.1036333310507742,2,1
s044,0.606892856375803,-2.468191358327405,1.4923987833889545,11,-1
s044,-0.2167821227483534,-2.4356731575433868,0.3022338805661891,2,1
s044,0.39855826085971896,-3.0560662931106455,0.20200337292500983,2,1
s044,1.1825963934626091,-1.9066177455207625,-1.4970234467854433,16,36
s044,3.765091242190725,1.3739311404371863,-6.053414893455576,16,-1
s044,0.2768999353202517,-1.8183340708377418,-0.470231641591322,2,37
s044,0.13793913006850517,-2.1131985852051938,-0.2236355374838137,2,1
s044,0.2974589664961252,-1.036194958423013,-0.3108147984829849,2,1
s044,-0.11705575197006153,-1.6224606607067324,-0.12418648499619259,2,1
s044,1.6497122815717276,-0.7198642172326265,-1.5257108455888664,16,-1
s044,1.73368039411036,-1.2653696270890835,-1.5639205957160704,50,-1
s044,0.14833601519718506,-0.4137590396600603,-0.48825967980625906,44,-1
s044,0.2956670315699742,-1.724293508207585,-0.3511705871670018,2,1
s044,0.22874715619642916,-1.8342684058420797,-0.8591451987724359,2,1
s044,-0.5308713653075242,-1.9182701098306687,-0.45173056842663317,2,1
s044,0.4460940420912171,-1.7154036968545927,-0.17919385057774104,2,1
s044,1.421071573566776,-1.1375383431958235,-1.9603650770336372,50,-1
s044,-0.15105491587007266,-2.3002255554900164,-0.3192990635256223,2,1
s044,-0.34736321119571373,-2.1165669189191263,-0.5063703624305299,2,1
s044,-0.09928741911166238,-2.0364298372362164,-0.2184833794378938,2,1
s044,0.20778655955626743,-2.0913323465034757,-0.4448707771745006,2,1
s044,1.161462912098209,-1.9858841225825443,-1.0325420109235963,2,-1
s044,1.3838896219001875,-2.2674472874870535,-0.5121653981178746,40,1
s044,0.33784539246486595,-3.1496691027353982,-0.4399507373917249,2,1
s044,0.8360154265209614,-2.8777035706771694,0.03875944092201008,2,1
s044,0.24187913345414433,-2.802813474631442,-0.1822961808801178,2,1
s044,0.012418769354484672,-2.7270831902563133,-0.4269758612788771,2,1
s044,1.6547827899717344,-2.973443517810292,-0.382860208229376,40,1
s044,-0.10478227722075989,-2.758754836365777,-0.2149775414111539,2,1
s044,-0.011705876841610396,-2.647498237782749,-0.24616337114106285,2,1
s044,0.559963424006171,-2.904739591561414,-0.7000626877733677,2,1
s044,0.7359576825204416,-3.2027540019993825,-0.6583259024009206,2,1
s044,0.22245073033719087,-3.1667488462000435,-0.45759639812206854,2,1
s044,0.2042724031825942,-3.280898109719844,-0.4609536627004586,2,1
s044,1.2717413397100785,-2.6882207217449343,-0.2815034188595461,40,1
s044,2.3777903913178777,-2.43739156577957,-2.286359587415269,16,36
s044,1.749315008625816,-2.1466650726200225,-1.9033710350759125,54,-1
s044,2.0061540756511236,-2.246207943478384,-0.9120250300683883,40,1
s044,1.8288143887522388,-2.274594408483492,-0.9752629589436683,40,1
s044,1.0489888426361569,-2.151390695316127,-0.6941848798632668,2,1
s044,1.8270285676541986,-2.058605823137414,-0.8885120986799808,40,1
s044,1.2368933046002746,-3.139422878557874,-0.5979422889936468,2,1
s044,0.7485770380599029,-2.883248211746463,-0.6675826271199926,2,1
s044,0.34389099447995575,-2.92465591012285,-0.4281143663835268,2,1
s044,0.8462339608595161,-3.027193404415042,-0.5682998622640265,2,1
s044,0.8722150482810257,-2.83230692839011,-0.47472816928490286,2,1
s044,0.5669353901750273,-2.9911745617762175,-0.5535388691701513,2,1
s044,1.3787421513973213,-3.0848710904185856,-0.6930827717787291,2,1
s044,1.7258615474281105,-3.4407900885356106,-0.6552958186553637,40,1
s044,0.7940716213195482,-3.718022617596463,-0.47911492942631984,2,1
s044,0.25999152113332247,-2.823322669337172,-0.5479449785365124,2,1
s044,1.5560867999781085,-2.895091274201352,-0.8583517584701073,2,1
s046,3.638000155519123,1.2303514152250066,2.5087093335890875,37,-1
s046,4.469389452779166,1.0946619417579917,-1.5379206554367435,29,-1
s046,2.01933346787201,2.438044566533604,0.09869393852149246,38,-1
s046,2.6221486636533533,3.3181146875258904,-1.8892349580664054,16,-1
s046,1.540783821605209,1.3588021366875862,1.405481375935129,37,-1
s046,0.6042380798411263,1.6191291238456633,-1.2294082987263144,16,-1
s046,1.5244011034585356,2.446868078278864,0.21358001499771298,16,-1
s046,2.058833441682483,3.8379129481616614,1.0183626739187779,37,-1
s046,2.8393391961999237,4.705604744644779,5.233104988817403,18,-1
s046,3.1006790296426887,2.324619115239889,1.0367449428206108,37,-1
s046,2.9008173482702864,4.2404713288648495,0.26965811711314996,37,-1
s046,-1.2507499600206646,1.6196761525260046,0.40316089310327935,35,-1
s046,0.7277301490302513,1.5426585621097113,2.140447326026851,37,-1
s046,0.5172589043618651,1.6435025655148348,1.2300634154914676,37,-1
s046,-0.7248390876539615,0.2013280780767005,1.122300772646237,9,-1
s046,0.6198943409692901,0.4081451106214124,0.9589979756275621,37,-1
s046,-1.8343845631720985,1.0255473660765555,0.7842162976540085,27,-1
s046,-1.02685525960624,1.2686560040389627,1.6286582438218091,27,-1
s046,-0.5074208247553391,2.365287421400803,1.4529162712191017,49,-1
s046,-1.2895560224838,0.638499107758089,0.36126742974983955,27,-1
s046,-1.7386058990209718,3.5259202566807493,-0.6909023151380188,27,-1
s046,2.403628957952123,2.8195897684671616,1.5765554594104518,31,-1
s046,2.557825154582831,4.8465360363607255,0.0348383359018957,32,-1
s046,-0.3801335569609375,3.5104083037431235,1.8545802341136894,37,-1
s046,-0.32661840539501447,1.8035366031530118,1.4656770394633927,35,-1
s046,-0.6781300102841676,1.378935507693854,1.8777649903959268,27,-1
s046,-1.115889407171922,1.4201309542021399,1.2320848486858573,35,-1
s046,-0.730128958481137,0.6547125976613307,0.3393061604720822,37,-1
s046,-0.9236308960965957,0.696562268669535,0.5701940169774189,12,-1
s046,-1.3535554117803956,0.07909321330993797,-0.015590481646029272,9,-1
s046,0.678342966013495,4.340354989473097,0.9396774207330141,7,-1
s046,-1.3860107312011707,0.8315185326028599,0.33185317486365734,9,-1
s046,-2.433013854837948,1.6069375498066114,0.45870679500840145,27,-1
s046,-0.11555690042989387,1.3417326411048653,-0.718618682754452,47,-1
s046,0.15332114823041126,1.3987918047312329,-0.49622642700211206,47,-1
s046,1.7672013779609137,4.61412985700276,-3.6308854870000795,47,-1
s046,-0.26980557539683153,2.3871434788182295,0.36844030010421497,35,-1
s046,1.937828075865098,2.2093959578842197,-1.205914995786884,47,-1
s046,2.507552373387516,3.592201564139313,-4.424885701004756,30,-1
s046,1.032058457910851,2.4492422288767344,-1.436693738027159,31,-1
s046,2.4632224225178034,3.5742802898805843,-0.38147556928826715,37,-1
s046,2.016582282180628,1.9207405998450577,0.23704368751072194,31,-1
s046,0.8833306436839659,3.776628638509133,-3.690008844295476,30,-1
s046,2.0447408749490292,4.590989733634702,4.888955022804891,18,-1
s046,0.29858120294429585,6.298986730428043,-3.654626710400298,30,-1
s046,-1.2482579913221035,1.0921124801757636,0.23224954787632043,9,-1
s046,1.6260257490066448,1.5768437824736834,-0.05984239862635892,37,-1
s046,3.520731335152158,1.0389259943410243,3.3520881397101543,34,-1
s046,1.2013325934055468,1.005478861629748,2.892522880039168,37,-1
s046,1.3728147471748327,2.0377468049513983,5.768741524170774,18,-1
s046,0.23828609785141985,2.224321791986002,-0.50943226776845,31,-1
s046,-1.597163914183293,4.043982284629998,-0.8992479499439667,49,-1
s046,-1.7433758548763474,4.052612341840505,0.8857580003207074,17,-1
s046,-1.473273582585501,2.84214215712597,0.3896472876523688,49,-1
s046,-1.6529121782650122,3.033976371441016,0.3125002815774391,41,-1
s046,-1.5621447391400929,2.5521773832327117,1.5565012002841352,49,-1
s046,-1.9603030984160756,2.988881107856239,0.5647829459756903,27,-1
s046,-0.17016980900183937,2.874697789287528,0.9340820009714618,37,-1
s046,-2.076428815089133,2.7028005682300966,1.4900095256416854,27,-1
s046,-1.198540329713672,4.684852914692295,3.4882664483101236,7,-1
s046,-3.1776857283343793,3.568254579714658,0.35212332032070576,27,39
s046,-2.429811032564876,3.3820349645665653,0.5494778891004738,49,-1
s046,-2.481680438973968,3.186093361301133,0.03890227728297075,27,-1
s046,-3.274325044269127,4.347130427522988,0.17517646983283205,27,-1
s046,-2.7209935963955343,3.368534726726991,0.5840774843596809,27,-1
s046,-2.6014868108991345,3.057643461597304,0.17702287834651204,27,-1
s046,-3.4810539089583274,4.48087754805102,-0.09932552561658842,4,-1
s046,-1.3669174238912527,4.117418924443099,1.8497459026037115,7,-1
s046,-2.2395423327619355,3.341649538844836,0.8594505890618637,41,-1
s046,-2.3150165015365696,2.514707321958847,-0.07190579921978886,27,1
s046,-1.9256172234980697,1.8861796718437915,-0.06608923586032607,49,1
s046,-2.3734909900765913,2.098405943799359,0.2719590675002629,27,1
s046,-2.27471862887836,3.410447971891971,-0.15464659729848645,27,-1
s046,-1.282891580225682,3.5593529659325096,1.4587998708180216,27,-1
s046,-2.1586812760447356,2.9398847094451184,0.4033537923037747,27,-1
s046,-1.0499234697776658,2.636269499168408,1.1590116865372158,37,-1
s046,-1.5461448299186,2.874718231961951,1.2349970253151987,27,-1
s046,0.6898141853042693,3.369822082003645,0.9464972704247832,35,-1
s046,-1.2437141248291677,4.198233048525132,-0.090527305435886,7,-1
s046,-1.1051826521401122,6.133371469066058,-1.222664204643233,17,-1
s046,-1.9995388771072682,4.056017574593772,0.6736258027960139,49,-1
s046,-0.32623310556184093,3.624464998359056,0.3761240147118682,7,-1
s046,-0.793032390795019,2.3011637847617195,2.081515771176657,27,-1
s046,-2.0267091569577746,2.1858948082772676,0.2327746986179531,27,-1
s046,-0.522913324560311,3.9182749500057645,-2.119281100530932,16,-1
s046,-0.33751138722060375,0.9354065294942238,2.0426849627756773,45,-1
s046,-1.7402733073173653,2.62926201654171,-0.023032027648016932,27,1
s046,0.0678381556760532,2.3621593626412505,-1.7777112176820087,47,-1
s046,-0.4870134716500227,3.7453450018800893,-2.22832086813578,16,-1
s046,-1.8723666785171427,2.0439475296385554,-0.12274990373522353,27,-1
s046,-0.5345317522414165,3.82740239567368,-1.9641581828206098,16,-1
s046,-1.564163691776879,1.2242075014637492,-0.03981537585641286,27,-1
s046,-1.603311410876511,1.2596997539358818,-0.00375303651483675,9,-1
s046,-1.3457039511016593,1.355292588586356,0.15288685656602372,9,-1
s046,-2.1981884817600705,2.8393404345770183,1.273137481895157,27,-1
s046,-1.5923276391227856,1.2809268679118622,0.4428968200067537,27,38
s046,-1.269469742110271,1.6972096857343577,0.7123297545630259,27,-1
s046,-1.652520209942491,1.4357510343636877,0.6239636594882209,27,38
s046,-1.4624587738894248,1.1198497903181928,1.2016538704912625,27,-1
s046,-1.3113862248075123,2.9075396987725624,-0.6191892142125408,27,-1
s046,-1.3872699734136453,0.5747928941242387,0.24531074752563964,9,1
s046,2.7717598133986256,2.7696278817774322,-3.508025138210262,29,-1
s046,-1.640440656393532,1.4421146726541856,-0.7218533452155268,9,-1
s046,-0.3506404613753831,1.583937889335696,-0.14961948614395898,49,-1
s046,-0.8785080433454434,3.025221404466921,-0.4536451158623189,7,-1
s046,-1.8493865284773352,2.783085084464436,0.03765436457756784,49,-1
s046,-2.531814601266784,2.1334240780173737,0.20412857588846822,27,1
s046,-1.7213171117096118,1.6512304819491515,0.1792710448336968,27,-1
s046,-1.374988272644965,3.0955370879495145,0.7532487353495276,27,-1
s046,-1.879964132009655,2.023396686147865,-0.2609629861067233,27,-1
s046,-1.1831966457460585,1.4970632178758596,1.1071339599801862,37,-1
s046,-0.7846855703701215,0.8407687476365777,1.755300086256391,37,-1
s046,-2.2300397579506828,1.583374205332357,0.050537518538288334,27,1
s046,-2.1766507857603417,1.4411715364327504,0.22279418456477001,27,1
s046,-1.8815905897776886,0.42087148976504396,0.7851251975408915,27,-1
s046,-1.6615157744842382,0.8812526177612908,0.0655417066306415,27,-1
s046,-1.8374299143873511,0.5377732539973153,0.6321201783743816,9,1
s046,-1.6177383869513018,-0.3274557429603825,0.2549358458906621,9,1
s046,-1.686583085109183,-0.7318039073701395,0.09628474435415489,12,1
s046,-1.5622347266134082,-0.6341041407380104,0.15128421061104125,9,1
s046,-1.4580499314689797,-1.1465604240218072,-0.038211406262365875,9,1
s046,1.1893151036078902,0.4121850290048313,-1.6795614950521882,47,-1
s046,-1.543114457741145,-0.8448458716855654,-0.04445719253305375,9,1
s046,-2.096683675101228,1.2280642511861863,0.04995166664342076,27,1
s046,-2.2343344344575313,0.5919223761982632,0.15298263963569408,9,1
s046,-0.5713922266236078,2.105483535206668,-2.2850726540245536,16,-1
s046,-1.9094577743525842,0.9438906409001355,0.06083252470373799,9,1
s046,-1.744743952930305,0.04582323050483945,0.003802061659657488,9,1
s046,-0.7471101778259415,0.38584531135804145,0.7577964212496907,9,-1
s046,-2.0613734150223975,0.789488326448382,0.1906450974169973,9,1
s046,0.42217648351684123,0.5824570310597463,1.5007049706004445,44,-1
s046,-0.3000246398105105,0.5047813043451448,1.234576491435346,35,-1
s046,-1.9146476699387527,1.0050119010334109,0.4520684445859275,27,1
s046,-0.5770489694589993,2.037439247258234,-0.26599513301983735,7,-1
s046,-0.3913346779421596,1.5967687821873362,-1.0090387809272414,47,-1
s046,-0.8111254839524075,-0.7115994825216398,-0.06714442391574392,44,-1
s046,-0.5939159908514897,-0.4599549261625067,1.3563402092022505,37,-1
s046,0.8202849248179849,0.47478799299417446,1.1589552270459433,37,-1
s046,-1.3620255629375517,0.7811792801444809,0.6254840847451312,27,38
s046,-1.8139583558788184,1.2408436193305092,0.4899466228692821,27,38
s046,-0.6512394214257793,1.2795554996592446,1.858230017367908,35,-1
s046,-1.1812940262772107,0.2524794182952337,0.5217328301756081,9,-1
s046,-0.962570037128503,-0.3233285696260538,0.6462614128037741,0,-1
s046,0.16445082622225976,0.6229932094703324,0.4175332216853294,6,-1
s046,-0.5801480030300117,0.6278961695072497,0.42394865864171805,0,-1
s046,-3.381477246740376,3.6865055477389252,-0.06026263502450989,49,-1
s046,-3.750866347502524,3.2622715231507713,0.42490962079661937,27,39
s046,-3.486439388293624,2.8832184955814815,0.3899645004411425,27,39
s046,-2.605478627695217,0.9559807839373621,0.41702285502661,27,1
s046,-2.8736225385166727,0.9060462044004183,0.5064108132846422,27,1
s046,-2.2154041857550246,0.9716117335390365,0.26263239316774095,9,-1
s046,-2.226118720376059,0.25098262199271054,0.5171051798511612,9,1
s046,-1.6983331769223924,0.27593569291028,0.1435181579891721,9,1
s046,-2.7075457622123777,1.0294896180397535,0.37362162212492134,27,1
s046,-2.3355895731776553,0.38158433863240543,0.49462070603593156,27,1
s046,-2.6125736521795115,0.6481875452340456,0.22130677156954698,27,1
s046,-2.6433404032579277,0.2703020006109463,-0.19798723933159618,9,-1
s046,-2.1354035246000747,1.0027755109584597,0.6928591400039901,27,-1
s046,-2.1007487979488886,-0.33898764126252956,0.6633298086146447,9,1
s046,-2.379674146452113,0.7752892670359404,0.47707500745847364,27,1
s046,-1.9115056709284453,1.5439381267366337,-0.6022237178965623,27,-1
s046,-2.1113911084047863,-0.05182113287982581,0.3406416725975186,9,1
s046,-2.07322510135375,1.370495607038868,-0.0761648198376165,27,-1
s046,-0.8475863352604992,0.49557698363216857,0.5714810654237954,9,-1
s046,-2.6474974485851868,1.2905545851743092,0.10194632795878772,27,-1
s046,-2.1552437573999725,1.484287064726097,0.5611185695589489,27,-1
s046,-2.631150901277228,1.2141708108518858,0.5857234373428352,27,1
s046,-1.5252369198772164,0.09469170092918684,1.4619287926832412,35,-1
s046,-1.4542064566530226,0.7872048016658532,0.5577393300621954,27,-1
s046,-2.6108280972559763,1.3095469107336133,0.29661716890884,27,1
s046,-1.4915565366975205,0.3273318853888253,1.10160116960837,27,-1
s046,-1.4136916378743059,1.5059723445871263,0.6384202971537006,27,-1
s046,-1.5455472985106309,1.9404828917376489,1.5705951174443031,27,-1
s046,-2.8490230643753693,0.8825527957448738,0.3655082623031414,27,1
s046,-2.320530372503273,-0.14567786700560223,0.4122614343655887,9,1
s046,-2.745803085018414,0.8567653631875152,0.5457812453195744,27,-1
s046,-2.544034983156433,-0.07329316525212745,0.4640774918144806,27,1
s046,-2.6305933124851193,-0.11910490840245415,0.33293998261046254,27,1
s046,-2.317016490928901,0.41343548333136204,1.0948248482716934,27,-1
s046,-0.9419442541839015,0.7700834493399724,1.4039823334707258,44,-1
s046,-0.46163992011885563,0.9353421163507265,1.1999331289966206,27,-1
s046,-1.842905728579408,-0.25867588019243615,0.5527402185156055,9,-1
s046,-2.838444850521345,0.6303280033444157,0.8270578651852406,27,-1
s046,-2.358901343640306,0.08304639220370115,0.9673841237605881,27,1
s046,-0.31408899817813885,1.0871174280725207,-0.5874965925795458,6,-1
s046,-1.555431475326526,1.8487255897065817,0.06867358151264542,27,-1
s046,-1.1640353026813575,1.594418841728771,-0.17059585889058396,27,-1
s046,-1.1669852419719395,1.9325358847044685,0.37866925022488834,27,-1
s046,-2.1595963166176624,1.8595917677809426,0.5383658598792208,27,-1
s046,-2.2870781968802945,2.8410777321392726,-0.365682617073579,49,-1
s046,-2.0016428469889154,2.105922480858609,1.2768292353330564,27,-1
s046,-2.072165613687849,1.1695405171497024,0.3616232139856947,9,-1
s046,-2.938544759173791,1.8689131213788763,0.4576347808747032,27,1
s046,-0.45428938314466616,3.323906423665696,-1.5172567786487896,50,-1
s046,-2.7966533979733113,1.8045831425147951,0.5095705044296233,27,-1
s046,-2.4188965673526304,1.340386341687636,0.045393747004072456,27,1
s046,-2.148985932994521,0.3808920493244338,0.37990400402902536,12,1
s046,-1.423191458768521,0.5888990225130906,0.13450635060643976,0,-1
s046,-2.0821301942432595,0.7300750081058216,0.6759860095831844,27,-1
s046,-0.9180753876515892,1.8550020368386428,1.195887562604436,27,-1
s046,-2.2347418574286166,1.191936221644326,0.4058110444100799,27,-1
s046,-1.4891512040336086,-0.6263820706447186,-0.09340664696514434,9,-1
s046,-2.198704119525127,-0.23896233172731832,0.23158660733536843,12,1
s046,-2.299970673556048,0.2447353574152806,0.6408372647061178,12,1
s046,-2.161761727972348,-0.013775408955757695,0.08551596947188159,9,1
s046,-2.1276385842308794,0.433485463048028,0.5851520735925686,27,-1
s046,-1.3451581518057587,-0.08650031433091568,-0.03718654883454841,9,1
s046,-1.7710324094934078,0.5389110163294812,0.2884843224339802,9,1
s046,-0.3933228178406305,-0.03969825619160704,1.0699058138381723,37,-1
s046,-1.8216376384821509,0.4322271208717953,0.1842490061554938,9,1
s046,-0.6850879329247556,1.495848843134267,0.9145377671977644,38,-1
s046,-1.5600559111701864,-0.0887012742259335,0.30686317368329125,6,-1
s046,-1.9520397356148798,-0.38804016607359443,0.18454087268385294,12,-1
s046,-2.5969812606489566,0.23692043129012796,0.28682143656172965,27,1
s046,-1.1102662203407687,-0.9423694984066636,0.39866065320299127,44,1
s046,-2.3391458398482268,-0.7652639020292568,0.49815592045104956,9,1
s046,-0.9139624731018838,-1.0137975765208485,-0.03692381269562105,44,1
s046,-0.16568794548825871,-0.5179650978459291,2.4766249341891227,35,-1
s046,-1.0707515446962972,-1.536863379320383,-0.1089377352454614,44,1
s046,-0.9069744913674979,-1.800707541865586,-0.09958701003736418,44,-1
s046,-0.928915009024584,-1.1543384967597672,0.4378537203372112,44,-1
s046,-2.688763180984366,-0.28888942970319614,0.3541834541894041,12,1
s046,-2.133066420950757,-0.25325687723924034,0.1161624748394639,27,1
s046,-1.4440759808699473,-0.8671214427369002,0.530546700268729,9,1
s046,-1.158462935393582,-2.1090176516899057,0.45767102703149254,55,1
s046,0.16432508459669437,-0.7883488669165832,1.0595366574575826,38,-1
s046,-0.001988602173649729,-0.2637243069079907,-1.7115013028791133,47,-1
s046,-0.9598068838204137,-1.6943520765829105,0.605975626019264,44,1
s046,-0.950559782175237,-1.6272765735089665,0.45004532603229935,44,1
s046,1.1125234252045708,-1.54411610482966,-0.285033838131378,42,-1
s046,-1.3252299724290104,-0.5560599326562613,-0.17381348222590468,9,1
s046,-0.54086122775667,1.1099609560443124,-0.8935854218077888,42,-1
s046,-1.5955590964830302,-0.5680833610666055,0.047482739777911266,12,1
s046,-1.6399798018512817,-0.7272448841694472,-0.06372507194130345,9,1
s046,-2.2135060290943156,-0.4387528005392991,0.10027055742468961,9,1
s046,-1.3666303980440826,-1.2056942754480422,0.11048287700897623,9,1
s046,-1.4451697897645197,0.18071365588750135,-0.5910710162192483,6,-1
s046,-1.4686218915652283,-0.3804946053411676,-0.6054433109491127,9,-1
s046,-1.591770728935411,-0.30233435485901955,0.7134018367562989,9,-1
s046,-2.0937910602184973,-1.613164126886311,0.05659941040168528,44,1
s046,-2.0258946988530893,-0.6091972979815279,-0.3437793939654563,9,-1
s046,-0.04397387363842107,0.42845980720681015,3.191731926260012,37,-1
s046,-1.8934757487305927,-0.8105858416291574,-0.17389039331649475,9,-1
s046,-0.01679697278293588,0.08649858312739642,1.914954056440296,37,-1
s046,-1.2402417384557725,-1.157088837069881,-0.3589986832194934,9,-1
s046,-1.7764775075385797,-0.6613112303957066,0.01985200975739027,9,1
s046,-1.8675985678115168,-1.0432932122649647,-0.06882174952402036,9,1
s046,-1.4645858084093288,-0.9254294253468011,-0.14625017740766333,9,-1
s046,-1.4638970047448514,-2.369532763940613,-0.004622112529349459,55,1
s046,-1.1292637806823476,-1.5903569969167264,-0.03970051912085248,53,1
s046,-1.5823400716577811,-1.3748620626014643,-0.15546103693994454,53,1
s046,-0.9966035598333167,-0.6678193214602246,-1.2738026511627278,53,-1
s046,-1.726827703270453,-1.4152780817193173,-0.03444308240975283,9,1
s046,-1.7033274866695554,-1.5148837304091933,0.1549836491781039,53,1
s046,-1.4347350354017478,-1.497578148777407,0.5229513791221039,44,1
s046,-1.9535159686622463,-1.5094195226897442,0.19561466036829803,9,1
s046,-2.717964752626967,0.9933481589266131,0.6267017256191857,27,1
s046,-1.4255986942441852,1.2347418458909183,-0.25368046543406697,9,-1
s046,-2.071322127211803,0.2651633578230333,0.06543543725365324,9,-1
s046,-2.2059887635885107,1.7574148410146866,0.03929635707622019,27,1
s046,-2.453497123245596,1.5626975234826137,0.42304859294613534,27,-1
s046,-2.257081942861696,0.88365957874067,0.44355326436683545,27,1
s046,-1.406482552446425,2.7861470583420322,-1.2551841365609742,7,-1
s046,-2.4711233374893973,1.4506204048162052,0.11782871781650187,27,1
s046,-2.856960256404547,2.6559066395290243,0.32974965090599995,49,-1
s046,-2.6027092938795473,2.2780100955815064,0.07426477896526837,27,1
s046,-2.4449182688475273,1.5185513144067728,0.09716914069247753,27,1
s046,-2.6458435896359744,3.607965636262625,-0.4028393596621523,27,-1
s046,-1.5693101647375354,2.91604430364005,-1.3462617100559513,16,-1
s046,-2.4939784111827605,2.242871085745417,0.1946767331999345,27,-1
s046,-2.6731217165621195,2.0154640961487136,0.6201411604661001,27,-1
s046,-2.2603252129776608,1.3924111076362315,0.3720429476583881,27,1
s046,-2.0851491165285445,1.3514499746016604,-0.2619306998751135,27,1
s046,-2.6078523150895854,1.1290178185206083,0.45381559873140925,27,1
s046,-1.7309066727259352,1.8968203936264365,-0.6097314625011797,27,-1
s046,-3.2279023834094023,2.336476992465483,0.7107443326304367,27,-1
s046,-2.7848422852131844,1.247232089347384,0.4988522493431805,27,-1
s046,-2.4025572159561674,1.6384499842371356,0.8262339334233276,27,1
s046,-2.973468718221662,1.8973268046346066,0.5586550034437279,27,1
s046,-2.596029386708665,1.2501455407623723,0.4474522202920181,27,-1
s046,-1.8981150928102573,-0.07985676989095487,0.08852339207244174,9,1
s046,-1.7060634123009142,1.2155137577726376,-0.19636621205696547,27,-1
s046,-2.9476205481232305,1.0757470238313187,0.32783133272046944,27,1
s046,-3.629103098534269,1.5891543017121086,0.6693855557149191,27,-1
s046,-2.355763377562921,1.0299981489382501,0.883934107288541,27,-1
s046,-2.154762232557761,-0.12698889075707803,0.21114936883170382,9,1
s046,-2.2343161059664705,0.3030811859369081,0.3573204938711616,9,1
s046,-1.5503633055141688,0.5234359107953224,-0.15814242738836776,1,-1
s046,-2.1925451226764365,0.36871431586305203,0.41281184081310185,9,1
s046,0.4301280431578512,-0.2681644582603473,-1.5290064344800047,47,-1
s046,-2.2004105679916464,1.0215718669434433,-0.022986213910940786,27,-1
s046,-1.9920461997954362,0.1864783660488176,0.07097313693022689,27,1
s046,-1.9308728680157807,0.2668016356549557,0.027031366687167296,9,1
s046,-1.408249066745169,-0.2437055430566386,-0.24580571680961297,9,1
s046,-1.3829318759061389,-0.630718659536527,0.07559550536650507,9,1
s046,-2.0865071617728286,-0.08499765832693537,0.17632571209572703,9,1
s046,-1.2738582560189624,1.3844647834057975,0.7246231235139154,37,-1
s046,-2.216738330479766,0.736017229497878,0.34081556700607984,9,1
s046,-1.9574278724851502,0.21634620234887988,0.4711055990490485,9,1
s046,-1.8147296218507152,0.153542454581146,0.6562987351667116,27,-1
s046,-2.4490775194007965,0.4731182882923996,0.13027600896118827,27,1
s046,-2.367397713193316,0.28577698181156197,0.13084834550541505,9,-1
s046,-2.2467710796287323,-0.16693282743682533,0.2679172643048626,9,1
s046,-2.883826116353555,0.36136791707530785,0.2512449070781995,9,-1
s046,-1.9249254058337883,0.34065971302586906,-0.5765160033097396,9,1
s046,-2.2265237622104204,-0.0839326513991109,0.06154628865837982,9,1
s046,-2.674554814546405,1.2252031673863135,0.35543002551113556,27,-1
s046,-1.5208320497930115,3.060874529113687,1.2244507437924077,38,-1
s046,-2.3898523737143,0.45282817160483935,0.2708175061451123,27,1
s046,-2.5417636131951182,0.8392104856916183,0.016906538014912216,1,1
s046,-3.1834662962666025,2.6308460101741007,-0.10443930786513232,27,39
s046,-1.9262036981270971,0.46521719939225614,-0.2515220322309956,9,-1
s046,-3.2296758443317506,0.8124833592490641,0.308576240290021,27,-1
s046,-2.3302647831399135,1.706402175089321,-0.5832821590667683,27,-1
s046,-3.1104753977258905,0.7635015453922633,0.13376248997720105,27,1
s046,-2.6818538062024326,1.8053702040337736,0.7478381278655388,27,-1
s046,-1.6742574160909798,0.8768403353954404,0.6635853919555798,9,-1
s046,-2.8321264822007493,1.2595506154661047,0.1046148088857404,27,1
s046,-2.2936630799936264,0.7930969711843842,0.39376200202793915,27,1
s046,-2.2217324818832456,0.33055797310004537,0.07345793108112267,27,1
s046,0.0938135023819058,1.0946147637101482,4.114733167064988,45,-1
s046,-1.2518729485696065,-0.5153495483036039,0.16535250094678297,44,-1
s047,18.550922452431365,10.30638702383946,-7.520475257146717,51,-1
s047,5.859272142608941,3.6516296670777875,-1.363136085818282,3,-1
s047,4.806606505534782,1.4371466982908356,1.4558993930215391,36,-1
s047,4.837148114999643,1.8303377693011345,0.6033602469147206,38,-1
s047,3.751237277679142,1.6855449838769496,0.3255914742460019,52,-1
s047,4.683776012436585,1.0089817671130583,0.6691336814158597,42,-1
s047,2.483100045873657,0.6181138458882428,2.167532171525468,14,-1
s047,2.3307165514355046,0.14370947432096806,0.11805706893262935,47,-1
s047,2.495214358405617,1.0290666563965825,0.6833835120147553,40,-1
s047,3.7896349386759933,1.9896112070493048,2.6737795164641702,36,-1
s047,4.392354115110392,2.159147487427906,3.2196316407953898,18,-1
s047,4.347195272770447,-0.8608839023865393,2.0401392962920832,52,-1
s047,4.134227843640242,1.461400998193945,-0.7333235115621355,50,-1
s047,1.9781241967170964,-1.193784896573141,0.6867980761679008,52,-1
s047,2.5856307304364075,-0.9110178385430886,1.996589745971912,14,-1
s047,3.8624362393521787,0.7399229393442688,3.390874257285887,36,-1
s047,4.377218251400165,1.1259028462514482,-0.7242571446948737,29,-1
s047,3.1131613332890646,-1.0428991730622752,1.6712593538221165,14,-1
s047,1.1674701592346515,-1.295300171814636,1.1730262677505325,14,40
s047,1.080310067086038,-0.25392555741894257,1.2946703400002848,14,-1
s047,0.9571454457563368,0.6021728164461635,0.8990005958359002,14,-1
s047,1.1053362301601695,-0.5487475733446348,1.3873076575323444,14,40
s047,0.37449879786467416,-0.6542386552240339,1.5971934375690182,14,41
s047,1.2739507651568744,0.5239708038462979,0.7177498772508057,14,-1
s047,1.1083203788497205,-0.2640552380569308,0.9775481895022183,14,-1
s047,0.6293946056489512,-0.9078797076653004,1.8229844688583352,14,41
s047,0.33936583758145766,-0.6596439454863713,1.8627162666767723,14,-1
s047,0.4668797915113587,-0.7515177260830536,2.12307380382297,14,41
s047,0.5486281391115152,-1.0377400880471626,1.3697522519924994,14,40
s047,0.6952516303243435,-0.33917705280752736,1.551932413638388,14,-1
s047,1.3032947763525902,-1.352629200796302,1.6579910695322349,14,40
s047,1.2950706745578204,-0.12092806009602788,1.6961888201826927,14,-1
s047,4.04506356280133,1.5617497467049417,2.685232075472951,52,-1
s047,0.33569066224192873,-1.0630055362658501,1.5900074122533052,14,40
s047,4.944696764837793,2.290683383252431,6.521206522776223,13,-1
s047,0.9472865197152027,-0.3978663876126652,1.1540560452280997,14,-1
s047,0.5709017755156016,1.303355552795446,-0.4476773208520455,50,-1
s047,1.5563123314451104,-0.10414703957939637,2.7157065385579453,14,-1
s047,-0.29939664564556995,0.05578868792474681,1.593502936036726,14,42
s047,3.8264650632941053,1.888806808625372,4.644173137063135,18,-1
s047,0.0767759281307893,1.0304997166403014,1.4595861599292994,14,-1
s047,2.220113458046674,1.8282077829183803,2.304783476196789,37,-1
s047,0.29313927428066183,1.862609103641996,0.9579317476882248,14,-1
s047,1.7367547742972553,3.590605029226704,2.7921302477641614,37,-1
s047,-0.49261917713067616,2.6727460895023296,2.435282809504205,14,-1
s047,2.335585084246527,2.806531828748675,1.5269704908004675,38,-1
s047,0.9549700686064281,3.410898543385351,-0.3664313074202872,7,-1
s047,0.9453377432938144,2.1121720317849615,1.0393208811702006,37,-1
s047,0.4571764350989803,1.6609596990280902,1.072513101396576,37,-1
s047,-0.6556588048095537,2.050852010095141,1.4596221256028,14,-1
s047,3.639067637180072,0.3204376753289765,3.4542974099115864,52,-1
s047,2.309846645844433,-0.7499222796671368,2.023509163368994,14,-1
s047,1.4900093858867305,-1.160243884246374,0.3359263194286777,11,-1
s047,1.2883151015076342,-0.8456192970882879,2.1974696955386013,14,-1
s047,0.44517114823981085,-0.8838066372573132,0.8951644773639423,14,-1
s047,1.1900972049120198,-0.4193302100418422,1.8541343615105825,52,-1
s047,1.1357185969200383,-1.3108131053502523,2.10010376602951,14,-1
s047,3.056770982025042,0.12305249491013412,-0.8659262380935124,50,-1
s047,2.7488548270379747,-0.7628975158611766,1.50558844064745,40,-1
s047,0.9316878512430448,-0.1643350997597782,2.5761611004776603,52,-1
s047,0.18412504703700577,-1.0954822417098462,1.790945289391883,14,40
s047,0.7331294217963715,-0.6542456646756933,1.793726923607657,14,-1
s047,0.5152189702205329,0.43079053019462094,1.36941713856064,14,-1
s047,0.13199140533235867,0.5112033220993859,2.1335233589916043,14,42
s047,0.5693726074132993,0.33379368198788717,2.1788475852469342,14,42
s047,-0.25483660851116613,0.7270978217388911,1.6187215004345532,14,42
s047,-1.1628681603526516,0.19275096952141987,1.4903419977483616,14,-1
s047,-0.2599337379964153,-0.8349944064988288,1.7147877167506596,14,42
s047,0.9649182805556447,-0.48877420667428323,0.4494846606789703,14,-1
s047,0.3822685072299591,0.4156708268592603,3.6009725199818514,45,-1
s047,1.1142940502805596,0.6928492814669929,1.1049710726505877,14,-1
s047,-0.896701474966296,0.875086989545796,1.5161836977123782,14,42
s047,-1.0281377250574832,0.7880017906819194,1.4383611512944365,14,42
s047,-0.7810145140452176,0.627147062310845,1.513629056807033,14,42
s047,-0.1901986490771853,0.5528239304976389,3.0958177645322373,45,-1
s047,0.40709959423578035,0.963041640144036,1.1669011905331776,14,-1
s047,-1.1426486340303144,0.39040001758252063,1.35802227795561,14,42
s047,0.592187576394475,0.6649605050339795,0.31860190776232955,47,-1
s047,4.040195356576908,2.6823636821764842,4.216557907277132,18,-1
s047,1.6991224546157147,1.2605904380855433,2.0756228376704327,37,-1
s047,-1.0962515231698884,0.9478021944631219,1.260277927976066,14,42
s047,-0.009977595818628135,-0.0832878983041925,1.3434050561500752,14,-1
s047,-1.0147886517139555,0.8340042530402314,1.5840116260335353,14,42
s047,-1.2313241730748066,0.866874546871786,1.8373994001654401,14,42
s047,-0.7185035991286154,0.3708321598231684,2.3824510245746087,14,-1
s047,0.1661723692467455,0.848430140814831,0.7179924920142171,35,-1
s047,0.9645659353959453,2.5716283881739823,0.9826245964719535,16,-1
s047,0.17615934539238648,1.6157037895853366,0.6046575241983961,40,-1
s047,0.16670977449043373,0.9160278555356755,1.1581696265802908,14,-1
s047,0.23246363665032715,2.0859833552712934,0.3413617935474271,14,-1
s047,2.2026501618905763,1.8632735946083145,1.452821287909633,31,-1
s047,-1.1677642887066433,1.1236640432089102,1.5188661840041306,14,42
s047,2.0247649269577632,1.1203906649549444,2.5908045514583327,14,-1
s047,2.067779352697335,0.6521766091942096,3.243633663403923,52,-1
s047,0.5083865332251999,1.3994211930327658,1.0761081158479742,40,-1
s047,0.4065934412283022,-0.04637758403982809,1.7131959668087036,35,-1
s047,1.2083238805145475,0.08552485827108125,1.0324763974604776,14,-1
s047,2.91595306538383,2.812191214074646,6.915304682749709,18,-1
s047,1.9953424344811894,-0.091746126585366,1.9812526239357795,37,-1
s047,0.40290611627302503,-1.2543006806756545,1.4655408556606717,52,-1
s047,2.843585025155393,-0.2157861430496076,2.6781282891153624,14,-1
s047,0.5610221680621161,-1.8374428769458975,1.0054314524461267,11,1
s047,1.2724411243023341,-0.687326038388274,2.2025260909388003,14,-1
s047,0.962013443866911,-1.3568559870998702,1.3130104381314176,11,-1
s047,1.2158918511068963,-1.13615541332816,1.4702400782911669,14,-1
s047,0.147957734385954,-1.29655713526316,1.4793981219557937,14,-1
s047,0.9059997012961163,-1.3255175383772857,1.20576552324171,14,-1
s047,0.44245974664072985,-2.0412717660691926,1.3826701872057428,14,-1
s047,-0.01710059143043232,-0.9331218724823858,1.9697828694284736,14,-1
s047,0.9323065224075735,0.537003970065451,-0.4436036168685489,50,-1
s047,-0.38893108328834197,-0.2082994307190096,1.3970448803888393,14,-1
s047,1.6910143464802017,-0.45578966681580296,1.147611161245052,40,-1
s047,0.3465375401957813,0.8676211368097142,1.5400669505092344,14,-1
s047,3.132372053948447,3.0298032674680964,3.536696858197805,52,-1
s047,0.07105117657690048,-0.3523004368253882,1.6618052332062656,14,-1
s047,0.6480353381495935,-0.3870827011668117,0.9501829567458236,14,-1
s047,1.9154370567401058,-1.0653251799942753,1.8243692325818197,14,-1
s047,0.8249240558863312,-0.6132685619369784,0.8475056518284393,40,-1
s047,0.9318072764552681,0.07154919273585565,2.552239361932868,14,-1
s047,0.10854024385140904,0.2958530963310324,1.5787049110390914,14,-1
s047,1.5444442412588766,0.21600113023073964,0.5594693512026888,6,-1
s047,1.226767631351893,0.07728433943831854,2.550275827813629,14,-1
s047,0.34614023675846284,-1.0674410282532756,0.9268881131522544,14,-1
s047,1.0439107173367592,-1.4487031631491682,1.0788501263734929,14,-1
s047,0.6259225342911579,-0.5202042313023904,2.2145902894718836,14,-1
s047,0.5697967044519907,0.523279874163639,3.1263147616285214,14,-1
s047,1.0507206074434179,-0.8614041976483564,3.027202044438245,14,-1
s047,0.3082081890414529,-0.7300270869077276,1.5361578812048733,14,-1
s047,-0.9692521112231736,0.6448944119565017,1.7632775355578147,14,42
s047,0.22259385029935067,0.49550077702281375,2.3848959206566613,14,-1
s047,0.32554259322711393,1.140795214231038,2.978172193387611,52,-1
s047,0.09541146033084019,0.5181656042735681,2.4892813064175634,14,-1
s047,-0.20286762924108961,0.6084326692632062,3.6011243749686543,45,-1
s047,-1.6844912860298,1.7173187478046699,0.7047959011300756,27,-1
s047,4.039395916843114,2.294099473417839,3.075851627699329,32,-1
s047,-1.113517553870829,1.5187018875974925,2.1789247316946754,14,-1
s047,-0.9449873413922358,1.2627983038122486,1.8374405950444161,35,-1
s047,-1.3424838683143294,0.9967329571309217,1.882559196559072,14,-1
s047,-0.37543972040432827,1.251827544297292,2.0478129042846747,14,-1
s047,-0.15280806520796852,0.15446619249586255,1.9192035544210984,14,-1
s047,-0.08164670053357356,-0.2708221948552817,1.626256929200745,35,-1
s047,0.7843950914119421,-0.25101787408860454,2.52978112871339,37,-1
s047,-0.8804291965856481,-0.8994618007272991,1.5991107201341663,14,-1
s047,-0.15460285640272933,-0.030015270441419672,3.9152499508029805,14,-1
s047,1.0681219395825294,0.09623721192315227,2.569237956056215,14,-1
s047,3.589782604962525,-0.20767447162730088,4.212294625174071,37,-1
s047,-0.06129255724195941,-1.750279869963266,1.3657844018817187,14,-1
s047,1.3017862726470206,-0.632417119087608,2.817648533585723,14,-1
s047,0.26070979417271034,-2.199211681844895,1.4604755484827905,14,-1
s047,0.5026761102974269,-0.8317073507597887,3.2854055444351795,45,-1
s047,0.044517226183219696,-0.26170641645124865,1.2522137852653532,44,-1
s047,0.4421060205768744,-1.178040763775301,0.7268604993256095,0,-1
s047,0.9283107033489144,-1.0144978554565878,0.22688316107367393,47,-1
s047,1.4096940530298547,-1.2604560989126865,4.5862708444112705,18,-1
s047,-1.277057469239554,0.09017292926307284,1.3362167183052016,27,-1
s047,0.1615096776887875,0.32665460656816153,1.617119845491617,14,-1
s047,-0.11607997404990963,1.0502298315669722,2.023170525701263,14,-1
s047,-0.5159175474865341,-0.04439549476626024,2.081418182456948,14,-1
s047,-0.9691802259888963,-0.5617990971254024,1.553657899079727,14,-1
s047,-0.5499006638934588,0.9737523316556833,0.7765516168997798,14,-1
s047,-0.297823610249468,0.20736422221726866,1.6461486154062666,37,-1
s047,-0.2850124372733741,1.0637653181159592,2.0749429296852715,14,-1
s047,-0.13493588277333884,1.4673519428486803,1.6773032296853418,14,-1
s047,-0.3037579566645614,1.79129728033333,1.8281069719434233,14,-1
s047,0.03863024970092254,1.9238537502211333,1.2414207926526257,27,-1
s047,-0.6421288336201699,2.0945377488661276,1.43955601590785,14,-1
s047,-0.5697243751067087,0.41629823250135123,1.123538284740273,14,-1
s047,-1.1729491526545217,1.1621670440524736,1.3181380462822538,14,-1
s047,-0.4600534691588003,0.37649831098061104,1.9924053192334656,14,-1
s047,0.04948525706529325,2.133493016421681,1.9132920053927434,38,-1
s047,1.258896611267976,0.9418419436569476,4.779663022145602,52,-1
s047,-0.5514352507021587,-0.2664222224262221,1.0655414311300204,14,-1
s047,-0.9219626848349718,0.7107602680429764,1.218436274312185,35,43
s047,-0.06728455995561144,1.1094947481706705,2.927841490564032,14,-1
s047,-0.4174434217595551,1.384523347427105,2.8579656018664945,45,-1
s047,-0.5657696305806861,1.1313306323164087,2.623925320246084,35,-1
s047,-1.3693229022692792,1.790819680811911,1.530733416944728,27,-1
s047,-1.4188635321307264,0.9816574873590583,1.5491649933899891,27,43
s047,-1.5509218512300353,1.2628132655066904,1.3970233949942994,27,43
s047,-1.4582443733070607,1.1582368153621978,1.7941240840479946,14,43
s047,-0.9604717545424021,1.904463069960256,2.9167750717354766,45,-1
s047,-0.3007959573942954,1.2879360626687821,1.4319010532789458,14,-1
s047,-1.9302281358870161,1.8157236191309505,2.2912151031934793,27,-1
s047,-2.121003912691426,0.7404580107280777,1.4792321217521756,27,-1
s047,-0.8940305680731079,2.6754829069398767,-0.0742236806405167,50,-1
s047,-1.385463849207079,2.496977772018567,-0.5003649608183467,50,-1
s047,-1.9656947287576978,1.2937187116293687,1.4069240787840565,27,-1
s047,-0.8908293201555749,1.9902626375028127,0.458585901730833,27,-1
s047,-2.3384254894857333,1.8389238808400943,1.4420004689001134,27,-1
s047,-1.77493526716651,1.1969670215036516,1.1305574817992219,27,-1
s047,0.19196299038150078,0.5631844225710204,2.1868982183375385,37,-1
s047,-1.2664945367762594,-0.28072390998170244,0.7805165912883864,12,1
s047,-0.41585527972386055,-1.3284609492635346,1.524237387279411,14,-1
s047,-0.8611154997425726,0.5872026869839387,1.3922569208199886,14,-1
s047,-1.944723955777011,1.4130562480505444,1.2928218713200768,27,-1
s047,-1.6910318110853753,1.8095772155441587,1.1274828998851065,27,-1
s047,-2.069357314821073,1.5261516940231175,1.0325350606570913,27,-1
s047,-1.0662353739027939,0.518924588865639,0.7055695030566135,35,44
s047,-1.5007957933088119,0.2590779127711793,0.9193384783691246,12,44
s047,-1.7628109953724163,0.2274673608285953,1.1096618003608418,12,-1
s047,-1.2538122259102324,-0.01492472558968422,1.871456663819458,35,-1
s047,-1.620643144233945,0.1702993960580314,0.5440650366050027,12,44
s047,1.2048764357823278,1.1861323213378367,2.8059951234625107,37,-1
s047,0.4048131706637719,1.521478150718427,5.053931233979996,52,-1
s047,-1.697594404470073,-0.050608516642370614,0.6818462510314588,12,-1
s047,-2.3100263217691452,0.2367360054704479,0.7640858992774235,12,-1
s047,-1.5107366331106673,-0.30402580196451817,0.9534110392785847,12,1
s047,-1.084050378320297,0.8977550298534124,2.195414693433614,14,-1
s047,-1.5301176183983882,0.6467363072617952,1.751407788080719,35,-1
s047,2.698921302133994,4.867430218440716,-4.564020079304077,30,-1
s047,-0.773740648470637,1.2955120098069313,0.10120345475660938,35,-1
s047,-2.5205643940306324,0.6100453741198966,1.0073509952018485,12,-1
s047,-2.107171899826895,1.8422467573876442,1.6553454008279738,27,-1
s047,-0.6577633757917329,2.4254801143496083,2.7531370446531462,45,-1
s047,-1.7548907091467687,1.715133435271761,2.0484280425602104,45,-1
s047,-1.981238059073023,2.0698393843392218,1.2984881579367742,27,-1
s047,-2.291933996754845,2.574759403696228,1.1714027924400157,27,-1
s047,-2.360167837449097,1.5738682711720677,1.5557958532270029,27,-1
s047,-2.470825791928139,1.2502753554996497,1.3686194150241229,27,-1
s047,-1.6390549878902978,0.9864178385008586,1.3912575909274132,35,-1
s047,-1.2385479401572785,0.99727734789202,1.2463230973554664,35,-1
s047,-1.7096544888955405,2.00485611511894,1.7890292348721424,45,-1
s047,-2.4064801686623283,1.6251748923316447,0.5675276911467312,27,-1
s047,-2.6008652521093865,2.3157320695519505,1.914961964899533,45,-1
s047,-2.4397656051622723,2.279690106561642,1.3692711531093484,27,-1
s047,-0.6081249072995089,-0.3389529166493291,2.340268977144433,14,-1
s047,-1.3249304247297706,-1.8449567466027907,0.8336967243702393,53,1
s047,-1.2203443710715791,-1.865705095812849,0.9465958943963361,0,-1
s047,-1.5547917636950406,-1.4035741695755046,0.9257749798598807,0,1
s047,-0.7170418894772121,-1.272628172083704,1.8391934650509434,14,-1
s047,-0.2181100029561125,-1.3055729412863675,2.504584461735134,14,-1
s047,-1.105884876366666,-1.4944598574211931,1.3053249913157674,14,1
s047,0.351593055997334,-0.5614806351936338,0.7052771138909624,44,-1
s047,-0.22916668264191342,-0.6684863697111574,0.2270242285937797,35,-1
s047,-1.5618359267275272,-1.459838700418256,1.0999377099813712,0,1
s047,-0.865911337477646,-1.3658425898701674,2.272850554680082,14,-1
s047,0.20340584120799565,-1.6002300709112809,0.5878912208262119,40,-1
s047,-1.5836319120296833,0.4769279527708828,1.1909758546396458,27,-1
s047,-2.6648337331708514,0.625095018109547,1.5233036896753906,27,-1
s047,-1.6413582306379453,0.4701294322230215,1.7755959629344762,27,-1
s047,-0.5487727629047443,1.1467084170134594,1.4813300446339428,45,-1
s047,-1.3980134596473208,0.9022073235344079,2.0347555890431885,14,-1
s047,3.3967338479982327,6.412288858127343,-7.021648036932743,30,-1
s047,-0.4982182464385791,0.9909179844349976,0.49741345193534514,27,-1
s047,-2.3142127998522284,0.7456865245467188,0.7105189273527542,27,-1
s047,-0.47861819205371064,2.283101825524192,1.009886407084645,45,-1
s047,-1.368888944174321,1.072743868203146,1.886698947732267,45,-1
s047,-0.9689777603445024,1.2702311818973755,1.97191135900099,37,-1
s047,-2.241685198064722,1.4400083175945453,1.638577274299264,27,-1
s047,-0.7937278609506523,1.5106145342069406,1.0453028990297981,27,-1
s047,-2.723343166546501,2.2580619667766584,0.9252653934150353,27,-1
s047,-3.125172678952634,2.1990353253872654,1.0276897199640402,27,-1
s047,-2.390243904539549,1.5121075807512188,3.089747553331287,45,-1
s047,-1.886871184659523,0.9432259975266291,2.6967485166442566,14,-1
s047,-2.4672017357186142,1.869381496409997,1.782379121790099,27,-1
s047,-2.359002859549315,0.587902505639561,1.068463225485353,27,-1
s047,-2.8460933465820215,1.6969971580929004,1.0208387141095128,27,-1
s047,-0.7899465457719799,1.7018569176251035,4.405670271604194,45,-1
s047,-2.9270840126325854,0.8516769836080367,1.0660412694278776,27,-1
s047,-1.5746441511069849,0.8432333952132688,1.9698251774446114,45,-1
s047,-2.04743577233918,1.006594599843548,2.723860532652803,45,-1
s047,-0.25718902089127965,2.6628228477070484,0.025073754887352993,45,-1
s047,-1.6096230676420682,0.44201916797259966,0.09873080267176358,12,-1
s047,-0.5238170649977274,0.3194111175634564,-0.4724006965640253,6,-1
s047,-2.29112480211641,0.42329153138105424,1.3126711060208365,27,-1
s047,-1.900872954303161,1.5902906694984618,2.002507415355438,45,-1
s047,-1.851238186654774,0.4897554045766536,1.384047571685901,35,-1
s047,-1.9481555386925828,-0.3710258392856418,0.6131163549964694,9,-1
s047,-1.4895267374800196,0.265116749785438,0.6144558184631628,35,-1
s047,-1.2145732465296073,-0.12729572138404976,1.8293544000613748,35,-1
s047,-0.7498534877120804,0.7303846108220922,2.273454996588722,14,-1
s047,-0.7370771795775931,0.22207030056891305,1.7125517010442806,35,-1
s047,-0.5435801831813133,-0.026769566824443418,0.6055971549435283,35,-1
s047,-0.8995083660209311,-0.03161915584562761,2.6829930669232542,14,-1
s047,-1.8938931331335473,-0.8635291759721716,1.5874848076785852,0,-1
s047,-2.1219387064758912,0.5740868740542333,2.0349398287616256,35,-1
s047,-1.685731087603177,-1.350905359302338,0.984724924143309,53,-1
s047,-1.7210899475900185,-1.182230371338378,1.3492556056905982,12,-1
s047,-1.3609345992276787,1.3799520556262959,-1.231882593530027,50,-1
s047,-2.0194184142998517,1.1146821875277373,2.5471102648919612,45,-1
s047,0.9193712793532481,2.525887820634774,-1.9286146959438353,16,-1
s047,-2.36462540495401,0.26432976735218144,0.6644197285977635,27,-1
s047,-1.2980135215247783,4.925135491693126,-0.8488755862419634,7,-1
s047,0.8714875373685583,3.6545863694191554,-5.461276799303893,30,-1
s047,-1.2459249629257272,2.9925076545866043,0.067625879362156,27,-1
s047,-1.8214029809566514,3.304354024003369,2.0843284480155306,45,-1
s047,-0.5552402680627354,2.1885571624351594,2.460577107400084,45,-1
s047,-2.1549305154222607,2.054141780557817,0.4963259964194139,27,-1
s047,0.2135202506318911,4.231887838218029,-3.6332404372125318,30,-1
s047,-1.0207293650184182,2.949825596384689,-0.8367246799163235,47,-1
s047,0.4059419226367712,0.6658207416811138,-0.7502113353030391,47,-1
s047,-0.44827407651672235,2.9631895860624478,-0.761428047220029,42,-1
s047,-1.6640699043148142,2.0158829607688356,0.9844816014726406,27,-1
s047,-1.0575700372214103,1.4980740501766536,1.6065264387338003,27,-1
s047,-1.8380025407138134,3.4271925653890265,2.8515068360734843,45,-1
s047,-2.6579381594559788,4.1909699739062996,2.4354406462278098,45,-1
s047,-3.1285015162673724,4.4498540585924395,0.9136568585493018,4,-1
s047,-2.1508868741884006,3.0098203436408766,2.5919112589165234,45,-1
s047,-1.6161270781914097,3.534157271209185,1.2456196953135352,27,-1
s047,-2.422097978097601,3.115148675388045,1.3844489809685079,27,-1
s047,-1.951982933550977,3.9040246213065983,1.1867505661411561,45,-1
s047,-2.178175148867277,2.816933994868609,0.19507143607540986,27,-1
s047,-2.848281620922509,1.8799109454554577,1.0359576366037648,27,-1
s047,-3.0822038933027787,2.06318484048961,1.0569842198995427,27,-1
s047,-2.784903727466863,1.203760506848848,1.9886229709831886,14,-1
s047,-2.462920829449591,0.18552194489415966,1.0305480297691607,12,-1
s047,-1.0918347714451868,4.637389632870369,-1.252953191082721,7,-1
s047,-3.454733468307908,2.71772063407027,0.8520526693217843,27,-1
s047,-3.9481904263823853,3.2397318855730073,1.041056375724617,27,-1
s047,-2.5231302747822553,1.175372619888469,1.535022981149654,27,-1
s047,-2.2291508639725546,1.2097215166159632,1.801183616199117,27,-1
s047,0.6887926339438682,-0.523911953566604,2.5596468512498003,52,-1
s047,1.0320488350366914,-1.4519611056067254,3.3231872482009877,14,-1
s047,-1.0111084222520272,-1.247533030569759,1.490939455539916,35,-1
s047,-2.3600516870445376,-0.4714243510687834,1.2248743034215006,0,-1
s047,-2.3300396734581845,-0.8768472780256041,1.106685575883301,12,1
s047,-0.7441660530443917,1.275691084289386,-0.6158486315333415,50,-1
s047,0.3635116842654662,2.3366363335895057,-0.8533695310611037,16,-1
s047,-1.3930360393339645,2.768584591175482,-1.1134141056738553,7,-1
s047,-2.4470150973052247,2.0199538227200486,0.7954734498620015,41,-1
s047,0.025328811586797482,1.8855252491390526,-1.4442670484675655,50,-1
s047,-1.3576843099049496,1.0751069785587262,1.0253313690600991,27,-1
s047,0.16618207661650794,0.7919112634021142,0.4387656554659321,32,-1
s047,0.32943820456760686,-0.4664097956079576,0.3848558632227363,40,-1
s047,-0.593274130830583,0.800421953895715,-0.4656377696496297,16,-1
s047,-1.7892083945740722,0.9438400994970741,1.568946592450029,27,-1
s047,-2.066197068594237,0.6733574098161604,1.07600374860449,27,-1
s047,-0.9087624926831579,-0.40289722892487706,2.519999704523211,14,-1
s047,3.1349788866240758,3.3937267290914455,-2.6207069710240236,29,-1
s047,2.8566705833123858,3.058115406747931,2.1183216173364627,37,-1
s047,0.9089891236780009,2.3697600678081066,1.8079194623374863,52,-1
s047,-0.979304911444197,0.8297046156218673,0.3122109126951576,27,-1
s047,-1.7497246136935516,0.8366012225307643,0.6441265363768395,27,-1
s047,-1.0191831572529948,0.8121307252382278,1.5491187940596147,27,-1
s047,-1.3628534855708165,0.9976763696537096,1.3437691068231932,27,-1
s047,-2.125327502652483,1.663834267380263,2.5631442792544976,45,-1
s047,-1.1255335602953436,0.3767800946450505,2.2468196570316032,14,-1
s048,0.13946610826533673,-0.02797699412853185,-0.24183964832115862,35,-1
s048,0.23791731200834793,0.6540156835528625,-0.5709680132872302,50,-1
s048,-0.4418091666319317,-0.5131482915167712,0.14044433627695163,35,-1
s048,-0.47556349854682367,-0.5576679689561531,1.2128777537834525,35,-1
s048,-0.40554199441290606,-0.9852735538746275,0.5636551181795647,44,-1
s048,-0.5685110840314593,-1.3394362511457079,0.5402334617440897,0,-1
s048,0.23454742318615612,-0.4721381535928418,-2.1647628885245913,47,-1
s048,-0.8562962977182108,-0.011361971715994776,-1.4896099604609858,50,-1
s048,-0.6952383354806753,-1.3644490627891606,0.055636229710251554,0,-1
s048,-1.6717585353598043,0.6335074140314509,-0.11017563439738554,12,-1
s048,-1.9081098718658336,-0.17334504472976153,0.07855956212542846,0,1
s048,-1.2985356015002725,-0.17206087126005,0.21439135025822445,0,-1
s048,-3.00169109070011,0.4920775581824591,0.23198831024619132,12,1
s048,-2.4440556226261343,0.05997528062467133,0.23326919280314623,12,1
s048,-1.640319224370966,0.128845193065815,0.6203962008035521,0,-1
s048,-2.332264318313899,0.7165164451145201,0.22151223137872691,12,-1
s048,-1.8783127302911218,-0.3694139548281305,0.08820538154302286,9,1
s048,-2.58202217507111,-0.40204489690838124,0.15059543494007918,12,1
s048,-1.9850686019283899,-0.2342675573113101,0.4153575351611969,0,1
s048,-2.5634286728379427,0.06401831399413861,0.04071755899207924,12,1
s048,-0.13609403074926857,1.17177449770674,-1.0094383630840507,50,-1
s048,-1.3025284857916193,0.22894351499327625,-0.3986548925604418,12,-1
s048,-1.3805194512988268,0.07104513780873381,-0.8478048628903175,12,-1
s048,-2.2531121993470564,0.8549746153495958,-0.5568970443834219,12,1
s048,-2.0010259222216247,0.6411546848285906,0.0926584251726628,1,-1
s048,-2.7434380307237123,0.5574614765581025,0.42967994669483295,12,-1
s048,-1.4987423693522917,1.1710836022055846,-1.5561861387838294,50,-1
s048,-2.71895868409571,0.300914793929483,-0.03192729876036229,9,1
s048,-1.2158743042162277,0.5347740830480281,-0.3920971318902184,12,-1
s048,-1.8110416440774126,-0.7601880306580253,0.12335446722577242,0,1
s048,-2.662277586658345,-0.42223039469254636,0.20427175097421574,12,1
s048,-1.6520576029433043,-0.18188886308384927,0.4083608004139853,9,-1
s048,-1.6600397651959937,-0.5277582634319529,0.9596935854300834,12,-1
s048,-1.039112642382988,0.5309328574369727,-1.277899090513867,9,-1
s048,-2.240244450899933,-0.2971887353084865,0.11018688249392694,12,1
s048,-1.5060057536461275,-0.09296547496508467,-1.2806506962445396,50,-1
s048,-1.9028097821302257,0.008098200239104339,-1.0187831811037706,12,-1
s048,-1.9712083973512693,-0.32481466151566,-0.9310071664150686,12,1
s048,-1.909330417813466,-0.8529820456086555,-0.2716235987819421,12,1
s048,-2.3137628971290574,-0.06161332874645115,-0.29882233844327816,9,1
s048,-1.6207754728095012,-0.3894850651617103,-0.33448776267289737,9,1
s048,-1.89628784267206,-0.8565860668546238,-0.24993826583082654,12,1
s048,-1.3486034148164001,0.37242343838373454,-2.268983094591848,50,-1
s048,-1.9620323790887637,0.04531068836976196,-0.762921773137214,9,-1
s048,-1.6321160715374885,-0.7827461965313043,0.10118721497794485,12,1
s048,-1.4345278221894358,0.018978833161233947,-0.2930706057124832,12,-1
s048,-1.4707916144215851,0.6245175639715019,-0.46652314031246883,12,1
s048,-2.7095547753480353,0.7368059851942239,-0.11664538758962377,9,1
s048,-2.581948567989871,0.5031644942791623,-0.29146723922547185,12,1
s048,-1.52320336870061,-0.2833134866448597,-0.31766835050169234,9,-1
s048,-2.188283726954887,-0.33690419378249015,0.0040179636524723785,12,1
s048,-2.5804776723566465,0.3908460553290993,0.4390676673522528,9,1
s048,-2.1466439193743523,-0.5998665264325869,-0.09723119282642842,9,1
s048,-2.0286664523740727,-1.422300970160417,0.17616148017617306,9,1
s048,-2.271750054903015,-1.5970308864129468,-0.03547852079234992,53,1
s048,-2.469559690561251,-1.373818736186746,0.013748724789923327,12,1
s048,-1.7003689585799222,-1.3482576799694157,0.1558455481130531,44,-1
s048,-1.7339732426395025,-1.14424156269439,0.12590009699037502,0,1
s048,-1.4043102128793197,-1.3766042552330995,0.13325578943801003,0,-1
s048,-2.6193203797640296,-0.7664286575267234,0.23418008699315976,12,1
s048,-2.1252710612635703,-0.5831888942002673,-0.3108151944114819,9,1
s048,-2.297563632479531,-0.5102738749309252,0.2999488145427563,12,1
s048,-1.9355818010007095,-0.5039798400572787,-0.10052288816074498,12,-1
s048,-3.6136046407006712,0.8088986542324089,0.17290187084844008,27,-1
s048,-2.1682637825322013,0.0921955004673938,-0.445563588575112,9,-1
s048,-0.895799233518425,0.1505683874202659,-0.2814439938314237,44,-1
s048,-2.151716900874377,-0.12489789758538705,0.10445638906549697,1,1
s048,-1.4274208937089083,0.6174831300096129,-0.40182330057934346,6,-1
s048,-2.343437922871407,0.8630507170875246,0.5277598103175244,12,-1
s048,-2.218474016077547,0.574101621300176,-0.6416371453372569,12,-1
s048,-2.2983962080182843,-0.0038989126571184174,-0.1420822555978979,1,1
s048,-2.3039143848654433,0.13668202412878228,-0.03121305442125395,12,1
s048,-2.398410186493007,-0.039304258877406816,-0.24258024358455757,12,1
s048,-2.343851181251805,0.5045280850995577,-0.2945176732241531,12,1
s048,-2.2093837078744354,0.03517882035785251,0.11030708386029099,12,1
s048,-2.2078646753793456,-0.48408251642224637,-0.2538413925096602,12,1
s048,-1.9745853552069315,-0.14237321810032255,-0.3049239277253299,9,1
s048,-2.1775456700977274,-0.3919226374861691,-0.1357504512671961,9,1
s048,-1.8178566011253463,-0.6248465634400775,0.17517374754872078,12,1
s048,-2.0304926826346557,-0.6594521454748923,-0.2820801762582349,12,1
s048,-2.209574454254824,0.3141126000918195,-0.2470252760169778,1,-1
s048,-2.198061783013268,0.041470786841260085,-0.042223371296755456,12,1
s048,-2.9693773016895793,0.13248810903758626,0.6594438884016406,27,1
s048,-2.210402317565042,1.2025219351310599,-2.016942077862683,50,-1
s048,-1.9298091023269863,0.8304291278417616,-0.19661570654875365,9,-1
s048,-1.4926845585144193,1.2274028746625154,2.7346800745660262,52,-1
s048,-3.013240455098971,-0.08336639621967977,0.08345476573854146,12,1
s048,-2.229278368825316,-0.15704979061329039,0.4029210430420493,9,-1
s048,-2.9417288085406605,-0.19005687680747932,0.3018680226077644,12,1
s048,-2.679420518152834,-0.03644847796880577,0.2868631003537448,12,1
s048,-2.7140072796072676,0.06261356554834262,0.005008927670348292,1,-1
s048,-1.9727044777582947,0.8561255237382402,-0.8208767883958535,12,-1
s048,-2.8656080946599283,-0.24059372440444496,0.05001447441478632,12,1
s048,-2.686900742654086,-0.20752722742212706,0.37898988567825853,12,1
s048,-2.2835026657745012,0.9012816807214711,-0.6718742252312919,12,-1
s048,-1.9990014491472714,0.4840218730576999,0.16388218656476192,0,-1
s048,-3.075298931664802,1.0238125699480958,-0.027252001792208536,1,-1
s048,-2.748337287461401,0.4566401959947104,0.007441550513221196,12,1
s048,-3.1409030524328356,0.8651777335493549,-0.21552656777021606,1,1
s048,-1.822328965795381,1.72696842297966,1.0356976151120152,27,-1
s048,-2.920811030837667,0.7523290418038963,-0.8260669499667421,12,1
s048,-2.536805077413573,0.5105119999553316,-0.7586938095088949,12,1
s048,-2.837318235079343,0.6906794364103176,-0.17344887604938397,9,1
s048,-2.9411134577154723,1.343377466277706,-0.08435946453054308,1,1
s048,-2.451640394373519,-0.8992781348280303,-0.04871860575038041,9,1
s048,-2.9140945643595804,0.6015866339368261,-0.4994911190470716,1,1
s048,-1.8377428993636187,-0.3870953758663964,0.4289135995382032,9,-1
s048,-1.9301392504820984,0.5488223674247112,-0.4306271316208093,12,-1
s048,-2.3715188044538293,0.4973340724105356,-1.3562655528594731,9,-1
s048,-2.5342789102348147,0.12267694379985011,-0.2669182997491027,1,1
s048,-2.1940998284810567,0.12738593870484144,0.03189686727855823,9,1
s048,-2.201813699030011,0.39006131091037577,-0.3311205273952754,1,1
s048,-1.8833060999167652,-1.7747254419044918,0.06011130361310668,53,1
s048,-2.2638922999701236,-0.79108359102171,0.011099572199854798,9,1
s048,-2.3727062673895194,-0.7701851398161556,-0.05053805805856264,9,1
s048,-1.7169406778241387,-1.3750790296588833,-0.0629239753356016,12,-1
s048,-2.1732890016727833,-0.5927342426690894,-0.04545122549380851,12,1
s048,-2.762058543510628,-0.30402684277016573,-0.35266365601188093,9,1
s048,-2.824364555115641,-0.3056942490237457,-0.23653680879976222,12,1
s048,-2.051786362961082,-0.48552650109625656,-0.05104957657065381,12,-1
s048,-2.2639640916936403,-1.0963236030464938,-0.012842554923855238,12,1
s048,-2.5478298738663847,-0.5846980742228929,-0.24347073574588696,12,1
s048,-1.1041770824992088,-0.3841238372756676,-1.5556259810490947,12,-1
s048,-1.883710403840328,-0.5180642234658687,-0.33766692573652624,9,-1
s048,-2.074040694828176,-1.0179542147420797,0.08142588973782088,12,1
s048,-2.469787550640717,-0.8995325468777273,-0.39871561837489633,9,-1
s048,-2.7637724572104885,0.07077309639298053,-0.6820500403355184,12,1
s048,-2.401033803305692,0.11417304060117746,-0.8261638683074894,9,1
s049,18.55571458970734,14.183226248362717,-4.957528800053607,25,-1
s049,13.146575160524444,11.650361269144536,-0.4250895795012147,25,-1
s049,11.939056590698554,9.693502731540779,2.3496530527257518,13,-1
s049,5.263275955980775,5.950510455787988,1.2486475977632914,56,-1
s049,13.437240291219746,9.346856157548874,0.06777726159186251,25,-1
s049,9.156844795285574,7.508563353816392,0.4998404791815559,56,-1
s049,25.27850524611118,16.23182118620573,7.041747531978163,22,-1
s049,32.93375194805931,21.594650460863008,54.4785287570433,5,-1
s049,11.530875362799694,7.035209759230191,3.741971057794189,34,-1
s049,9.922812625879288,6.320977782670965,1.291186812145296,56,-1
s049,4.296118973896854,5.493645723644794,2.229541224495355,56,-1
s049,7.001942635976675,5.842749648030488,1.4921396009500196,56,-1
s049,4.871688794564996,4.277925847393389,0.8084544859511807,56,-1
s049,11.40622938341907,10.063475041964402,-5.498359085918794,15,-1
s049,14.022136765092847,10.402087796395806,9.485839086556014,46,-1
s049,7.10268679826145,7.148335373452488,2.577851356023738,46,-1
s049,7.509889439682256,5.467919037211831,3.7580410439541847,13,-1
s049,8.463157570367068,5.0847673086583995,2.0097214191231534,56,-1
s049,6.3662200078067315,3.373755025889058,0.5347643523313625,56,-1
s049,4.512442615467397,5.323078548192744,-0.24294676509306118,56,-1
s049,5.482795568899931,4.960119348996038,0.6234038687098651,56,-1
s049,3.7601696986930895,3.5098497288119535,0.6824585484526501,56,-1
s049,6.612741849963617,5.289538085053683,1.1249205682533843,56,-1
s049,7.756486104419213,6.203029857711639,1.9010310441161005,56,-1
s049,4.973698403038789,5.69487896597673,2.9606589188463213,56,-1
s049,7.467888248394214,7.939854328216262,2.1353201279863177,46,-1
s049,7.910679605285876,7.891481657332351,-3.4181771740696534,15,-1
s049,9.603569164502671,7.313988637248239,2.8636102541560207,46,-1
s049,16.52729140224697,12.164528518620806,-11.134177748433085,23,-1
s049,7.191587492606447,8.474957422723945,-0.3411626220275602,56,-1
s049,13.566839446100603,11.372059417949544,5.329013674723179,22,-1
s049,4.4414633651784765,7.8313604489676605,-0.17914364097443777,56,-1
s049,6.568984275101206,5.368365598684826,2.791909585862392,56,-1
s049,10.896143095126153,9.11511209809494,3.0489125262657715,46,-1
s049,4.008146005534347,4.948593455624113,0.3941091545774813,56,-1
s049,11.305369210188237,8.674832420802753,6.534322984659615,13,-1
s049,12.7575105179806,7.378353232554604,5.892111026282224,13,-1
s049,8.869120508166382,7.107696087934253,-1.600365325275099,56,-1
s049,9.985660262821318,9.319030920343543,-4.6822022467009665,30,-1
s049,5.798273853594786,5.140616523105054,1.3928857828167405,56,-1
s049,11.548955514543367,8.861567291638764,-0.6244929725620074,25,-1
s049,6.673032035425813,5.674568824170073,0.17108824173558423,56,-1
s049,7.021298710733418,6.637617792286158,0.3920561733611339,56,-1
s049,14.42844968552974,10.943523517322605,-5.10506979768784,25,-1
s049,11.79317871922741,8.705229968589945,11.824169844687518,13,-1
s049,5.656568820810102,4.996316476154418,1.1163735179369998,56,-1
s049,9.371059573418783,7.958702179096863,3.8553625778141978,46,-1
s049,7.904816236709357,7.995923587987801,3.4076309370529776,46,-1
s049,19.663272059313947,15.01856383167595,-1.6935804985269411,46,-1
s049,7.48144649742741,5.32960308267608,1.273563872708971,13,-1
s049,7.949422896368868,6.217975981504926,1.3979778686181121,56,-1
s049,6.282842542556346,6.533491098875746,2.8313102749040726,56,-1
s049,7.44600717204326,4.953793719158446,0.8217116103885704,56,-1
s049,6.643644305369,5.611447673441578,4.547714198564064,13,-1
s049,9.687960948806786,5.422208573858058,2.5293816206000503,56,-1
s049,5.181923961421662,5.205359958844349,0.8176424366078078,56,-1
s049,6.945337873801638,6.334995864990652,0.20463455037783979,56,-1
s049,5.92007723392923,4.476091008251895,1.1152230586518905,56,-1
s049,5.112150130736167,4.392091278562188,1.3912672223815161,56,-1
s049,6.082692907103428,5.321926830188271,3.3964228653877835,13,-1
s049,1.628315697044302,3.858494807460544,0.577151437198177,10,-1
s049,2.6353776384359575,4.390076845271681,-0.0004071651790714741,10,-1
s049,0.8054302828627815,4.7427900699966195,0.28874499760879524,10,-1
s049,2.9051085356684405,3.7237468146238406,2.14235087760203,52,-1
s049,2.446787712495626,4.959587118761719,-0.7144473082785587,16,-1
s049,1.0728102509612742,3.6402135182612927,1.14986845515102,10,-1
s049,10.566658615769434,8.728371429452304,20.76993822607087,33,-1
s049,2.5796124746028988,4.240337321761569,-0.012566454589769228,31,-1
s049,1.7229631656904767,4.860442235961895,0.2794208414574176,10,-1
s049,1.7928939838423916,3.9315770646498502,2.0823247596461854,52,-1
s049,0.09809750780666814,3.451362132007677,-0.25108573726870087,10,-1
s049,0.544722109357312,2.7849492791408004,-0.6294751639967198,10,-1
s049,1.0115187600773021,3.094446884642035,0.6398526286237194,10,-1
s049,0.8546413063576261,2.930343363231112,-0.32899556711792405,10,-1
s049,2.766982743371157,4.557982210557183,-1.5638972535636595,16,-1
s049,3.067287772711182,4.53948138907073,0.38108416023426817,10,-1
s049,10.283574336286925,7.745088271455869,5.391691591594049,56,-1
s049,0.5001501697986431,3.4640906008177903,-0.19239359403181072,10,-1
s049,0.33585958026957347,3.072158818365539,-0.9846156458168766,10,-1
s049,1.766882128104427,0.9255741677753822,-0.9029032991202793,47,-1
s049,1.621921324942238,2.2488108712732084,-2.5741754823722163,47,-1
s049,3.538625275989328,4.574313067267911,-1.8352512006407684,47,-1
s049,0.300364707910423,2.4806438047567987,-0.7641105582915602,10,-1
s049,4.218912213073696,5.251736834973944,-0.1992171974858504,56,-1
s049,1.878297943740402,3.6064590211534613,-0.7525780978003884,10,-1
s049,10.398554133088421,10.337466667605588,-7.909221405135989,15,-1
s049,3.432109412015077,3.8437386756974252,-0.7244228938647054,10,-1
s049,2.9664587578416413,3.554909467259509,-1.7529498667450694,42,-1
s049,-0.020439436060170815,2.7541503490870927,-0.7997339157248565,10,-1
s049,2.6701873189770233,4.021981450932586,-0.8576322367613016,10,-1
s049,0.7728083028323895,3.0006678718792097,0.116640914383258,10,-1
s049,4.534771842764142,5.22857273538495,-4.997613575010099,29,-1
s049,4.041480947935034,4.320344786864952,2.654000931497299,34,-1
s049,0.34703696951551055,2.1047498251188443,-1.6249842866928144,10,1
s049,3.076081259021355,4.3622079649594445,-4.287497370472242,47,-1
s049,1.5322169892885966,3.0391306954447113,0.5756512072448959,10,-1
s049,3.832225472906846,4.417029744721744,0.1071428763579996,56,-1
s049,0.493994117956619,2.1366099720754104,-0.4068978259594183,10,-1
s049,2.2440267982355824,3.770235175335392,-2.1831083035876864,10,-1
s049,1.280778201344605,3.0988460908701705,-1.4435397584824876,10,-1
s049,4.739245486091401,5.848818250731624,-1.0018775441162695,56,-1
s049,5.314225684804375,6.993803861914196,-0.6973358373746034,56,-1
s049,4.753661142407816,4.951544553080689,0.9347503580852363,56,-1
s049,2.056731642895374,3.798168369843162,0.417912309350397,10,-1
s049,3.153110296028937,4.329593802828111,0.2363073329116184,10,-1
s049,2.3452886724447586,3.0029660834453566,-1.0679836255508508,10,-1
s049,2.2411999420403985,3.140978712845253,-0.6177340986138627,10,-1
s049,3.47996794750556,3.636306424600483,-1.11274621962916,10,-1
s049,1.5793899199624533,4.124886492087171,0.06378828451325924,10,-1
s049,2.2137290426482656,4.424675162207252,-1.0188993649597746,10,-1
s049,1.087751566122677,2.892141920708341,-0.881024927923891,10,-1
s049,1.6969336271615187,3.2011260655430096,0.043408156660881055,10,-1
s049,4.301037988556794,5.4843527220052195,-5.621004614227256,30,-1
s049,4.67172267907434,5.578192978946327,-5.143781425562039,15,-1
s049,1.7356532651489778,3.297995554544719,0.35490405139293746,10,-1
s049,1.3053427337819037,2.8106012535982434,-2.162470679988697,10,-1
s049,3.286606912509551,4.429081259740731,-5.245436262152602,30,-1
s049,1.1292322143999054,2.717958856323321,-0.7137923193926121,10,1
s049,2.009744202289899,2.9462961943015418,1.2045773692249186,10,-1
s049,1.1621486960441383,3.2541472258312227,-3.5311515851221014,10,-1
s049,0.7709775942753155,3.6673667892010586,-2.3513685128750446,10,-1
s049,3.727859493773398,3.9579059494056783,-2.0522762703417707,47,-1
s049,0.23973198689542285,2.0242824972028894,-0.7453386131261973,10,1
s049,3.0463553347150034,3.440387348518742,-0.502142928704647,42,-1
s049,7.126088354298105,8.446887296660302,-6.977976451859053,15,-1
s049,2.6504672677977195,2.846193412775565,-0.012100757881907861,37,-1
s049,2.257650052991101,3.7303754221358263,0.39741783617083165,10,-1
s049,0.6782683986491436,2.668473585198235,-0.9204060132065128,10,1
s049,1.5780327604771307,3.9550525181842544,0.8584911358740805,10,-1
s049,0.23488078619934386,3.1391414893901715,-1.2768763362425244,10,-1
s049,7.200291186557955,7.039759397242632,-3.1913466206426597,56,-1
s049,3.70733248628001,6.785332469697782,-1.944706773994779,56,-1
s049,3.542465203895015,6.897646858388841,-0.20502138171750436,10,-1
s049,0.20558861664740768,3.641454579497334,-1.0117531025210436,10,-1
s049,6.255203196548232,8.974786517736394,-7.198001492227368,15,-1
s049,4.495872644887451,7.041009631024587,0.7693106215500618,56,-1
s049,7.17461960604842,26.094905250700577,-16.17887425886305,21,-1
s049,11.296648070796156,10.969608003784101,-8.867459391390275,25,-1
s049,11.144354847978304,9.869883654282297,-11.52417810057346,23,-1
s049,6.299734825349644,7.063879074828544,-2.92659228936693,56,-1
s049,2.576458407614229,3.051585295523054,-1.8030972366037255,42,-1
s049,3.4742036348671075,3.806750148460898,-3.2598380549222625,16,-1
s049,6.630725841140768,6.71549472856342,-3.5320048370539587,56,-1
s049,8.962884058554609,12.940210710266555,-3.8910519047999776,25,-1
s049,3.789195079838762,4.3097693753908,-1.620430435520559,16,-1
s049,6.729842073560594,5.602761544580783,-2.399776875116916,34,-1
s049,3.8651161191290795,4.311159602583748,-3.0918557879560677,16,-1
s049,1.3276798202511655,2.5697630817445285,-1.5378830224503681,10,-1
s049,0.9212628959576118,2.8181421201186665,-1.2649638909315752,10,-1
s049,2.828444108468628,4.382317487014403,-1.226226058599882,10,-1
s049,7.137180552702154,9.321352144223574,1.4106376532263274,56,-1
s049,4.14748718884579,5.919805008412428,-0.3975366155909133,10,-1
s049,9.770884284879486,9.487242039036962,2.2933742791393485,46,-1
s049,1.4551206113009008,6.222808916439711,0.434968074856852,17,-1
s049,1.2933441878667513,3.4603599199173662,-0.9338271860416278,10,-1
s049,0.5151798446953618,2.647230551436227,-1.4098753168012355,10,-1
s049,-0.2751570883218671,4.556735404464173,-0.9130897276688514,10,-1
s049,1.4053700247706664,4.4596469199069055,0.018137299923236573,10,-1
s049,0.2713253848916808,3.1668523427261563,-0.8269226633919853,10,-1
s049,5.675863155753865,6.1964377488882105,-0.8787164782138602,34,-1
s049,1.0235976809269722,4.512496359273513,0.13807381974812413,10,-1
s049,-0.9076036819744895,3.5887600018562593,-0.6646812175366366,10,-1
s049,-0.24447834148209552,2.4357989213658233,-0.7611873734918007,10,-1
s049,2.4228828268821005,5.033454271463742,-0.7547891429163315,38,-1
s049,4.18976161258577,3.360038469910197,-2.243690494131147,32,-1
s049,5.929151195044803,5.515897015964441,0.9058142626805833,46,-1
s049,0.12979528200337304,1.923813269803705,-1.5709358943911196,10,1
s049,0.4899680252802995,1.8759561515272873,-1.3250541838736778,10,1
s049,-0.32915098654411906,2.011028650011768,-1.2931421323436574,10,1
s049,-0.7084605298194409,1.7571210687104408,-0.8741187074325398,10,1
s049,-0.4723947090834562,2.868482539421407,-1.711252112313959,10,-1
s049,2.8049680818568192,4.115387484790458,0.10849364438771861,38,-1
s049,-0.0015945571363433521,1.878304624188216,-1.1997282388814783,10,-1
s049,0.5353715827729373,2.5216808024396618,-1.023416802861618,10,-1
s049,-0.07739752688899765,1.7612622926753612,-1.097084802254731,10,1
s049,1.404900372165697,2.87489995464182,-1.6355362113956255,10,-1
s049,2.805283074787819,5.566167053841549,1.6878899263852434,34,-1
s049,1.048365455646681,2.8853026168814657,-1.110192035345461,10,-1
s049,-0.24832888331013128,0.8250098856862985,-0.630152696898596,10,1
s049,-1.2648543785592004,2.002175783399834,-0.39314677886956284,49,-1
s049,5.193215746121954,6.0602348410363405,-2.680626923731935,56,-1
s049,-0.9746801919599459,1.1245950263538496,-0.6280190529923625,6,-1
s049,-0.6090439695240507,1.235046295700821,-1.0765537926572897,10,1
s049,-0.2042544351252464,0.8254586991053207,-0.7988815150945056,6,1
s049,1.3605454928641563,1.808302158114847,1.1288191064940976,37,-1
s049,1.855580948924215,2.4806114209773615,-0.22991104866801623,38,-1
s049,-0.02558659730388975,0.7039150339384025,-0.6280078812735298,6,1
s049,-0.3532935140803202,2.2281322226841285,-1.1947178080706842,10,-1
s049,-0.5215521409222771,2.2880198101924147,-1.1452938569107332,10,1
s049,0.12601932987734074,1.979515959250149,-0.24625715539005993,10,-1
s049,0.007069583850000139,3.2740708457968473,-0.7539167912982478,10,-1
s049,8.333123754591474,14.25080096919288,-15.745638351962633,23,-1
s049,-0.8717219083859129,2.4334007968884723,-0.7556499760714492,10,1
s049,-0.5086041498156317,0.7568949170746654,-0.6054326149082381,6,1
s049,2.405245899005676,2.680467616532829,3.227597226196238,31,-1
s049,-0.452270582657817,1.6602874521897122,-1.0169526170737975,10,1
s049,0.03937826255078356,1.3097355024275372,-1.2791975919794951,10,1
s049,5.370073856903869,3.847533165011298,-3.1227022973307155,39,-1
s049,-0.6949835454873315,1.6864540504581091,-0.682869312852899,10,1
s049,0.6507799115202751,1.9267615026288325,-0.8597802230957357,10,-1
s049,2.2755559067221487,3.02200765891814,-1.2095008340388038,10,-1
s049,0.6060467178226522,1.5750337665742211,-0.86202583423371,10,1
s049,0.30976976145251317,1.096482584536152,-0.7354643434779375,10,1
s049,2.4024080295218004,3.188693975604546,-3.032837570899478,16,-1
s049,0.5346050469008456,2.107260379114256,-1.2600017676928492,10,1
s049,1.839029576720449,3.030290527536636,0.3764592469104862,10,-1
s049,-0.4664554236048021,1.6400120019313191,-0.6174766007077007,10,1
s049,1.5402395418061168,3.102479077722839,0.07565613181561544,10,-1
s049,-0.24336938715850528,1.2493146982927084,-1.0095215438661784,10,1
s049,-0.3862240327361965,1.956173817612168,-0.7761610210193275,10,1
s049,-0.2103284953561578,4.627297816361378,0.597471615318089,10,-1
s049,7.792195988732528,4.97220888425847,-3.746078371858648,19,-1
s049,-0.9651443356193598,1.7822254746299435,-0.9140275826872659,10,1
s049,-0.5859911195950359,2.335053645853727,-0.5364473577947173,10,-1
s049,-0.3158066779427225,1.9431401059079219,-1.1623660984061948,10,1
s049,-0.12274749165879856,2.2924491400401155,-0.09508581802357063,10,1
s049,-0.620131560906582,1.898860116468053,-0.5912294052336696,10,1
s049,-1.02359533378264,1.7731104145239918,-0.9294051724239638,10,1
s049,-1.468911834937651,2.6750719893280204,-0.708310281744521,49,1
s049,0.6961374789642134,3.590222213430731,2.948480180434288,45,-1
s049,-0.7607310592466443,2.0781200027481965,-0.8191390729468002,10,1
s049,-0.5868147534992245,2.20664642121799,-0.2953028698011015,10,1
s049,-0.3636229100946452,1.7605076336243697,-1.423258970136208,10,1
s049,-0.7561756569278255,1.7618936575418689,-0.8994170163302636,10,1
s049,2.0617291496515175,4.915406620524842,-3.287690455667314,10,-1
s049,-0.7939310655582125,2.1912159146489074,-1.211130068322218,10,1
s049,-0.2011876665482797,1.7175905203582806,-0.5424287809794894,10,1
s049,-0.7866351774062141,2.3500822289477776,-0.5401389106046035,10,1
s049,-0.4257509598268741,2.972652952635644,0.5082611837922817,10,-1
s049,0.3999409250829626,4.0476116241535065,-1.28676993504439,10,-1
s049,-0.5069492093019619,2.1321930781916363,-1.0302067309092071,10,1
s049,2.462104115161151,2.911566404938517,-1.2396732953578902,32,-1
s049,-1.3377201647805357,1.7476008849947366,-0.7311564200586752,10,1
s049,-0.9377063602695946,2.085627202603025,-0.964534609697852,10,1
s049,0.2590628621259977,1.1748002301843994,0.21500909092469644,35,-1
s049,0.39805311189968073,2.3661710695662554,-0.9770480849867031,10,-1
s049,-1.0394970026796722,1.4681242114529471,-0.6840856776994885,10,1
s049,-0.43824190787758305,3.0682361419455266,-0.18686580082266632,10,-1
s049,-0.8827146228431523,1.3093475353494606,-0.4856922391827936,49,1
s049,-0.43191801477779235,1.8480316337691323,-0.3290906895491577,10,1
s049,-0.5001559066209137,1.6421462009768508,-0.9341300236107719,10,1
s049,0.9782585355195963,4.397094255206779,-2.4211468166110994,10,-1
s049,1.0429835581096658,1.9517208401870954,-1.0496074996828364,10,-1
s049,-0.8116053842273094,2.3176217807681083,-0.8174818897530152,10,-1
s049,2.4139581941610944,3.8969990308048583,0.2687095471077604,38,-1
s049,0.6309785680105554,1.6154361206553804,-0.9240068429547638,10,-1
s049,11.409487008326916,5.9331134298135515,-5.516382083115977,29,-1
s049,0.622770204033894,3.952288167768173,-0.5259294979590249,10,-1
s049,-1.102436476821357,2.1223991199126737,-0.619306040092072,10,1
s049,0.3094467311669886,2.0499008223135182,-1.246618863896381,10,-1
s049,4.489628985585496,6.323012472953054,-2.201517193294424,56,-1
s049,2.24906529749538,4.230449252651353,-0.30035419949494857,10,-1
s049,2.3999689008083656,3.571126961343063,-0.9703930317256808,10,-1
s049,0.2589106128744942,2.2503145929965123,-0.04870835716826042,10,1
s049,0.3855037911041151,2.541665638219685,-0.4340966044897155,10,-1
s049,0.7735440027472957,1.149373677481902,-1.4897840225160963,10,-1
s049,-0.4364478418497943,1.688663606487785,-0.7666168726820651,10,1
s049,-0.34212209201889204,2.1466313223671274,-0.913734903872003,10,1
s049,-0.5130016080026071,1.1872345693632032,-0.6917631263314784,10,1
s049,1.118931591079374,2.072966026864202,-1.36998282324393,10,-1
s049,1.0115952040578073,2.054862717956633,0.31900357625698555,10,-1
s049,-0.6095245566300992,1.2908205891134643,-0.849701041075458,10,1
s049,2.282896276094786,3.2768531563400987,-5.298632000306099,30,-1
s049,2.5650379262078418,2.8607421316589146,-1.8095915229817097,42,-1
s049,-1.1555587912062666,2.0955514967303834,-0.9339929702470355,10,1
s049,-0.30773902168445694,1.7996108016112087,-1.2967005259423128,10,1
s049,-0.5574662933018282,1.6525293586869458,-0.6160609135137409,10,1
s049,-0.6074179990580724,0.9580665840696376,-0.847124006127415,10,1
s049,-0.5195903320847944,1.4491446340949947,-0.9492051828285556,10,1
s049,-0.40476579674982555,3.4999484819178743,-0.6750195615719471,10,-1
s049,0.7941531096455264,1.720061177485866,0.16984841580214147,10,-1
s049,3.671093409395672,3.0123898587795996,-3.7511383483049716,29,-1
s049,6.05851388910736,8.894831740844541,-8.00430497069237,15,-1
s049,2.814634818378703,3.7421177660740677,-1.5309574998847946,47,-1
s049,-0.24170633322017795,2.2212101515025857,-1.0722341242866513,10,1
s049,2.877292630235543,1.9955285809125882,0.647464304949613,42,-1
s049,0.6620123405813617,3.513214091279586,-1.2474305200668383,10,-1
s049,0.5305821096407919,2.5981322614579705,-2.3888237960052012,10,-1
s049,-0.47971963235532844,1.8502755213774063,-1.4300365342661023,10,1
s049,1.713670349698296,3.153631920426807,0.05405620195232107,10,-1
s049,-0.4628516204656334,1.542703180316683,-1.2671268001179952,10,1
s049,-0.5384204934599123,1.4373094603563243,-1.1571969240138025,10,1
s049,-0.08651889424517009,1.5685769526168996,-1.3958460875422976,10,1
s049,-0.6522738923792963,2.2107659913367086,-1.018472720074906,10,1
s049,-0.8822807078005407,1.9506579921894616,-1.2311854235026478,10,1
s049,4.250414358988235,4.6527767300216905,-2.119480065325824,32,-1
s049,-0.2637235910962761,3.7528660638460596,-1.4937206157677205,10,-1
s049,-0.688782637508043,1.5847475107015099,-0.7576612992312629,10,1
s049,0.3056251291388679,1.270331586185811,-0.46000209714506646,10,1
s049,2.603518506837028,2.722629716209637,-0.8458746479419877,38,-1
s049,-0.393927901197076,1.4777807947072106,-1.2500585137885116,10,1
s049,0.6165035681012285,3.5688993391038046,-1.1258242762506885,10,-1
s049,0.1561459669461398,0.9123500690014307,0.2834901847764107,35,-1
s049,-0.5632939147008802,1.9187668044854311,-1.1265974666392218,10,1
s049,-1.3279693194023114,1.9452569056345659,-0.8619001550226254,49,1
s049,0.7741394201630345,2.581524950259293,0.4479386408550959,10,-1
s049,0.6442800485231054,1.447578096833889,-0.7762103857500986,10,-1
s049,-0.6480243840540064,3.117340015576866,-1.333436186096258,10,1
s049,1.2387428104423215,3.9473810306195682,-0.892160567401913,10,-1
s049,-0.9138228298800675,1.9532769129500207,-0.7824005236140209,10,1
s049,0.2991296979590055,2.8627932820374715,-1.2226996082592803,10,1
s049,-0.233559054613049,1.6702762988209168,-0.8323191246565623,10,1
s049,-0.3939743626230681,1.5290378985438866,-1.3182863796305768,10,1
s049,-0.39744650082722127,0.6885052201254753,-1.0238592998042753,6,1
s049,-0.37714395669772677,1.0723998922463447,-1.5688565947052926,10,1
s049,0.9279049542450969,1.2948449544269345,-1.6545876894678782,10,-1
s049,2.555665944492672,2.51740601061123,2.0575200348649547,37,-1
s049,4.247538539941043,4.347272561370844,-7.74763134670357,30,-1
s049,0.14067013472164067,2.0426953487579342,-2.154092252805622,10,-1
s049,-0.6455253869621532,1.4402308865591082,-0.46613657529389413,10,1
s049,5.526638010116459,4.407393701176812,-6.845744140500186,29,-1
s049,8.411964752647311,4.757057727776017,-1.9421846332559771,19,-1
s049,7.981624093238914,7.000199090628924,-7.673951051581439,30,-1
s049,-0.4323904561007063,2.1571248681762545,-1.244790311754053,10,1
s049,-0.06704361640555578,1.9646226486061127,-1.6251059526731129,10,1
s049,-0.7400120209752293,1.8620993379804642,-1.1295968269246937,10,1
s049,-0.3623972664770447,2.7869525251774196,-1.6305947514030594,10,-1
s049,-0.8808497770500877,3.289999449340097,-0.37858649714080667,10,-1
s049,-0.4443925594476362,2.931673646779101,-1.5062924603442647,10,-1
s049,0.45140992434950805,1.9180546508490206,-1.844826287104457,10,-1
s049,-1.0064246472644771,1.7931815144243142,-0.9907235237741909,10,1
s049,-0.6198505227337907,0.8565187994635283,-0.8985923305300826,10,1
s049,8.08210533780921,8.323590496222506,0.08201490534859743,46,-1
s049,-0.5635943953504368,2.0584109431274675,-1.3752582625157352,10,1
s049,0.033116000031457066,1.6420381786706424,-1.3684557939392918,10,-1
s049,-0.16105469149171345,2.3752362213633336,-1.2638700392111655,10,1
s049,0.049236590443685044,2.471541129947061,-1.6278202037060252,10,-1
s049,-0.48887443735184605,1.941418137566612,-1.1166617774674095,10,1
s049,-1.059959047099258,1.975435621458044,-0.6654679569073512,10,1
s049,-0.36564976944259237,2.6908364865631613,-1.1950420948415819,10,-1
s049,1.1299212255185098,2.6737179645349256,-1.420143512170067,10,-1
s049,2.377416043161257,1.5623839542569051,1.8189496249437773,52,-1
s049,-0.8130959986350613,1.3290395904403014,-0.8518987353708294,10,1
s049,-0.4108961888395393,1.1763691060636954,-0.8019061598529034,10,1
s049,-0.4984988654081455,1.8910083052378168,-1.092856293808407,10,1
s049,-1.0479997820972045,0.8937397403470831,-0.8076501513087865,10,1
s049,-0.3862116046117368,1.2616847579379007,-0.8410817865930849,10,1
s049,-0.9196607134847853,2.0362342454333477,-1.206963665284639,10,1
s049,-0.9318885246150983,1.6136415197496397,-1.0389561684334585,10,1
s049,0.3463279666516788,0.953176853418524,-1.2543131753596741,10,-1
s049,0.24684073300295759,3.3423607899281134,-0.558197687542919,10,-1
s049,0.11024777309362527,2.1946532123084523,-0.18777029567678455,37,45
s049,-0.57477308732275,1.1536326172204046,-1.0899356690217596,10,1
s049,-0.31434684594784207,0.6694307040542751,-1.3204577052252575,10,1
s049,8.320877839700175,8.659547082744457,-9.19990875925538,15,-1
s049,2.730222455939825,2.7940129873163944,1.831523032437472,37,-1
s049,-0.7122133233555686,3.287238037769041,-1.2547038294377904,10,-1
s049,-0.865096312698693,1.2645614581216384,-0.6635583722161106,10,1
s049,0.10283446616962937,1.4609838935548094,-0.2824650814357121,10,45
s049,0.09213445353173376,1.9321542676240777,0.031176545979703648,37,45
s049,4.187544352981105,5.702901390257953,-1.3543477268014783,10,-1
s049,0.7792434482687696,1.3236746875467844,-0.7585106585160984,10,1
s049,0.7681925756403445,0.9863889912760598,-1.4563577420551936,10,1
s049,0.5643517779389058,1.4723485787415025,0.26738553005766813,10,1
s049,0.4259196924811679,1.379122033634749,-0.8337045199863129,10,-1
s049,4.1255816030163395,3.297318419641232,-1.8696454172553465,42,-1
s049,0.31625127208348114,0.6728954257641838,-1.2090282274008985,10,1
s049,-0.21790070456128416,0.957161368410552,-1.0446424941005572,10,1
s049,0.026009097226426355,1.6415892395127583,-0.8884516126766996,10,-1
s049,1.2990885248230057,3.166158154658497,-0.2391349272434737,10,-1
s049,0.3099084968444641,2.0718745301980337,-0.9572741713499454,10,-1
s049,1.4612332107200263,3.4704503317952167,-3.76493261292812,30,-1
s049,-0.4302037662781988,1.2859995060941787,-1.288559144726396,10,1
s049,0.02296311103085305,2.608503190649515,0.010261279306338916,10,1
s049,-0.6097726207769218,0.8798590894609579,-0.8645460672415471,10,1
s049,-0.04762308499448967,1.0082786137056676,-1.0404171716280601,10,-1
s049,0.4045344691771737,1.1332710169595306,-1.3858381092024237,42,-1
s049,0.7764392242591848,1.4742414735217908,0.875812864838884,10,-1
s049,-0.5554145403861067,0.3574124411318006,-0.7034868848668434,10,1
s049,0.2899387590589398,1.0116506282816258,-0.6268242484504408,10,-1
s049,0.043322607249566034,1.5129682967281721,-0.5692879223432172,10,1
s049,0.3459494516719592,1.7394215834807552,-0.8480656631335624,10,1
s049,-1.0695271746474617,2.2367444477477703,-0.9351684388867337,10,1
s049,0.32666813655015703,1.028966914298121,-0.7982380567878337,10,1
s049,-0.65824125656795,1.3015739125727348,-0.6753250814681813,10,1
s049,-1.1550974747588858,1.6889725662464252,-0.9226759381381857,10,1
s049,-0.6711915453361702,1.0389033111098387,-0.8061783891560568,49,-1
s049,-0.8807415639236148,1.1422899382221936,-0.8521632639962365,10,1
s049,0.4848238892953817,3.148210360842111,-0.5802830303053699,10,-1
s049,-1.186988993805996,2.031549842648248,-0.8483969693272168,10,1
s049,0.2982675569417746,2.164162837644002,0.396241812327116,10,-1
s049,-0.9728982705792654,1.8330769601709076,-0.921898342135686,10,1
s049,-1.47348125816024,2.166229127618217,-0.7723143250159267,49,1
s049,0.6428899653175831,2.5076269198764027,-1.8114749087230715,10,-1
s049,6.037430308690116,7.113076237310672,1.2022109015037772,46,-1
s049,0.4381037482517314,0.8894973552046461,-0.08839166046419772,10,-1
s049,-0.25474188478959386,0.7880965697476521,-1.1471795266267024,10,1
s049,-1.009682130740388,1.8336798058712411,-1.0023824776802623,10,1
s049,-1.010231208057463,2.1023032576471756,-0.10738363764301435,10,1
s049,2.0526667949806834,3.579715722297524,-4.89322966498591,30,-1
s049,-1.3108475808873703,2.3456453944457416,-1.2092944944328639,10,1
s049,-1.1740026048731067,1.9381336379896874,-0.9776486365594736,10,1
s049,-0.15798687334982095,1.4612593051409706,-0.06913643478698625,35,-1
s049,1.1329815956014666,2.7030581466170767,0.40565307758855057,37,-1
s049,-0.32565634842166574,2.242961815903196,-0.10745595175652267,10,45
s049,-1.2216504367320717,1.8095078939503575,-0.49848218751317797,10,1
s049,-1.2439976031757054,1.9755389448846108,-0.6076972243813217,10,1
s049,-0.7361620572321839,1.8901749887969275,-1.2408541862517573,10,1
s049,-0.7512986264079139,2.2392623247122816,-1.145706412476056,10,1
s049,-0.39302711935234225,1.9912436971369167,-1.3828480137300971,10,1
s050,2.79689634087527,0.7217645800120976,-0.023987199347348585,40,-1
s050,0.6604912501686491,0.45265347685143115,0.5675442842276968,44,-1
s050,-0.8975016569908522,1.4981436211147705,0.3539977907045618,27,-1
s050,-0.7533171833916237,0.3625446653515114,1.0930650226825924,12,-1
s050,-1.253690100782637,0.262725450356138,1.047713909179583,35,1
s050,-0.5969479099762546,-0.36916755902470083,1.7208004768630079,44,-1
s050,-0.4878574380275011,0.3079438559010208,1.7698812092300955,35,-1
s050,-0.6281580448957248,0.2691490214266605,0.9667221201841298,35,-1
s050,-0.8847376717298079,0.3131784931307572,-0.09810638009883217,0,-1
s050,1.609880409084261,1.4378687912134274,2.014177857737528,37,-1
s050,-1.7834385878114027,-0.6211417560283479,0.9461663336485001,9,-1
s050,-0.26763267287905274,0.5971650470447405,-0.006017061087475519,50,-1
s050,-1.601013056428135,-0.14294235755951903,-0.36943379760030465,9,46
s050,-1.7115143338944279,0.29475692462595965,0.004264500972314155,9,-1
s050,-1.182626677535907,-0.6013879238634614,-0.11845286959705191,9,46
s050,-2.3253803586355333,-0.5167311020166111,-0.16361016515464488,9,1
s050,-1.7388940448404675,-0.37849965056015517,0.6309883384810081,9,-1
s050,-1.1110606852350475,-0.8096542802850529,-0.309020183940714,6,-1
s050,-1.6011637586359844,-0.35694480884255314,0.22639959349975544,12,-1
s050,-1.407701594579431,0.10307316199167128,-1.798281408185314,50,-1
s050,-0.8359708567431685,1.1463885881474223,-0.6923964606650816,50,-1
s050,-1.3255077941768911,-0.49137168044651414,-0.5403744260681094,9,-1
s050,-1.3209479685508088,-1.1028408927556264,-0.572203199707573,44,1
s050,-2.211198381564847,-0.356428913208898,-0.06736726132980853,9,1
s050,-0.5353795695107652,0.46088604489491664,0.6079642817495673,50,-1
s050,-0.11302228290775576,0.3124396949030645,0.8017499394451736,44,-1
s050,-2.1565419807479436,0.4905878264658236,0.20197419970434963,9,-1
s050,-1.412909857406906,-0.1020438091406712,0.14473979706847337,9,-1
s050,-0.9299312870482243,0.11973694292847017,-0.44130711388899574,44,-1
s050,-1.6755506392461383,-0.6605075375584691,-0.07789461643221272,44,1
s050,-2.085795921518361,0.22982617980465525,-0.6488281747308445,9,46
s050,-0.2996082152090713,0.893016345544098,2.0114695114196763,37,-1
s050,-1.1474334092960368,0.8444011510783399,0.398905057523262,9,-1
s050,-1.527820116489038,0.1652354334070357,-0.5422890923832282,9,-1
s050,0.6524652511924401,1.8396894077891461,0.5571462795270303,45,-1
s050,-1.2398225061555501,0.3326857646439644,1.125561035300886,9,-1
s050,-0.6209037640140381,1.3591573596553586,-0.020496352066399763,27,-1
s050,-0.17354336908816706,0.28017322827422214,4.449245434148274,45,-1
s050,-0.5225570769008706,0.7021294369726039,-1.892441168199064,50,-1
s050,-1.5965331283228243,-0.2298131620206786,0.4095945151566578,9,-1
s050,-1.486443700602272,-0.9605408820138277,-0.09925982071933154,9,1
s050,-0.7454468978461397,-0.762481935030449,0.5001523466719905,53,-1
s050,-1.6094643927174856,-0.9351650766821004,0.03125591072964907,53,1
s050,-0.5170374321975374,-0.19321315660567762,-0.4107042979817332,35,-1
s050,-1.657670250924162,-0.25504677241028156,-0.26432548583366544,9,-1
s050,-0.8590582261503038,-0.6200358288989292,-1.1193544522329177,50,-1
s050,1.717864067963291,-0.19875580274862142,1.8423366420046228,54,-1
s050,-0.9250932719916435,-1.240313925115294,-0.4942143585449092,44,1
s050,-0.40693426558157947,-0.003639341037578704,-0.6052465699985564,9,-1
s050,-1.0515853388452827,0.5385071374041608,1.7049833391772664,45,-1
s050,-1.5717918410906309,-0.3303999291095648,-0.3516208861516722,9,1
s050,-1.374746192821887,-1.1334183879436182,-0.6103012403177799,44,1
s050,-1.0433532976183362,1.3995113569237452,1.3336866343508014,37,-1
s050,-2.0026051583482856,0.7791314315138937,0.8439399473968827,1,-1
s050,-2.0083645043099456,0.00663888834071301,0.3635956670833398,9,1
s050,-2.0137343044232927,0.8295456424448364,0.1466438478237879,1,-1
s050,-2.615134083406089,0.4362133243966822,-0.5944146224341823,1,-1
s050,-0.7893027941394419,-0.25138025828514887,-1.7098759348461958,47,-1
s050,-1.8027295471184723,0.08095469669708809,0.6303572221988535,12,1
s050,-1.6990740562896278,1.135406108083365,0.37077561256144553,9,-1
s050,-0.753451810927587,1.326306518654405,2.603057221950909,45,-1
s050,-2.232941271893245,0.7304767937729091,0.5163477927618954,27,1
s050,-2.2287676424701783,0.4892989345202651,0.852638691639897,12,1
s050,-2.425036678290221,0.016518164167970962,0.15737355987004795,12,1
s050,-1.676477286083615,-1.3289936339259332,0.0014638164007384727,53,1
s050,-0.44569545689667095,-0.42986930334123313,-1.4490275938483517,50,-1
s050,-1.1701364821723108,-1.2685020992668148,0.10773967101492521,9,1
s050,-1.589605959981374,-0.32704141187617863,-1.2588238117227761,50,-1
s050,-1.6050506989457538,-0.42218970806401607,0.5758847527332182,44,1
s050,-1.6997824310745506,0.3310238868494586,0.5187676908301114,12,-1
s050,-0.32737845826807654,-0.006188195634565629,1.735395220928846,37,-1
s050,-1.5843558771449884,0.3444109255121158,0.2193718533745744,35,-1
s050,-2.0012932405557318,-0.29536716664714685,0.15048694374997618,12,-1
s050,-2.330369934167152,-0.46918544930558864,-0.33461548181600537,9,-1
s050,1.4294158793721605,0.8465648757319133,-0.16168322321879192,37,-1
s050,-0.2556595308625339,0.6146650894770138,-1.539838747133297,50,-1
s050,-1.2229426710068627,-0.7855758313697553,-0.7238082055300429,12,-1
s050,-1.5637824790991157,0.8437292119603711,0.3092233826043418,9,-1
s050,-1.6729963630181635,0.3467976192998996,0.296301981152467,9,1
s050,-1.38289832545165,-0.22240949060884335,0.7613933165611817,9,1
s050,0.6177533699203188,0.695627053127849,1.5492561546527326,35,-1
s050,-1.0370975946432615,-0.05158246917324106,-1.3309029724986916,50,-1
s050,-0.48225144874273357,0.021052116207021063,1.985379572818248,35,-1
s050,0.07556125040494921,-0.43794479899782696,-0.31352050667422365,44,-1
s050,-1.28804546721096,-0.08096941037767819,-1.443788579978428,50,-1
s050,-0.22948960476614197,0.35798956667611187,1.2688839279547615,35,-1
s050,-1.919922596464194,0.3093611777616153,0.835526183304295,9,-1
s050,-1.4281047136164584,-1.221553301152687,0.08772991760603839,44,1
s050,-1.8406042673335246,-0.6821381934261368,-0.2855917950754891,9,1
s050,-1.4264544358417879,-0.4887134879754085,-0.7307517814736367,9,46
s050,-0.8650840117334229,-1.4058041603308458,-0.36681060197307225,9,-1
s050,-0.8077815333259347,0.2146541413631074,-1.9936261361837768,50,-1
s050,0.7646308830527915,0.7574935339535573,2.8769348041950824,45,-1
s050,-2.256814790290952,0.45059614119054003,0.3869335656028699,12,-1
s050,-1.914028051824804,-0.771168174327606,-0.39011810101624655,9,1
s050,-1.4455315746294368,0.049966435130073435,-1.1758301503453812,50,-1
s050,-1.8496677523338825,-0.49156728816959966,-0.7929840962412149,9,46
s050,0.3741490291084578,-0.9869360518925567,0.1383710894488186,2,-1
s050,-1.415832854363212,-0.9905819974775668,-0.3589291375083529,9,1
s050,-1.250778822863076,-0.5853536053785201,-0.9478200110511138,9,-1
s050,-0.8081377606015597,-0.6362434732221188,-1.7619733737648935,50,-1
s050,-1.52185402636219,-2.022426131890712,-0.729891122238983,55,1
s050,1.3554291290912854,-0.8220370375491532,0.6898466400815699,54,-1
s050,-1.4759167534893958,-1.2553288921262795,-0.49588990642537767,9,1
s050,-1.6356682760677064,-1.027506707339171,0.19370866565382183,1,-1
s050,-1.6127340697374941,-0.8198928346308249,0.7867501228134077,9,-1
s050,-1.2571622555122524,-1.0720894234873497,-0.5655225551981896,12,-1
s050,-1.6740360781716437,0.5133201151885761,-0.540991230166162,12,-1
s050,-1.8901677540242414,-0.9743390255546781,0.4116237711541735,9,-1
s050,-1.426160843216422,-0.7120365129839749,-0.7954989217404509,6,47
s050,-1.214852268024006,-1.260472920936533,0.6738338576936557,44,-1
s050,-1.616851618329333,-1.2965455203860377,-0.0338718300853459,9,1
s050,-1.6883392623850364,-1.3870007262783366,-0.048302184508316304,53,1
s050,-1.7495736669244764,-1.847208325914402,-0.28896510525522495,55,1
s050,-0.8817354344482378,-2.321970885227742,-0.3927929416129771,55,47
s050,-0.4639459877271401,-1.3585525070435513,0.04161037294667138,44,-1
s050,-1.371911918779703,-1.3644127645373822,-0.20462701109493253,6,47
s050,-0.41853639751514393,-1.6269050815762978,-0.6010051966857531,44,-1
s050,-0.19753384375106073,-1.0114240078907017,0.8928943059736641,37,-1
s050,-1.9350947547681656,-2.0097216453510107,-0.16732193786903807,12,1
s050,1.4688175165668802,-1.8270887322423854,-1.2601703707305163,40,-1
s050,-1.9407363016659265,-1.1931940324772747,0.7599340864645692,12,1
s050,-1.134106748047505,-1.4481756532551702,-0.3094492437901328,44,-1
s050,-0.5795155656072679,-0.829242211234689,-0.3798463133953357,40,-1
s050,-1.4265292405930112,-0.0728820479223848,-1.6413699798178667,50,-1
s050,-1.8040613898238924,-0.8000767400000736,-0.29593456292382464,44,-1
s050,-0.9410010254564816,-1.5417903412691893,0.118499790406349,6,-1
s050,-1.3718759882610254,-1.6693453305037307,0.0027464911142484564,44,1
s050,-1.4835265312776358,-0.45761888438611115,-1.0686928905253192,50,-1
s050,-1.1758920023134551,-1.4724864734024574,0.11710657569756788,44,1
s050,-1.6194924229918501,-1.6059776981641831,0.3293825255328412,53,1
s050,-1.5791191765290118,-2.2335065220349297,-0.29693724547591527,55,1
s050,-1.149783070958662,-2.9660299888657264,-0.24291405114952241,55,1
s050,-0.09352974215775589,-0.15282044744351797,-1.7001308211605792,50,-1
s050,0.7147915895432463,-0.2606376697619961,-1.8068090734025135,50,-1
s050,-0.8161609906885697,-0.7955835324976221,-0.2355698634333237,6,-1
s050,-1.8314887504047135,-0.979127455234666,-0.2666064296698894,12,1
s050,-1.5676752388538258,-1.1140133116563014,0.17293674521746139,12,-1
s050,-1.9393985819355264,-1.0613274661215473,0.055810015687672146,9,1
s050,0.17040940224195594,0.006761995460438568,-1.131628544880336,1,-1
s050,-0.8599492981412015,-0.5103963423285478,-0.24074976878945425,44,-1
s051,-1.2667367366876408,-0.571435726881807,0.6233396882423675,0,-1
s051,-0.9259549513062146,-0.29779956969038535,-0.23797223995130343,53,-1
s051,0.25340043191525063,0.08118372280120026,-0.3457236916009868,6,-1
s051,-1.3174577331230173,-0.8394796935075712,0.22888410156212294,12,1
s051,-0.47106396255206506,-1.5487964337105475,-0.4888205066820499,53,-1
s051,-0.9074608328874558,-0.9198126588582739,-0.1925906435163339,9,-1
s051,-0.6510772576370137,-1.9550861736331937,-0.4935251876544084,53,1
s051,-1.4965709115320684,-2.1224673552167195,0.0025405024068340747,53,1
s051,-0.8049449464166925,-1.0200041250840197,-1.095319751506133,44,-1
s051,-1.2489794841110373,-1.6419832194013988,-0.09016704774695221,55,1
s051,-1.7602061001242848,-0.8364929247553808,0.9480846435454594,0,1
s051,-2.009069176227456,-1.141578795825065,0.04932092090533448,12,1
s051,-1.8022456496521884,-1.2562251978455128,0.0867696195867279,53,1
s051,-0.7668196487023257,-0.11799289334003166,-0.20715066964524653,44,-1
s051,-1.9876071322712463,0.27045209822592176,-0.7535149713826627,27,-1
s051,-1.546388140366523,-0.8998149063846119,0.08309913227301835,12,1
s051,-1.5968430812816559,-1.1219194731523423,-0.15058750379099192,12,1
s051,-0.6720183949761498,-1.9998522767778362,-0.33008297872518216,55,-1
s051,-0.9307606925785252,-0.9036012482149244,-0.867961868606791,44,-1
s051,-1.470850827722454,-1.8924250815698922,-0.17283779184482512,53,1
s051,-1.1284568592868105,-0.7451325921678776,-1.183865248037928,44,-1
s051,-2.2228044228596944,-0.830683941413346,-0.20048992488413514,53,1
s051,-1.6509286653491266,-0.991112180607155,-0.3137731028583049,53,-1
s051,-1.0367626813525535,-2.202549871733415,-0.41033537801604897,55,1
s051,-1.3548156203081805,-1.977512712967096,-0.2952086202174716,53,1
s051,-1.035449445379862,-2.2454317313826206,-0.6048852169319614,53,1
s051,-1.0614881786929462,-1.9003204452949045,-0.7289949574243596,53,-1
s051,-0.658347009649359,-1.1255660296385994,-1.287094569040714,44,-1
s051,-0.6223245958331116,-2.4512772290236566,-0.31354058785449596,55,-1
s051,-0.903364700598088,-2.4820560387566535,-0.358596607661853,55,1
s051,-0.9533160944194278,-2.5821232422960687,-0.14535777918515141,55,1
s051,-0.6101778262897062,-0.9137453224773603,-0.7545976883898573,44,-1
s051,-0.5646562933594506,-0.7824976169332066,0.8807514145365318,14,-1
s051,-1.5678030707436863,-0.8156776327205241,-0.25789302445527934,53,1
s051,-0.7203480695563701,-2.7751707961201126,-0.7345949032386869,55,1
s051,-1.115136499940655,-2.805212141020862,-0.20347433034571444,55,1
s051,-0.6570525661467457,-1.7830787472032674,-1.6655159627976481,55,-1
s051,-1.6444626158292397,-2.5945739503752105,-0.1227837598050396,55,1
s051,-0.3784558151131726,0.4276572944552347,-0.17451885485029017,9,-1
s051,-0.8184070792864254,-1.0663853331465507,-1.657215686607148,50,-1
s051,-2.5472075956581426,-0.3301294590848631,0.13617884007402017,9,1
s051,-1.671103377389873,-1.4623439560815241,-0.5782641916600506,9,-1
s051,-1.5201633379126702,-1.0261419520585136,-1.2876130622064375,9,-1
s051,-1.6417484423733117,-0.11837464156261726,-0.21576161057274923,9,-1
s051,-1.9200835652256278,-1.0590533573558176,-0.6342441377768666,9,-1
s051,-2.382408360905835,-1.4013929499862527,-0.20691970647443056,9,1
s051,-0.6465012942941787,-1.036389531641956,-1.4715218194479163,44,-1
s051,-1.6104121852289273,0.30348519696170356,-0.991686278158881,9,-1
s051,-1.6352954802161026,-0.49595439880948716,-0.07421364979615311,0,-1
s051,-1.987516420156518,0.6398842270824763,-1.789766609158611,50,-1
s051,-2.175840382147035,0.033424326561980064,-1.258397354143006,9,-1
s051,-2.6197833780114577,-0.1787569378285383,-0.610842419901565,9,1
s051,-2.1262958953265225,-0.9866312100069542,-0.5120108720595741,9,1
s051,-2.2333806643416656,-1.454024991717706,-0.38312851572209367,9,1
s051,-2.1591227303873244,-1.1171793405040622,-0.40749280645634517,53,1
s051,-1.8646193012168888,-1.5209211889376457,-0.5896450373121659,53,1
s051,-1.749075450075994,-1.0495317751651054,-0.22565092855852478,9,-1
s051,-2.7244475864567654,-0.3551856489270347,-0.4551147142893172,9,-1
s051,-2.33088658928214,-0.30937262930850196,-0.6338060786122326,9,1
s051,-2.4264998867699012,-0.9809685707206739,-0.006142641951000318,9,1
s051,-2.540234771892794,0.43386310876591533,0.04826666536525435,9,-1
s051,-2.257058111705978,-0.4230563165308248,-0.018715500686341646,9,-1
s051,-2.1972928589330545,0.14090865808769465,0.20370950043574945,9,-1
s051,-2.3069991866736435,-1.2778754263980099,-0.16985132670268013,53,1
s051,-1.593762037898637,-0.10612269088205474,0.26628918100763854,9,-1
s051,-1.655512152738007,-1.9097023603429035,0.3462933161155368,53,1
s051,-1.256472118856937,-3.449374370694702,-0.4374579864756833,55,1
s051,-1.4457202904030362,-2.5554065461871662,-0.767810882561361,53,1
s051,-1.7136243447260662,-1.5531175413733584,-0.9879535795838992,53,1
s051,-1.0327716377293843,-1.3882648304093634,-0.2545562387780318,53,-1
s051,-1.0709175043011188,-1.558069206125539,-1.0826076874209751,53,1
s051,-1.4339068329900755,-1.1270536917420864,-0.4732067833133107,53,1
s051,-0.9270111281264097,-0.19808567373415487,-1.6666462826655046,9,-1
s051,-1.431296279977813,-1.501908398660238,-0.6728853696766997,53,1
s051,-1.6463469738182412,-1.6472345678975253,-0.6503708079195432,53,-1
s051,-1.7050673173730886,-1.9864763612343461,-0.4856172686183427,53,1
s051,-1.4944531846387428,-2.0619433654910013,-0.5370928935200832,53,1
s051,-1.69377421092955,-1.6008807648285837,-0.30438044662769786,53,1
s051,-0.80937786800927,-2.2468666441316376,-0.3901355370775905,55,-1
s051,-1.2944589393373582,-2.0751354494927603,-0.7415627928608363,55,1
s051,-1.497828963598572,-1.1643658151299066,-1.1262417240614588,53,1
s051,-1.5379053061093642,-0.5561201412869993,-1.6234587531077667,50,1
s051,-1.4747784759668394,-1.4898411846189492,-0.8495022865426766,53,1
s051,-0.480408100862643,-1.5071595303383465,-0.562380669534001,55,-1
s051,-1.4115538612660474,-1.6075086444262967,-0.860925607750348,53,1
s051,0.5511584005980413,-0.6379237451845248,-2.611449186882889,50,-1
s051,-2.464194600789693,-0.23760760371907463,-0.6774018356960367,9,1
s051,-0.9337372073579459,-0.3977743643051345,-0.3681321164999309,44,-1
s051,-0.9138812966375249,-2.554700239456284,-0.653969893101277,55,1
s051,-1.0881230190176487,-2.470999563512312,-0.8788637171514556,55,-1
s051,-0.6319274837914447,-1.4261124011982766,-1.589451591267077,53,-1
s051,-1.179950246702449,-1.7119884431199208,-0.7442410391914683,53,1
s051,-0.25223169587897143,-1.3437020842860172,-1.6249382738929834,55,-1
s051,-1.8525421762523924,-0.650870362852296,-0.6614382771746034,9,-1
s051,-1.9202088913226087,-1.5096926460621343,-0.7089922792742218,53,1
s051,-1.875260087960802,-1.1088244793582755,-0.8300683178024538,9,1
s051,-1.5978741104066096,-1.197915624479523,-0.08334701307120193,9,1
s051,-1.1352944768008373,-2.032574988140121,-0.6320946007514416,53,1
s051,-2.0459284793103434,-1.4409648858900705,-0.6603780316421258,9,1
s051,-1.2093170909925037,-2.1305049094000803,-0.9020576385098411,55,1
s051,-1.341187267581398,-1.691994865298267,-0.21393068896765077,9,1
s051,-1.203380243938847,-0.6833988558030517,-1.3800343819264334,50,-1
s051,-1.5089531187490193,-1.9038624839723328,-0.9824264749168503,55,1
s051,-1.7023666282122814,-1.1115360984948834,-1.1277864993609006,9,-1
s051,-2.088430664625978,-1.4769969414431146,-0.7531073657332785,9,1
s051,-2.043700993390047,-1.4800710668235235,-0.3539841860610965,9,-1
s051,-1.9941206382517271,-1.8650662916086373,-0.4354844115026563,53,1
s051,-1.9880359215493364,-2.108363495693128,-0.4836629152761851,9,-1
s051,-2.42713547957115,-1.5477126562180394,-0.5339048866517876,53,-1
s051,-2.1424917907569307,-0.9566055355725498,-0.9999907851795641,9,-1
s051,-1.8431938846853964,-2.4688855180994635,-0.4897140170136024,55,1
s051,-2.1200850001118923,-2.9009060857467523,-0.31035551740673467,53,1
s051,-2.3155062781105786,-2.648211233180681,-0.22025175848722864,53,1
s051,-1.8727320729795676,-2.108295871288809,-0.583111291210947,53,-1
s051,-1.4873078239115933,-2.0050743089507304,-0.49153558801199826,53,1
s051,-1.8477918689538442,-1.658775229843153,-0.5670930215505667,9,1
s051,-1.6985377655738807,-1.7919075610854203,-0.6412159643858374,53,1
s051,-2.4652223481246436,-1.6808033274419787,-0.24544819117663497,53,-1
s051,-2.326326001007724,-2.0596618963799544,-0.2894440829397266,53,1
s051,-2.2986127552154985,-0.5718160116465942,0.32052197125365184,9,1
s051,-2.3161448916394303,-0.08726151769144971,-1.2084500933719886,9,1
s051,-2.125959569099347,0.9910692329764397,-1.6710234662316439,27,-1
s051,-2.0476184961278543,0.0817892534912693,-1.0672926084654106,9,-1
s051,-3.0838666844431932,-0.011027053234757936,-0.40926877997847666,9,1
s051,-2.1172023545634318,-0.27964830693198056,-1.0605330480509803,9,1
s051,-1.9819963917761887,-0.4323129229554398,-1.389503691508521,9,1
s051,-2.050060886206893,-0.8045912925734189,-0.7884862356003973,9,-1
s051,-2.7072232282281075,0.5073219651850815,-0.9273629259802183,9,-1
s051,-1.1935626200401954,-1.6553724800447682,-1.35803830347633,53,-1
s051,-2.7616508213631885,-0.9258139394403632,-0.41617156071160666,9,1
s051,-2.378107962413222,-0.5957887902312381,-0.7408770007880716,9,1
s051,-2.7959907982860472,-0.38116686576516107,-0.22481928866606146,9,-1
s051,-1.4467654629396847,0.09749741039570443,1.5146843635046225,35,-1
s051,-2.7735693007300486,0.5272522620559675,-1.3851773359068564,9,1
s051,-3.5801185161827336,0.11598439573251824,-0.2466307709344051,9,-1
s051,-3.6975787620657554,0.1412401205790178,-0.022861478808360418,9,-1
s051,-2.596351829272591,-1.8006378894702253,-0.1445321101762387,53,1
s051,-2.582007417584348,-1.8982395325976629,-0.3450852186623374,53,1
s051,-2.7398219937225288,-1.2655413662964738,-0.2057041907309229,9,1
s051,-2.4680336708717006,-2.35136567406576,-0.2985172156882001,53,1
s051,-2.587921416567269,-2.100360694576989,-0.3879447538206221,53,1
s051,-1.2881031428318672,-2.7607876862557306,-0.7145055931322225,55,-1
s051,-2.6059412527116304,-1.998451457735636,-0.3850639126290374,53,1
s051,-2.7367709783055254,-1.9829978393258119,-0.2936795650094763,53,1
s051,-1.9358960229162958,-2.5139134887997985,0.3368773839968802,55,-1
s052,0.40335745588234295,0.3530010906303683,-1.6934563010133936,47,-1
s054,3.0912701529990416,3.0476457861860076,-0.5895154549769188,30,-1
s054,2.443706476294946,2.1222603263734126,-1.5236999485134446,30,-1
s054,1.4991156538642734,1.3052512785570154,0.1472487724219437,50,-1
s054,0.5470882970493283,-0.3303341138947192,-1.373614745465505,44,-1
s054,2.492948290540738,1.1971011094100654,1.0905238560100903,37,-1
s054,0.06091356666030782,-1.5495243660186264,0.17151264003366032,2,-1
s054,1.8587383075578598,0.974522495736432,-0.38416050052085793,37,-1
s054,-1.5989849112908392,0.34789127448343216,0.46675066656678366,35,1
s054,-1.3178882578215014,0.7819042650385074,-0.6173077907221515,12,-1
s054,-1.7122437862300923,-0.14434389863475655,-0.30792636460549105,9,-1
s054,-1.9534145229050133,-0.07413641311365231,-0.16260690823902374,12,1
s054,0.28029414935337277,-0.29251107809997734,-1.7056737661663075,47,-1
s054,-1.3555324958785642,0.25310805555419796,-0.2292723273455088,12,-1
s054,-2.378100003379515,-0.2083993147152405,0.01250980945194011,12,1
s054,-1.3729879884612706,-0.698343696353386,0.3472446352133376,12,1
s054,2.411922208018706,1.6921635324876736,-5.0452019867904205,30,-1
s054,-0.1645436357113105,1.8454995932968825,-1.4267004714971139,47,-1
s054,0.9508986333515079,0.9700599421883178,-0.6530019484791726,50,-1
s054,-2.0451239673998955,0.07160643914179307,-0.37913540760593567,12,1
s054,-2.404424128113285,0.4978247119034363,-0.29342114886185916,12,1
s054,-2.2902935347624966,0.6200969720807891,0.2052005745414439,12,1
s054,-0.33406897911228656,1.1124364618947062,2.026976407760659,45,-1
s054,-1.5158996459851293,-0.23126522979541084,-0.3667186095981736,12,-1
s054,-2.4805426177384136,0.1988395872682373,-0.0038256668155527565,12,1
s054,-2.4650078185589437,0.4674556416784573,-0.16316586095621635,12,1
s054,-2.643750915072374,0.13700174118082836,-0.01377125271197192,12,1
s054,-2.634873256494593,0.31686883025798024,-0.07285381056377842,12,1
s054,-1.7275218421010086,-0.3950738084461715,0.33702222900665807,12,-1
s054,-3.0198215607170735,0.470332585761765,-0.16432809416588653,12,1
s054,-0.6205008918521743,-1.5018056005964195,-0.31990195201434074,55,-1
s054,-1.322413192793438,-1.0948057220685599,0.08901752944609442,9,1
s054,-2.002842911581801,1.218133358126798,0.37127666368709406,27,-1
s054,-3.01157496306158,-0.14471586930754307,0.149135334970511,12,1
s054,-1.397707606312153,-0.41048363745598127,-0.3121869306439805,0,1
s054,-1.2948452545893245,-0.26496863357314837,-0.22178242394322453,6,1
s054,-2.361906296533212,0.09654892272169577,-0.19994172212579328,12,1
s054,-2.5933093509636014,0.6191506534495413,0.07415648356220826,9,1
s054,-0.6301442869161596,0.7168234808374461,-1.8844585970980232,16,-1
s054,0.27792016642431056,0.3774356617269045,0.24684632922999472,35,-1
s054,-2.240566223792129,-0.24639794997890155,-0.11401903552490951,9,1
s054,-3.341861396661727,0.8685255184219817,0.07883256101096563,12,-1
s054,-2.086925614743247,-0.1648913044457427,-0.4723460196290739,12,-1
s054,-1.7552337893966294,0.1613115324664924,0.7778511254301801,12,-1
s054,-3.5004850324325214,1.117647554499834,-0.05977050072400769,12,-1
s054,-2.0710961295101877,-0.4487163933567146,-0.6425269545104187,12,-1
s054,-2.5146939606259724,0.02624249335350306,-0.14929882151472357,12,1
s054,-1.3094307936578036,0.22994562646438657,-0.017952324160740597,12,-1
s054,0.4192637543300236,1.9216237158375347,-4.054892861410892,16,-1
s054,-2.8165291061086823,-0.037356709537428694,-0.4021279753076798,12,1
s054,-2.4182633297709053,0.19313454094032587,0.16393457784769613,12,1
s054,-3.3412703773115364,0.6400021185071688,-0.027621042384383617,12,1
s054,-3.062565511489154,0.32770691663912,-0.14720111382823067,12,1
s054,-2.6422172620330335,0.591314529390591,-0.4723489232814808,12,1
s054,-2.4634105060746805,-0.4725228152578735,-0.23524554958658467,12,-1
s054,-0.8099443414276638,0.824174608494566,-2.600664352154514,50,-1
s054,-3.3887544861527434,0.4608228904499199,-0.05024680194945331,12,1
s054,-1.7893677530085796,-0.4043592671683132,0.6094613781117911,12,1
s054,0.4857237015880583,-0.7990436074243373,0.1890924487491899,40,-1
s054,-1.6331696599631302,-1.4649407694748653,0.09050066540046937,12,1
s054,-1.2586284375444592,-1.2272237767971796,-0.15245281337866698,53,-1
s054,0.008229798076051974,-0.2271797528460015,-0.009297932634202347,35,-1
s054,1.2086046185100223,1.0637608282716677,-3.5476017592169398,29,-1
s054,0.1822025301586342,0.6168153103964777,-1.5747988069325731,40,-1
s054,-1.5774097738586594,-1.3226787049436282,0.018504804576408008,9,1
s054,-1.9623952655459105,-1.4655431646697392,0.27129850438562,12,-1
s054,-2.132276139626247,-1.5306901266397106,-0.016958568281135546,53,1
s054,0.13012449331443285,-1.0983285069658244,-1.8397569947847472,47,-1
s054,-1.3893466421589415,-0.21693528802280637,-1.197768602133582,16,-1
s054,-2.2394927722775755,-1.3734125368385823,-0.1709523423677348,12,-1
s055,-1.7139087354523626,-0.7002349508616454,-0.8571317884702916,1,-1
s055,-1.6277712595582694,-0.0029579331838404024,0.2659134809687375,35,1
s055,-1.960733761458188,-0.7293410601662681,0.05018409265391488,1,1
s055,-1.3672500937890495,0.9234285763578639,1.454594995668695,35,-1
s055,-2.656075727261857,0.05897995029173333,-0.5140898424825672,1,-1
s055,-2.5094380333013633,-0.9725272472565339,0.013372150230385228,1,-1
s055,-2.7590402402459397,-0.680622209983201,-0.6991251619860387,1,-1
s055,-2.9069028997813944,-0.6568150693819002,-0.2570736725088721,1,-1
s055,-2.2876537648186304,1.4747137139514317,1.2514423008067608,35,-1
s055,-3.8328549074600335,0.3132703248773782,-0.37519933229945995,1,-1
s056,-0.636689942242447,3.88461305591812,-2.0987039319112646,16,-1
s056,-1.0149692988177437,3.836489420957335,-0.7051064679378206,7,-1
s056,-1.9541950078851347,2.8455442914023377,-0.8103783373814127,41,-1
s056,-2.0146143802616012,1.3702169362765826,-0.3484357781564071,12,-1
s056,-1.8119925558418366,0.6601704113456611,-0.5205093359450497,9,-1
s056,-2.2233675942712807,0.9461992027151358,0.49026466180944156,27,-1
s056,-2.102324943723663,2.621761097008321,1.1544151699994667,27,-1
s056,-2.6032520215885775,1.5623301025911411,-0.46166100852496583,27,-1
s056,-2.840713355375838,0.37828200313311244,0.07436695129896058,12,1
s056,-1.518237536037497,2.2131190968777923,-1.0160174466563519,47,-1
s056,-2.9182759631981505,0.9856130728297255,0.3860821892096405,12,-1
s056,-3.721325963064597,1.2056823568547195,0.17898892987494092,12,-1
s056,-1.3493196948900708,1.209560908052124,-1.0544387101033499,16,-1
s056,-1.6219295533022329,-0.7030630541888441,0.40138948544679,12,-1
s056,-1.5275461806429436,-0.030478816477737623,0.5772959122483272,44,-1
s056,-3.3251555992958073,0.6989491068872179,-0.13827495963597952,12,-1
s056,-2.443982370356252,1.1972277070449828,0.02451055363995721,12,-1
s056,-2.8224449523949335,-0.19971620657146344,-0.15545116876310858,1,-1
s056,-2.3633064532968655,0.8315449860655781,-0.7352981718779316,1,-1
s056,-2.9673669588480673,0.0814220322386276,-0.2086805133678106,1,-1
s056,-2.5900046887927117,0.013645135435190697,0.8289417603677683,12,-1
s056,-1.708235131371656,2.273777486179497,-1.737870255791776,7,-1
s056,-2.5529021848654767,2.558615192873085,0.33021389011572155,49,-1
s056,-2.475235837455585,0.10266837149396585,-0.0008782197056759484,12,-1
s056,-2.116525158087819,-0.0403727789067697,-0.6282879823094256,12,-1
s056,-2.4882273555810746,-0.7276184026238073,0.8312600824417933,12,-1
s056,-2.9065811055392974,1.3157278956139036,1.0152325200224832,49,-1
s056,-3.1237226874870543,0.5801491466842179,0.47531637551955846,12,-1
s056,-3.0612309534448947,0.020757431961859567,-0.30622906582390647,12,-1
s056,-3.1735157876831486,0.6314587171479847,0.06775950971405824,12,-1
s056,-2.7639600935183766,-0.005736233233169356,0.4438022607232292,12,-1
s056,-2.377875038386283,0.27131384489827476,1.2071109578744303,12,-1
s056,-1.8623577504231152,-1.7935699785066501,0.6366544331025669,12,-1
s056,-2.152858793642745,-1.752911441577268,-0.26875641132975564,12,1
s056,-1.8216333778201421,-1.1821273605972982,0.0012276531720387532,12,-1
s056,-2.881921796399571,-0.7501056343188649,0.020141114977223984,12,-1
s056,-2.5337921055107837,-0.9721758634267332,-0.36727680582383576,1,1
s056,-2.586538646944606,-0.39702890338582003,-0.10369042872565423,1,1
s056,-2.1244091917711496,-1.6306632000950734,-0.2527927852753138,12,1
s056,-2.379248467700291,-1.5227786073849325,-0.31496453552772347,1,1
s056,-2.320418458302845,-1.6512070545067956,-0.3528055742786782,12,1
s056,-1.1623248303136349,-0.730725513352756,0.24767759200351802,35,-1
s056,-2.108769700389924,-1.3199913287813152,-0.23658208984881487,1,1
s056,-2.098339033203692,-2.0231199756992235,-0.21729071673284867,53,1
s056,-1.6169520150358994,-0.8565784162552712,-0.2642213879661788,12,1
s056,-1.945986959328906,-1.1481359992586586,-0.4039828842575384,1,1
s056,-1.833664827708435,-1.8087555476098756,-0.14761260793621533,1,1
s056,-2.4528831193441714,-0.501205420731133,0.6246765883448725,12,-1
s056,-1.8972169525957692,0.8094938983905088,0.7130295100374584,1,-1
s056,-2.4009381144121655,-1.5412235240664751,0.13204781781131894,12,1
s056,-2.276075369341983,-0.8572256082695561,0.3799899924856706,12,-1
s056,-0.9705787184009111,-0.06376698119603735,1.7697554608780972,12,-1
s056,-2.338859954396832,-2.0981846334039336,-0.2573641289151598,12,1
s056,-2.0516945708061254,0.46061863392294305,0.625393177375806,12,-1
s056,-1.4067675404032913,0.24810896276121414,-1.7081749462512048,50,-1
s056,-3.552893637465495,1.4330852806857834,-0.4813957581834229,1,-1
s057,-0.6066298457281561,-1.5835568269983065,-0.032495442946136176,0,-1
s057,-0.5130134469583967,-1.7340034356011422,-0.1755237855176181,0,-1
s057,-1.9557792738934168,-1.1872147727505744,0.8157659699735852,0,-1
s057,-1.551340624190752,-1.2102876575297319,-0.6363663652336956,12,-1
s057,-1.9774979282548149,-0.8738396582277749,-0.3216293375602985,12,-1
s057,-1.158230004841992,0.21439266301571022,-1.5853221102169965,50,-1
s057,-1.2790206584479373,0.24790550310820803,0.03721343473790149,12,-1
s057,-0.39236334392931405,-0.026209597650225264,-0.4474974129451289,44,-1
s057,-1.8522665619615246,-2.2922281488111143,-0.3837960052076591,53,1
s057,-1.8549484362711914,-1.4981606102365006,-0.14046128204990102,12,-1
s057,-2.216528631312853,0.7566942611969097,-1.0974681946454827,27,-1
s057,-1.6932820468815628,-1.2519091904891253,-0.4542048155765337,12,-1
s057,-1.8499290335119494,0.8981085724306729,-0.4527194903415061,12,-1
s057,-0.797250937195788,-0.29405091189779986,0.395717633231293,12,-1
s057,-1.5382201543055245,0.07973573296722465,-2.1496340025082152,50,-1
s057,-1.9033049139534277,-0.6213548317707116,0.5004232997640423,12,-1
s057,-0.4037570295555009,-1.2745122083750378,-1.64873408566581,47,-1
s057,-2.3359973954173148,-0.5549521524655024,-0.37122400011716905,12,1
s057,-1.469463812046722,-1.3178522993128825,-0.7882225969496301,12,-1
s057,-1.6589180807838655,-1.1865263188854032,-0.19417725493853644,0,-1
s057,-1.1543644266699953,-1.827946417222081,0.4658678976258913,12,-1
s057,-2.3520106956283002,-0.5847618502428253,-0.09595096826265412,12,1
s057,-1.9026383637167457,-0.8196816796851192,-0.3886316770509596,12,-1
s057,-1.7885838417652937,-1.785387741502584,-0.5061220452448489,12,-1
s057,-1.8141643626359736,-1.5981121525646105,-0.48096142223678845,12,-1
s057,-0.48320676129649265,-1.2256308247189551,-0.5919519986327118,12,-1
s057,-1.8455580640356892,-1.5502893797026616,-0.3996230041305865,12,-1
s057,-1.8545108014059672,-1.1823445736693692,0.16518252640952377,12,-1
s057,-0.9431828945307468,0.8212634082933367,1.2897318914223286,35,-1
s057,-2.043032740949268,-0.5672717224479825,0.5754802557722024,12,-1
s057,-2.5480735266516636,1.046252421691158,-0.26669934899701336,12,-1
s057,-2.781840974338889,-0.6131023762979404,-0.25969763491330206,12,1
s057,-1.660397492415666,-0.7090024897032274,-0.6164915812537569,12,-1
s057,-1.7091763421712456,-0.14838330701424646,-1.1057900605549849,12,-1
s057,-1.4282029657106508,-1.3774633964007377,-0.1076347607733348,12,-1
s057,-2.7266222364835953,-1.4103127891771357,-0.22753561122063662,12,1
s057,-1.6225705530285186,-2.1303878089133876,0.03954774476541107,12,-1
s057,-2.0793356291944733,0.45554293936065116,-0.06067338411679451,12,-1
s057,-2.5036495414323072,-0.1664466543091673,-0.15845110104540172,12,-1
s057,-2.143128614789349,-1.8545111324324066,-0.35832438554402013,12,-1
s057,-1.4312418351978848,-2.1725777502714227,-0.41262082661363275,12,-1
s057,-1.244152227628289,0.39230255110851764,-1.8588498028284515,47,-1
s057,-1.8858261076768699,-1.8195527992007294,-0.7947178914517125,53,-1
s057,-3.121021890875321,-0.7726884474189444,0.2762647678112376,12,1
s057,-2.4610952092438647,-1.1923685706732876,0.1964082868017619,12,1
s057,-1.6897383981334928,0.1830382156148281,0.2561998821796142,12,-1
s057,-2.6120428584314817,-1.1137173431480651,0.1884995576103955,12,-1
s057,-3.0411225518687433,-0.5009003622021171,0.08402033611254982,12,-1
s057,-2.865244856639055,-0.478122914491719,-0.3004406639531216,12,1
s057,-2.1305710701433145,-0.5873312157171802,-0.9910771158755405,12,1
s057,-2.6993387850340893,-0.991280917009423,-0.4637091037331565,12,1
s057,-2.581625625433617,-1.629145899249455,-0.14854322459908534,12,-1
s057,-2.7554776070103904,-1.2583748366832674,0.23114021491020176,12,1
s057,-1.394138464514885,-1.2848564953701993,-1.4147615899859054,53,-1
s057,-2.0551924792473972,-0.2357283914209045,0.6851097477633574,12,-1
s057,-2.4130164801465908,-0.8699273546963674,0.20120397745051458,12,-1
s057,-3.019065730998277,-0.6888268604913738,-0.02433299280926258,12,1
s057,-1.847489657763008,-1.1565103729385915,0.15354910327836319,12,1
s057,-0.991545806458134,-0.48008699857812326,-1.2128390411931829,12,-1
s057,-2.5329579854514663,-0.8334800813184271,-0.3696259353166095,12,1
s057,-2.2059068987489066,-2.417406837625372,0.18801290751792576,53,1
s057,-2.5274771376800937,-0.9758204121497742,0.286191229188366,12,1
s057,-1.5510975380969216,0.5016147194652096,-1.1956772400358406,12,-1
s057,-1.8866884904287105,-1.5933889945687456,1.1402788987038488,12,-1
s057,-3.18683033400477,-0.35983257194763324,-0.03643126679329933,12,-1
s057,-2.2856629301571934,-1.7645724985724822,0.478534150521427,12,-1
s057,-2.5477795927688636,-0.8434477251126413,-0.42969288269417516,12,1
s057,-3.384363963830098,-0.20901839968497765,0.09604367625904463,12,1
s057,-0.33347215121439855,-0.9043295133798223,-0.8404501928677034,6,-1
s057,-2.491585150126279,-0.7234257314720066,-0.5798173454845581,12,1
s057,-2.5940456540889816,-1.3453151444561364,0.08858708698546874,12,-1
s057,-2.2810784580749415,-0.9909335738638815,0.7271779955227823,12,1
s057,-1.1231054298169976,0.1179352571320142,-2.442170128314031,50,-1
s057,-2.2554002925216667,-1.1037526032832026,-0.13149848538402037,12,-1
s057,-1.8407808998090605,-2.064047660191889,-0.16092130609268884,12,-1
s057,-2.462397832492672,-2.162829671789534,-0.08454773673233557,12,-1
s057,-2.309255318393715,-0.8566059789270134,0.011240934938862728,12,-1
s057,-3.3156003856904652,-1.129080068215833,-0.0045580500966961816,12,-1
s057,-1.6576326731406408,-1.4948940095294825,-0.5916513138007328,12,1
s057,-2.8391542343797425,-0.6070496323813772,-0.664105050362333,12,-1
s057,-1.5587504015748483,-1.8269237142729657,0.5538504826910426,53,-1
s057,-2.8911804158419367,-0.7275917049881778,-0.1673150334382652,12,1
s057,-2.6014839517666366,-1.5924026925354413,-0.2240196930252085,12,-1
